location_tag,river_level,original_coastal
pagan,5,False
borg,3,True
berbela,3,False
yinshaluo,3,False
katzenelnbogen,3,False
uyana,4,False
teocak,3,False
perm,3,False
chopim,3,False
chopim,4,False
urzhum,3,False
yanci,1,False
ncando,3,False
kyiv,2,False
kyiv,3,False
kyiv,5,False
khagaria,4,False
khagaria,5,False
mingyi,3,False
mingyi,5,False
gushan,3,False
bayan_susu,3,False
waluulapam,3,False
mattawa,1,False
mattawa,3,False
melenki,3,False
bondo,3,False
budaun,3,False
pangyang,4,False
yaporox,2,False
huili,4,False
kuanhe,3,False
sosnovy_ostrov,5,False
tumul,4,False
piumhi,3,False
anding_mashan,3,False
anding_mashan,4,False
koskoak,3,False
koskoak,5,False
ongoulastoga,3,False
chan_bo,3,True
yicheng,3,False
shizhao,3,False
shizhao,4,False
shizhao,5,False
palmas,5,False
jambi,3,False
donjek,3,False
staraya_mayna,4,False
ouasioto,4,False
amrabad,3,False
imbangala,3,False
shimian,3,False
ankoro,3,False
ankoro,4,False
tenggarong,4,False
lichtenberg,3,False
beaupreau,3,False
chapeco,3,False
jaboticabal,3,False
mobile,4,True
zamyany,5,False
umbra,3,False
koyukuk,3,False
koyukuk,4,False
charagua,3,False
tumba_ikoko,5,False
bombwi,3,False
ahrweiler,3,False
ahrweiler,4,False
jiyang,3,False
campo_mourao,3,False
minqing,3,False
penaca,1,False
penaca,3,False
yun,3,False
peribonka,3,False
pak_huei_lang,5,False
luling,3,False
godagari,5,False
niagara,1,True
niagara,4,True
niagara,5,True
vientiane,4,False
vientiane,5,False
jaiba,4,False
kaharlyk,3,False
iguazu,3,False
khamra,4,False
cangwu,3,False
cangwu,4,False
cangwu,5,False
satapo,3,False
karor,4,False
pithapuram,4,True
shendi,4,False
pankshin,5,False
devarakonda,3,False
kittila,3,False
nikopol,4,False
nikopol,5,False
bonanza,4,False
kaiguang,3,False
torun,3,False
taliepacana,3,False
quipana,3,False
batang,3,False
carasova,5,False
cerwecerna,3,False
cantagalo,3,False
ntiltxitk,4,False
ntiltxitk,5,False
vukovar,4,False
vukovar,5,False
barretos,3,False
barretos,5,False
magdeburg,3,False
lanzhou_lanzhou,3,False
coutins,3,True
krebedje,4,False
krebedje,5,False
koksharov,3,False
fiorenzuola,2,False
fiorenzuola,3,False
fiorenzuola,5,False
sariang,4,False
ruhptare,1,False
mainz,2,False
mainz,3,False
mainz,5,False
sylhet,3,False
qiaojia,4,False
qiaojia,5,False
mullheim,3,False
tit_ary,4,False
tit_ary,5,False
chandpur,4,True
chandpur,5,True
bogatye_saby,3,False
hajduszoboszlo,3,False
daya_kathyn,3,False
daya_kathyn,4,False
sletewsi,3,False
mukalombo,3,False
mukalombo,5,False
pahang,3,True
juque,3,False
juque,4,False
juque,5,False
avignon,3,False
pokrovskoye,1,False
pokrovskoye,4,False
pokrovskoye,5,False
nerekhta,3,False
kuozhou,4,False
kuozhou,5,False
sao_fidelis,5,False
zahuatan,4,False
yuanmou,4,False
shoma,3,False
pangu,3,False
lipno,3,False
tsivilsk,4,False
sime,5,False
sanyyakhtakh,4,False
sanyyakhtakh,5,False
gunaaxoo,3,True
dayao,3,False
mistanipi,3,False
pandua,3,False
khoja_idat_kala,3,False
shawanoe,3,False
sepauk,4,False
south_juma,3,False
jianchang_sichuan,3,False
wujiang_bozhou,3,False
barchkend,3,False
changqing,3,False
pelly_faro,3,False
youdian,3,False
yuechi,3,False
mengban_weiyuan,3,False
banan,5,False
lokera,1,False
lokera,5,False
moksobo,4,False
srey_sarchhor,5,False
dadandang,3,False
taquara,3,False
xiangshan_xinhui,5,True
xinhui,5,True
gujrat,3,False
kara,3,False
kara,4,False
kataka,1,False
kataka,4,False
pakpattan,3,False
dambwe,3,False
mailsi,3,False
ismail,4,False
ismail,5,False
korti,3,False
qerri,4,False
porto,3,True
gao,3,False
gotheye,3,False
kilmez,3,False
kilmez,5,False
jinglong,3,False
jinglong,4,False
jinglong,5,False
massabo,3,True
kuanda,3,False
yunnei,3,False
dobyaz,1,False
dobyaz,4,False
dobyaz,5,False
quigualtam,5,False
branicevo,4,False
branicevo,5,False
tyagacho,3,False
gongan,5,False
ksituan,3,False
hanguang,3,False
hanguang,5,False
ust_tsimla,3,False
babana,3,False
ikryanoye,5,True
puge,4,False
puge,5,False
palisema,3,False
kovin,5,False
nudarcha,3,False
nudarcha,5,False
rudrapur,4,False
chinchaga,3,False
xuanhua_nanning,3,False
xuanhua_nanning,5,False
kinabatangan,3,True
coiracoentanon,3,False
arnhem,4,False
jolom_konob,3,False
krasny_yar,5,True
yenotayevka,5,False
mohacs,4,False
yunkyur,4,False
zolotonosha,5,False
ostiglia,3,False
chabcha,3,False
xiangtan,4,False
vyadhapura,5,False
pontianak,4,True
linz,3,False
macha,4,False
coyaima,3,False
imangaq,4,True
nichabau,3,False
shwegu,3,False
shwegu,4,False
shwegu,5,False
irakinda,3,False
tuyen_quang,3,False
kampong_sraka_trey,3,False
ardatov,3,False
navidakh,3,False
mawkmai,4,False
hmawbi,5,False
moana_mussumba,4,False
ensisheim,3,False
tanah_putih,3,False
rastyapino,3,False
lanxi,3,False
weithali,3,False
nunu,3,False
baak,4,False
seyat,3,False
poligus,3,False
poligus,5,False
rouen,3,False
moosonee,3,True
changning_changning,4,False
licheng,3,False
peledui,3,False
kolomna,3,False
amersfoort,4,True
caratinga,3,False
qianwei,4,False
otrar,3,False
otrar,5,False
watang,3,False
sekkosi,3,False
tubigarao,3,False
pengshan,3,False
salaspils,3,True
wakmua_oin,3,False
gaoyuan_jinan,3,False
tuol_ta_mouk,3,False
sillanwali,3,False
palampet,4,False
palampet,5,False
naserpur,4,False
sonepur,3,False
sonepur,4,False
kapurthala,5,False
khurda,1,False
dajal,4,False
tungi,4,True
chedzurgwe,3,False
chedzurgwe,5,False
gambo,3,False
omdurman,3,False
omdurman,4,False
omdurman,5,False
fashoda,3,False
fashoda,4,False
fashoda,5,False
gimbi,3,False
dargol,3,False
goudel,3,False
lukenie,3,False
kongsvinger,3,False
tboung_khmum,5,False
zhengcheng,3,False
zhengcheng,5,False
kunjabangarh,4,False
banjar,5,True
yinshan,3,False
strasbourg,3,False
langqu,3,False
manmaw,4,False
talang_mamak,3,False
talang_mamak,5,False
binchuan,3,False
binchuan,5,False
solt,4,False
doboj,3,False
gaoyao,5,False
sarahan,3,False
basel,3,False
shakhty,3,False
musi_hilir,4,True
miskolc,3,False
lengshuitan,3,False
burg,3,False
sagaing,4,False
comacchio,3,True
tangdan,4,False
tangdan,5,False
tombigbee,3,False
hachberg,3,False
hanyang,3,False
farkhor,3,False
scharding,3,False
mushikitee,3,False
north_juma,4,False
north_juma,5,False
linxiang,5,False
khoro,3,False
chornobyl,3,False
chornobyl,5,False
zhangqiu,3,False
menahkwesk,5,True
wittenberge,3,False
bishan,4,False
bishan,5,False
zhiziluo,3,False
niobrara,3,False
ingapu,5,False
shtax_heen,3,True
south_letota,1,False
south_letota,3,False
opimika,5,False
quinnipiac,3,True
prayag,3,False
prayag,4,False
prayag,5,False
kitete,3,False
bohai,1,False
bohai,3,False
maubin,5,True
gomsi,4,False
daye,5,False
gengma,3,False
prasat_thong_lang,3,False
lubile,3,False
siyom,5,False
bol_shaya_martynovka,3,False
lom,4,False
butalin,4,False
amazar,3,False
koostaaka,3,False
khampa,3,False
amonokoa,3,False
amonokoa,5,False
voskresenskoye,4,False
miketo,1,False
qianjiang,3,False
yunlong,3,False
kreuznach,3,False
hehe,3,False
kutai_lama,4,True
otatitlan,3,False
kasekete,3,False
kasekete,4,False
kot_addu,3,False
kot_addu,4,False
matope,3,False
mukariva,3,False
mukariva,5,False
jhang,3,False
milange,3,False
kohtali,3,False
athmallik,4,False
bumbuzi,3,False
mutota,4,False
cuama,4,True
attock,3,False
attock,4,False
kpalime,3,False
nnewi,4,False
shemkhiya,4,False
soba,3,False
katsina_ala,3,False
katsina_ala,4,False
katsina_ala,5,False
fifinda,3,True
goundam,3,False
libore,3,False
say,3,False
yongping_yongchang,3,False
muxima_ayo,3,False
jiangan,4,False
mayen,3,False
mayen,4,False
kolymskoie,3,False
samarchyk,5,False
sumgut_vosh,5,False
dingyuan_lingzhou,3,False
winsen,3,False
baja_hungary,4,False
brahin,3,False
vyatskiye_polyany,3,False
nanchong,3,False
kale,4,False
moingwena,4,False
taihe_taihe,3,False
itabira,3,False
waingmaw,3,False
waingmaw,5,False
luzhang,3,False
muang_thaeng,3,False
belgrad,3,False
belgrad,4,False
cameroons,3,True
zalon_taung,4,False
bapunu,3,True
naungyo,5,False
enhe_hada,3,False
huacrachuco,3,False
mukdahan,4,False
nanxi,4,False
dzingcho,3,False
tinjar,5,False
chibwe,3,False
gorokhovets,3,False
cuango,3,False
mong_yai,4,False
tindirma,3,False
niah,3,True
kyakhta,3,False
golo_muiassa,5,False
pachan,5,False
wabasca,3,False
piantouguan,3,False
molodo,5,False
batchingou,3,False
ilucan,3,False
namieta,3,False
nizhny_novgorod,3,False
nizhny_novgorod,4,False
nizhny_novgorod,5,False
keta,3,True
horoshino,5,False
ouaka,4,False
waawiiyaataanong,5,True
baram,3,False
skitsetsen,3,False
skitsetsen,5,False
kanna,4,False
lahei,3,False
lahei,5,False
otun,3,False
eldikan,4,False
laskarpur,4,False
ngoc_ma,4,False
tiou,3,False
chena,3,False
cuttaway,3,False
fort_simpson,4,False
kibi,3,False
muskingum,3,False
muskingum,5,False
apucarana,3,False
mengtong,3,False
naguatex,3,False
naguatex,5,False
guiyang_hengyang,3,False
terbyas,3,False
zhaushikumtobe,3,False
lijin,3,True
nahanni,5,False
youyang,3,False
youyang,5,False
tata,4,False
tata,5,False
pocasse,1,False
pocasse,3,False
utsutigway,3,False
pinoh,3,False
okobojo,3,False
sochaczew,3,False
guarinoes,3,False
balagachchy,3,False
xojeli,3,False
cernavoda,4,False
rechnoye,5,False
shuntaneshnanga,3,False
ollo,3,False
chupanga,4,False
bargarh,3,False
masulipatnam,4,True
bunji,3,False
kahlur,3,False
uch,3,False
uch,4,False
uch,5,False
kandiaro,4,False
karor_2,4,False
tete,2,False
tete,4,False
tete,5,False
hajner,3,False
chiniot,3,False
bhadrachalam,4,False
mano,3,True
qasr_ibrim,4,False
abu_hamed,4,False
arbaji,3,False
gondokoro,4,False
logone_birni,3,False
nyamina,3,False
xiacai,3,False
baotong,3,False
moss,3,True
visesav,4,False
tutrakan,4,False
qlispe,3,False
jangipur,5,False
eseejja,3,False
eseejja,5,False
siegburg,3,False
churumekua,3,False
bykovo,5,False
paru,3,True
paru,5,True
arkhara,4,False
nanhai,5,False
zakroczym,3,False
thien_truong,4,True
manigotagan,3,False
chandrabad,5,False
balyktykol,3,False
burayevo,3,False
cegani,4,False
fehervar,4,False
charquis,3,False
charquis,4,False
charquis,5,False
gichthanne,4,False
thang_long,3,False
thang_long,4,False
ficarolo,3,False
bilgram,3,False
velyka_oleksandrivka,3,False
kipahigan,3,False
kerki,1,False
kerki,3,False
kerki,4,False
gunnaur,3,False
rotterdam,4,True
bacs,4,False
flix,3,False
rohat_kermen,3,False
sayniabuli,4,False
radom,3,False
kelif,1,False
shizhu,5,False
monghsu,4,False
kaifeng,3,False
suzhou,3,False
piletisipuk,3,True
rongshan,3,False
kaonde,3,False
champasak,3,False
matarjawira,1,False
matarjawira,3,False
ciechanow,3,False
chiang_khong,4,False
chiang_khong,5,False
linxian,3,False
chalkyitsik,4,False
baden,3,False
kiwigapawa,1,False
yarensk,3,False
mackenzie,5,False
bankutu,4,False
bankutu,5,False
lahontan,3,False
harsova,4,False
trogstad,3,False
mamadysh,3,False
mamadysh,4,False
longyou_jiading,3,False
longyou_jiading,4,False
mongmit,3,False
biswan,4,False
sabac,3,False
akilonda,1,False
braila,4,False
sernur,3,False
lucheng,3,False
rajnagar,3,False
isaccea,4,False
isaccea,5,False
manatara,1,False
manatara,3,False
xuanhua,4,False
xunhe,4,False
durgyeling,3,False
thaungdut,4,False
hucha_hudan,3,False
nuoluo,3,False
nuoluo,5,False
huaihua,3,False
atiya,5,False
missicabi,3,True
machang,3,False
malykovka,5,False
chalin,3,False
freienwalde,3,False
jujin,3,False
arauca,3,False
kuripan,3,False
kuripan,4,False
phnom_penh,3,False
phnom_penh,5,False
yongshan,4,False
tczew,3,False
luchow,3,False
pavlovo,3,False
muse,3,False
muse,4,False
grant_creek,4,False
tensas,2,False
tensas,3,False
kaskinampo,3,False
kaskinampo,4,False
danubyu,5,False
pasho,5,False
makanpur,3,False
barasuru,3,False
barasuru,4,False
barasuru,5,False
omerkot,4,False
muhammad_tur,4,True
karur_punjab,3,False
sargadwari,3,False
zumbo,3,False
arrah,4,False
nounkonkan,3,False
ugbo,3,False
ugbo,5,False
kosa,3,False
kaka,3,False
daw_sud,4,False
branko,3,False
dia,3,False
doba,3,False
goundi,3,False
basti,4,False
lolo,3,False
zimnicea,5,False
xiaoshan,3,True
xiaoshan,5,True
riga,3,True
kraho,4,False
hum,3,False
uele_ca,3,False
gigen,4,False
barnaul,3,False
moira,3,False
siriono,3,False
lower_aktanyshbash,3,False
selpils,3,False
ferrette,3,False
cabinda_kongo,5,True
guizhou_xunzhou,3,False
meshchersk,3,False
raznezhye,4,False
bungu_kongo,5,False
yumba,3,False
martaban,4,True
korenevo,3,False
hedong,3,False
angermunde,3,False
starodub_votsky,3,False
boowe,4,False
tinnaya,4,False
yanchang,3,False
nam_xuang,3,False
ruicheng,3,False
kwerba,4,True
futian,3,False
futian,5,False
kwilu,3,True
shanxian,3,False
nong_khay,4,False
riverie,3,False
shangjin,3,False
atacames,3,True
klewi,4,False
panatahuas,3,False
lingwu,3,False
qubodijon,3,False
qubodijon,5,False
muang_khemarat,3,False
kath,3,False
ayays,3,False
kamyshin,5,False
khamyab,4,False
boduna,5,False
hkamti,4,False
machecoul,3,True
silat,4,False
sutkent,3,False
apoquitaua,3,False
hulin,3,False
kori_bara_karaa_ancas,3,False
czersk,3,False
wando,3,True
weiyuan,3,False
guastalla,5,False
lubefu,3,False
ayo_ayo,1,False
maping,3,False
yor,3,False
nyzvar,3,False
lyuban,3,False
zhongli,3,False
griesbach,3,False
dymer,3,False
shiqian,3,False
tangkya,3,False
mengli,3,False
bolghar,4,False
jonang,3,False
myshuryn_rih,3,False
myshuryn_rih,5,False
mbewe,3,False
giurgiu,4,False
casalmaggiore,3,False
casalmaggiore,5,False
tanabi,3,False
lensk,4,False
htamanthi,4,False
yusha,3,False
rashid,3,True
giza,3,False
giza,4,False
boli,3,False
boli,4,False
achan,3,False
mikkwa,4,False
aizkraukle,3,False
jingling,3,False
dannenberg,3,False
bagayevskaya,3,False
luapula,3,False
naxi,4,False
naxi,5,False
yongchuan,5,False
muchuan,3,False
onimgohow,3,False
chojna,3,False
yamachiche,3,False
iguape,3,True
swiecie,3,False
zhaohua,3,False
kafaila,3,False
amyint,4,False
srok_khleang,5,True
witym,3,False
witym,4,False
shishou,5,False
dinkot,4,False
vijayapur,2,False
vijayapur,3,False
vijayapur,5,False
nkee_us,1,False
koasati,3,False
khosheutovo,5,False
sanshui,2,False
sanshui,3,False
sanshui,4,False
sanshui,5,False
moapa,3,False
lopburi,3,False
santo_antonio,3,False
tayaccasa,3,False
sungai_jujuhan,3,False
ekwentondie,3,False
byuteydyakh,3,False
blackwater,4,False
nedong,3,False
porte,3,False
lukulunga,3,False
donglan,3,False
jalalabad,3,False
pouss,3,False
isakhel,4,False
chamo,3,False
rath,3,False
rasyal,3,False
chishtian,3,False
mankera,3,False
mankera,5,False
angul,4,False
chunar,4,False
hala,4,False
warri,4,False
waylula,3,False
faras,4,False
koulikoro,3,False
segou,3,False
puyang,3,False
oohl,3,True
cumaribo,4,False
hamar,3,False
bumbuli,3,False
shadodkot,4,False
kabachischi,4,False
lodose,1,False
lodose,3,False
khanda,4,False
skardu,3,False
kalassa,3,False
yakesa,3,False
bengmara,4,False
jinkang,4,False
hulu_mahakam,3,False
hulu_mahakam,5,False
yongning_baisheng,3,False
yongning_baisheng,5,False
mbanza_soyo,5,True
aklaviq,5,False
calafat,4,False
kinhama,3,False
kinhama,5,False
kletskaya,3,False
ocanga,3,False
zadian,4,False
indrapura_khmer,5,False
wuxian_liuzhou,3,False
wuxian_liuzhou,4,False
wuxian_liuzhou,5,False
buda,3,False
buda,4,False
kamla,3,False
kamla,5,False
yemelyanovo,4,False
ayo,3,False
esztergom,3,False
esztergom,4,False
urua,3,False
jomda,3,False
jomda,5,False
loengowe,3,False
sarapul,4,False
sarapul,5,False
bikoro,3,False
bikoro,4,False
bikoro,5,False
dyryn_ebe,4,False
aarau,3,False
taksimo,3,False
songzi,5,False
yelovo,3,False
koroa,3,False
gromatukha,3,False
lingzhou,3,False
samye,3,False
suki,4,True
cahokia,4,False
simmern,3,False
laish,4,False
sicasica,1,False
ethapetha,3,False
ethapetha,4,False
macaregua,3,False
osa,3,False
selimbau,4,False
putao,3,False
mitimiri,3,True
nehantuck,3,True
misha_shipu,3,False
leko,3,False
mantova,3,False
tamaroa,4,False
lodi,1,False
akinka_nup,3,False
akinka_nup,5,False
salay,5,False
dipayal,3,False
abrahamtelke,4,False
sadiya,4,False
aiwanj,4,False
lanyang,3,False
damanhur,3,False
atfih,4,False
qus,4,False
ambalanjakomby,3,False
qena,4,False
nantes,3,True
samarra,3,False
dayr_aqul,3,False
dayr_aqul,5,False
abdas,3,False
abdas,5,False
tabqah,3,False
raqqa,3,False
jean_marie_river,4,False
curahuara,1,False
curahuara,3,False
lyskovo,5,False
lujiang,3,False
chelmno,3,False
nandan,3,False
shar_yelpuk,3,False
xingyang,3,False
baode,3,False
oppenheim,3,False
aha_macav,3,False
mangapet,4,False
hinthada,5,False
birches,5,False
bazas,3,False
sreepur,5,False
tongzhou,3,False
kamyskala,3,False
namhkan,3,False
gunza_anbamba,3,False
da_giang,3,False
birma,3,False
gaur,3,False
lahasusu,3,False
hequ,3,False
nijmegen,4,False
muong,3,False
winnee,3,False
tamalameque,4,False
daklha_gampo,3,False
hulu_melawai,3,False
aroostook,3,False
emei,3,False
namling,3,False
watappo,5,True
lauenburg,3,False
pabna,3,False
sanga_kongo,5,False
pochutla,3,False
kontagora,5,False
wloclawek,3,False
hengyang,2,False
hengyang,3,False
hengyang,5,False
ryazan,3,False
that_phanom,4,False
srebrenik,5,False
palembang,4,False
palembang,5,False
poskatinak,4,False
dep,3,False
ballia,4,False
ballia,5,False
salyan,3,True
varanasi,4,False
dera_ismail_khan,4,False
kothagudem,4,False
central_meetto,4,False
central_meetto,5,False
kashmore,4,False
mikindani,4,True
raigadh,3,False
etawah,5,False
asadabad_kunar,3,False
banihal,3,False
kantit,4,False
muyove,3,False
massanza,4,False
massangano,5,False
konch,3,False
lapai,4,False
ozoro,4,False
nupeko,3,False
yoko,3,False
singa,3,False
alays,3,False
ed_damer,4,False
bourem,3,False
macina,3,False
gourma_rharous,3,False
lau,3,False
lau,5,False
yingde,5,False
nizhny_chir,3,False
jiazhou,3,False
jiangning,5,False
lichiresti,5,False
shouchun,5,False
jiande,3,False
chesnokovka,3,False
tarrana,3,False
belabo,4,False
belabo,5,False
kansas,3,False
kansas,5,False
badong,5,False
botucatu,3,False
andar,4,False
krenak,3,False
callamaco,3,False
solovtsovo,5,False
inowroclaw,3,False
gorkovskoye,3,False
mariua,3,False
jekabpils,3,False
liova,3,False
lanzhou,3,False
lanzhou,5,False
sanggau,4,False
siberia_abalak,3,False
enselxcin,4,False
pawwikamsipi,3,False
suzun,3,False
ndyuka,3,True
lewekeomi,4,False
sao_sebastiao_paraiso,3,False
uberaba,3,False
uberaba,4,False
kezhma,4,False
chyormoz,3,False
mobaye,3,False
vienne,3,False
lyubichi,3,False
mayumba,3,True
kaeti,4,False
kaeti,5,False
sanaga,3,False
karymkary,5,False
siang,4,False
chymnaii,4,False
diaomen,3,False
shilovo,3,False
boma,5,False
kawahib,3,False
shayang,3,False
lucala,3,False
maganasipi,1,False
khulm,4,False
lingbao,3,False
heves,3,False
puqi,5,False
kagawask,5,False
pinglu,3,False
thatta,4,False
vorontsovo,3,False
paranaiba,5,False
aksay,3,False
srednyaya_akhtuba,5,False
mianchi,3,False
bohan,3,False
bohan,4,False
bohan,5,False
gostynin,3,False
tsangdram,3,False
sioma,3,False
kysyl_syr,4,False
thakhek,2,False
qingjian,3,False
metica,4,False
myitkyina,3,False
myitkyina,5,False
kanawha,3,False
kanawha,4,False
kanawha,5,False
muong_cha,3,False
snk_mip,5,False
chekmagush,3,False
yilong,3,False
mingsha,3,False
marxa,4,False
kahayan,3,False
sarare,3,False
fuchuan_ningxia,3,False
choccalpata,3,False
landau,3,False
uraqai,3,False
kinozhesipi,1,False
kinozhesipi,3,False
kinozhesipi,5,False
gattaran,3,False
gattaran,5,False
solikamsk,3,False
perevitska,3,False
cupilco,4,True
kungur,3,False
jishui,3,False
kholmogory,4,False
ebejico,1,False
winokapau,3,False
sansanding,3,False
kremenskaya,3,False
nyuya,4,False
jiangxia,3,False
jiangxia,5,False
azok,3,True
anilco,3,False
anilco,5,False
wels,3,False
ramsis,3,False
beni_suef,4,False
aswan,4,False
minya,4,False
sharuna,4,False
gerger,3,False
rahba,3,False
khalis,3,False
karbala,3,False
an_nil,3,False
al_madar,3,False
xiangyang,5,False
mergui,3,True
alpo_wa,3,False
anhua_anhua,3,False
mussimi,4,False
tutilcoya,3,False
santee,3,False
chumuch,1,False
chumuch,3,False
zhaoxin,1,False
ulakhan_an,4,False
dibrugarh,5,False
nodaway,3,False
mendawai,3,True
coblenz,4,False
luorong,3,False
caisaboscai,3,False
jurbarkas,3,False
fengqiu,3,False
quy_hoa,3,False
ngume,3,False
bama,3,False
suidong,3,False
bydgoszcz,3,False
yanesha,3,False
lashio,4,False
hancheng,3,False
chelan,4,False
fancheng,3,False
daxunhyuu,3,True
balagannakh,3,False
balagannakh,4,False
balagannakh,5,False
bussa,3,False
gana_damate,4,False
bagua,3,False
bagua,5,False
igan,4,True
songye_kongo,3,False
mahu,4,False
itanhomi,3,False
itanhomi,5,False
pitchibourenik,3,True
nowe,3,False
nalolo,3,False
chandpur_uttar_pradesh,3,False
idkabue,3,False
yukte,3,False
kotri,4,False
sirhind,3,False
mithankot,4,False
ranikot,4,False
khushab,3,False
agror,3,False
macherla,3,False
kol,3,False
samasingha,3,False
asni,3,False
jansath,3,False
busal,3,False
sitpur,3,False
sitpur,4,False
sitpur,5,False
pindi_gheb,4,False
wukari,3,False
soddo,3,False
el_metemma,4,False
ayerou,3,False
bousso,3,False
kom_ombo,4,False
tongling,5,False
huoqiu,3,False
fuyang_hangzhou,3,False
shenmu,3,False
humati,3,False
ust_sysola,3,False
caniapiscau,5,False
luxi,3,False
inuviq,3,False
inuviq,5,False
mayaba,3,False
mayaba,4,False
mayaba,5,False
minusinsk,4,False
lutava,3,False
tiotoren,1,True
linjiang,5,False
yeniseysk,4,False
guajobos,4,False
pambala,3,False
scw_exmx,5,False
uinkaret,3,False
deren,5,True
cabo_formoso,4,True
kaarendy,3,False
baronsk,5,False
banjabi,3,False
araquara,3,False
newenken,1,False
newenken,3,False
bayombe,3,False
okhannoye,3,False
bordeaux,3,True
modos,3,False
omoloon,3,False
hacaritamas,1,False
nizhnyaya_toyma,3,False
nizhnyaya_toyma,4,False
rao,3,False
kaiama,3,False
nazimovo,5,False
choele_choel,3,False
koryazhma,3,False
tolna,4,False
kucevo,4,False
shawinigan,3,False
valparaiso,3,False
valparaiso,4,False
valparaiso,5,False
dukhovnitskoye,5,False
barayy,4,False
kiriras,3,False
esk_el,3,False
patos,3,False
shungopavi,3,False
dura,5,False
guide,3,False
pest,4,False
buayan,3,False
kai_theli_ke_hot_inne,4,False
kai_theli_ke_hot_inne,5,False
siri_do,4,False
libonta,3,False
tumbalala,4,False
krenye,3,False
nagina,3,False
araes,3,False
araes,5,False
guanambi,1,False
guanambi,4,False
guachoyo,5,False
moxos,3,False
tupinamba,3,True
changyuan,3,False
petrovaradin,3,False
petrovaradin,4,False
petrovaradin,5,False
hebin,3,False
stepanevka,3,False
kurung,3,False
takhir,3,False
tohome,3,False
staraya_ryazan,3,False
calabar,4,True
tuktoyukiuq,5,False
caparo,3,False
bhagalpur,5,False
sandan,5,False
yusva,3,False
qujiang,3,False
puan,3,False
karipuna,5,False
muang_xay,3,False
muang_xay,4,False
muang_xay,5,False
tapajo,5,False
nikahionhwakowa,4,True
piacenza,1,False
piacenza,3,False
ponkhockie,3,False
huaying,3,False
tormosin,3,False
passos,3,False
freiburg,3,False
wetwin,3,False
wetwin,5,False
tatarskaya_tesyu,4,False
essequibo,5,True
offenburg,3,False
nkata,3,False
dongsheng,3,False
muang_mang,5,False
berezhnovka,5,False
ningbian,3,False
pengshui,3,False
pengshui,5,False
selo_yartsevo,5,False
ceibal,3,False
chana,3,True
chana,4,True
malye_oserki,3,False
pereiaslav,3,False
pereiaslav,5,False
ukek,5,False
lumbini,3,False
kaxa_marca,1,False
kaxa_marca,3,False
olenegorsk,3,False
bkwejanong,5,True
palikur,3,True
huitong,3,False
nagavskaya,3,False
el_burullus,3,True
hiw,4,False
manfalut,4,False
nuba_sud,3,False
nuba_sud,4,False
nuba_sud,5,False
cermik,3,False
samsat,3,False
mosul,3,False
mosul,5,False
abu_kemal,3,False
samawa,3,False
basra,3,False
basra,4,False
numaniyyah,3,False
pravaya_khetta,3,False
avaes,5,False
yapeyu,3,False
yapeyu,4,False
patoka,3,False
patoka,4,False
shigatse,3,False
ramnagar_bihar,3,False
gabin,3,False
kaniv,3,False
maanaagi_iixodagish,3,False
zharzhan,5,False
zhijiang,5,False
baxian,4,False
yakovlevskoye_bolshoye,3,False
tana,3,True
aigun,4,False
aigun,5,False
rovnoye,5,False
amaye,3,False
matoueska,3,False
eket,4,True
qingjiang,4,False
zacatollan,1,True
kisatchie,3,False
sm_algyax,3,True
ilovlya,3,False
pingchuan,3,False
usolye,3,False
usolye,5,False
tyokhtyur,4,False
carmacks,3,False
cocamas,3,False
scqescilni,4,False
nlaka_pamux,3,False
nlaka_pamux,4,False
nlaka_pamux,5,False
thilane_hot_ine,3,False
andaki,3,False
szabolcs,3,False
wishram,4,False
arguvan,3,False
mocoa,3,False
guancheng_zhengzhou,3,False
chetilla,1,False
chetilla,3,False
daban,4,False
zhongmu,3,False
amaga,3,False
chinook,4,True
baishan,3,False
cukataw,4,False
deskenetlata,4,False
mongkawng,4,False
sviyazhsk,4,False
sviyazhsk,5,False
apure,4,False
ahsenisiipi,3,False
ahsenisiipi,5,False
doustioni,3,False
doustioni,5,False
upper_yukon,4,False
gitxsanimaax,3,True
kaipeshimushich,3,False
eminabad,3,False
sialkot,3,False
pindi_bhattian,3,False
kondapalli,3,False
kondapalli,4,False
chindre,4,True
jammu,3,False
chikowa,4,False
baran,3,False
oxford,1,False
kisiju,3,True
dera_ghazi_khan,4,False
chilas,3,False
jaunpur,4,False
sherbro_island,3,True
el_manaqil,3,False
kerma,4,False
renk,3,False
guba,4,False
al_rusayrisi,4,False
ansongo,3,False
gaia,3,False
hezhou_he,5,False
dongliu,5,False
st_at_imcets,3,False
drastar,4,False
drastar,5,False
privas,3,False
qingshen,3,False
tukulan,4,False
mongtung,4,False
praiba_sul,3,False
verkh_chebula,3,False
luocheng,3,False
marimba,3,False
uzes,3,False
kyat_kala,3,False
stung_treng,3,False
stung_treng,5,False
xerente,3,False
xerente,4,False
lyon,3,False
lyon,5,False
chastye,3,False
purnia,5,False
khakhaly,4,False
kutarka,3,False
putyatino,3,False
kitchissippi,5,False
reading,1,False
oleshia,5,True
sittaung,3,True
luoxiu,3,False
cangxi,3,False
cayubaba,4,False
mocana,4,True
kostroma,3,False
yichuan,3,False
hamburg,3,True
koponovo,3,False
sapukaia,5,False
magyarovar,4,False
kyyindy,4,False
ban_luang_cheng,3,False
caroni,5,False
ceheng,3,False
kalispel,3,False
hezhou,3,False
xincheng_xincheng,4,False
kichkas,3,False
myedu,4,False
kamchatsk,3,True
kalapuya,3,False
boluo,3,False
gananoque,4,True
bakhtinsky,3,False
bakhtinsky,5,False
porto_tibirica,3,False
porto_tibirica,4,False
angers,3,False
chudovo,1,False
chudovo,2,False
chudovo,3,False
chudovo,5,False
akwen,3,False
tsa_tinne,5,False
mrauk_u,3,False
piratinin,5,True
xunyang,3,False
qashliq,3,False
qashliq,4,False
mang_viet,3,False
uru_pa_in,3,False
towosaghy,4,False
towosaghy,5,False
tawahka,3,True
jiyin,3,False
tetyushi,4,False
bororos,4,False
verkhotomsk,3,False
xicheng,3,False
beya,3,False
jishi,3,False
chagu,3,False
halchidoma,3,False
wied,3,False
akokpaq,3,True
chiripa,3,False
xicallanco,4,True
araska,3,False
changan,3,False
changan,5,False
itanagar,4,False
itaboa,5,False
ferrara,3,False
batamay,4,False
batamay,5,False
pakokku,4,False
pakokku,5,False
sandonnino,3,False
adyumba,4,True
adyumba,5,True
guarzo,1,False
yukonda,4,False
paranabuku,4,False
chucutitlan,3,True
kangu,3,False
mum,3,False
novosyolovo,4,False
liubech,3,False
madi_yuanling,3,False
bimbia,3,True
lega_kongo,3,False
amnye_machen,3,False
solothurn,3,False
zimba,3,False
ostrovskoye,3,False
ostrovskoye,5,False
kaitangata,3,True
scheibbs,3,False
tomakivka,3,False
tomakivka,5,False
freistadt,3,False
wycombe,1,False
mariocai,5,True
brass,4,True
tanjung_palas,3,True
qichun,5,False
yaguari_guazu,2,False
yaguari_guazu,4,False
yaguari_guazu,5,False
kengkham,4,False
tulsa,3,False
glukharinyi,3,False
araripocone,4,False
tula_ark,3,False
idah,4,False
awadh,4,False
tehcha,3,False
tehcha,4,False
el_bahnasa,4,False
el_balyana,4,False
nindi,3,False
urfa,3,False
malatya,3,False
saumur,3,False
kahta,3,False
kufa,3,False
bakusaya,3,False
abadan,4,True
nasiriyah,3,False
manbij,3,False
orasul_de_floci,4,False
amahami,3,False
yunxi,3,False
nasacauso,3,False
kamashikamach,3,False
churkampa,3,False
segyan_kyuyol,4,False
kitchawanc,3,False
matabichuan,3,False
marapa,1,False
marapa,3,False
kazungala,3,False
ayodhya,3,True
chennur,4,False
muichi,3,False
muichi,4,False
yguazu,3,False
qianyang_yuanzhou,3,False
dzogang,3,False
connatachequa,1,False
connatachequa,3,False
aguyaq,1,True
aguyaq,3,True
aguyaq,5,True
twante,5,False
saskatchewan,3,False
lamego,3,False
humar,3,False
lai_chau,3,False
chalten,3,False
fengle,3,False
khoai_chau,4,False
tutong,3,True
ruichang,5,False
tampu_machay,3,False
calli,4,False
kwatsaan,3,False
syagannaax,3,False
dinghu,3,False
mamyn,3,False
yedey,4,False
saint_paul_river,3,True
lihua,3,False
amalyk,3,False
amalyk,5,False
yuanyang,3,False
dobrzyn,3,False
la_tour_du_pin,3,False
boas,3,False
goupingguan,3,False
dechang,3,False
mahony,3,False
mahony,4,False
mahates,4,False
nurgan,2,True
barotse_kongo,1,False
kangule,3,False
mulhouse,3,False
sura,1,False
junk_river,3,True
langzhong,3,False
langzhong,5,False
tiel,4,False
rampart,4,False
huarong,5,False
talok,5,False
kadyy,5,False
archar,4,False
bakele_kongo,3,False
bakele_kongo,4,False
bakele_kongo,5,False
khaliajuri,4,False
khaliajuri,5,False
simiti,2,False
simiti,5,False
mallig,3,False
puctlan,5,True
narsinghpur,1,False
narsinghpur,4,False
jalandhar,3,False
ghotki,4,False
rekapalle,4,False
kohat,4,False
khairpur,3,False
jijial,3,False
firozpur,3,False
sehwan,4,False
sehwan,5,False
peshawar,3,False
peshawar,5,False
moro_sindh,4,False
lalpur,3,False
tangir,3,False
dongola,4,False
sennar,3,False
sai,4,False
dieribakoro,3,False
cananeia,3,True
guntur,3,False
guntur,4,False
jiangyin,5,True
fanchang,5,False
wuwei,5,False
yingshang,3,False
mindouli,5,False
apiaka,4,False
surgut,5,False
kozmodemyansk,4,False
grudziadz,3,False
dubovskoye,3,False
teweh,3,False
tanana,4,False
samba,3,False
kortuz,4,False
kushinagar,3,False
ahuya_yari,3,True
astrakhan,5,True
valence,3,False
takspaslama,4,False
uruguay,1,False
uruguay,2,False
uruguay,4,False
uruguay,5,False
zhaozhou_jurchen,3,False
zhatai,4,False
kuruaya,5,True
allakaket,4,False
kulpi,3,True
barito,3,False
barito,4,False
rampa,4,False
mamachatpam,3,False
mamachatpam,5,False
konwargaon,5,False
pelalawan,3,True
bodrog,4,False
snt_t_ulix,4,False
zainsk,4,False
hytop,3,False
zheshart,3,False
ragnit,3,False
tongle,3,False
siberia_bor,5,False
natchez,5,False
sailahai,3,False
batang_tabir,3,False
batang_tabir,5,False
qidong,3,False
pozega,1,False
tiete,3,False
utaya,3,False
hejiang,4,False
semikarakorsk,3,False
nariele,3,False
igaracu,3,True
markham,3,False
sol_velikaya,3,False
bida,3,False
arechuna,3,False
bojaya,3,True
bojaya,4,True
gaoming,5,False
jiajin,4,False
hont,3,False
kamniga,3,False
tupirama,4,False
tupirama,5,False
enxet,2,False
enxet,4,False
matootonha,1,False
matootonha,3,False
kazachinskoye,4,False
village_onega,3,True
suide,3,False
zhongxiang,3,False
sremska_mitrovica,3,False
sremska_mitrovica,4,False
klutina,3,False
nabagram,3,False
swarakxen,3,False
dingi,5,False
chiang_khan,4,False
megion,3,False
megion,4,False
megion,5,False
kowal,3,False
nisga_a,5,False
chiang_saen,4,False
ratnagiri,4,True
ratnagiri,5,True
simbirsk,4,False
rinpung_yarlung,3,False
rinpung_yarlung,5,False
bauru,3,False
feira,3,True
tara,3,False
tanico,3,False
hejin,3,False
jiaxing,3,False
yuryev_povolzhsk,3,False
yuryev_povolzhsk,5,False
lakhimpur,3,False
yanhe,3,False
yanhe,5,False
hackensack,3,True
olekma,5,False
kahayan_hilir,3,True
manuais,3,False
rohrbach,3,False
mengla,4,False
mengla,5,False
jizhou,3,False
pende_kwila,3,False
tahamies,3,False
canastra,3,False
bahraich,4,False
anais,3,False
anais,4,False
itapua,5,False
tam_dai,3,False
tam_dai,4,False
qujiang_guangan,3,False
eskalapia,4,False
eskalapia,5,False
bakhanay,5,False
velyka_lepetykha,3,False
velyka_lepetykha,5,False
yonghe,3,False
calbe,5,False
kolosovka,3,False
oryahovo,4,False
oryahovo,5,False
sambhal,3,False
wanan,5,False
thaton,4,True
thaton,5,True
pandua_adina,3,False
wuhe,3,False
rigyal,4,False
xilong,3,False
cremona,3,False
chioggia,3,True
phon_hong,1,False
phon_hong,4,False
phon_hong,5,False
cherlak,3,False
karnak,3,False
dondo,3,False
yaros,3,True
shilou,3,False
huangcaoba,3,False
menouf,3,False
ashmunayn,4,False
esna,4,False
el_buwit,4,False
suruc,3,False
birecik,3,False
al_sinn,3,False
hillah,3,False
al_tib,3,False
suq_al_shuyukh,3,False
al_bab,3,False
yongchang_yongchang,3,False
severin,4,False
tumba,3,False
wogamusin,3,False
wogamusin,5,False
ban_khon,4,False
xinan,3,False
saint_etienne,3,False
opelousa,3,False
opelousa,4,False
opelousa,5,False
iscuande,3,True
yaguachi,3,True
yaguachi,5,True
leopoldina,3,False
colombayma,3,False
kaluba,3,False
yolombo,3,False
omo,3,False
tomsk,3,False
tomsk,4,False
ningfan,3,False
congona,1,False
savannakhet,4,False
ningxia,3,False
taungdwingyi,5,False
gabun,3,False
guanghua,3,False
oli_baraza,3,False
phsar_dek,5,True
cussate,3,False
cussate,4,False
liujiang,3,False
machichi,3,True
sesayap,3,True
sotachiro,3,False
myede,5,False
bysyttakh,3,False
nemby,4,False
nemby,5,False
gryfow,1,False
gryfow,3,False
pungo_ndongo,3,False
mahmudabad,3,True
multnomah,3,False
multnomah,4,False
mfumu_bekussu,3,False
saharsa,4,False
saucunk,3,False
nograd,3,False
bomokandi,3,False
bomokandi,5,False
huanglong,3,False
callapa,1,False
callapa,3,False
mangshi,3,False
oromocto,3,False
mong_hsat,4,False
heyang_xian,3,False
pur,5,False
wolmirstedt,3,False
dongguan,3,True
lusambo_qandu,3,False
sondor,5,False
aowa,3,False
aowa,5,False
becaguimec,3,False
danilov,3,False
danilov,5,False
vu_ninh,4,False
quicuima,3,False
tondibi,3,False
houguan,3,False
qihe,3,False
rongcheng,4,False
harburg,3,False
son_la,3,False
laribandar,4,True
sonepur_bihar,3,False
baud,4,False
dipalpur,3,False
srisailam,3,False
chitrakuta,4,False
banda,3,False
kutlehar,3,False
peddapalli,4,True
baligram,3,False
sonda,4,False
rahon,3,False
multan,3,False
lalian,3,False
dunga_bunga,3,False
wad_madani,3,False
wad_madani,5,False
berber,4,False
karima,4,False
dabarqi,3,False
assosa,3,False
kokorou,3,False
kukiya,3,False
siguiri,3,False
anundsjo,3,False
dangtu,3,False
hangzhou,3,True
mitchigamea,1,False
mitchigamea,3,False
mitchigamea,4,False
mitchigamea,5,False
pingnan,4,False
kholongsolokh,4,False
yanchuan,3,False
ku,3,False
messoyakha,3,False
zhebariki_khaya,4,False
uyapari,5,False
uftyuga,3,False
katihar,3,False
baodian,3,False
wuzhi,3,False
winyah,3,True
chitina,3,False
akropong,3,True
guwan,3,False
metog,4,False
metog,5,False
niurba,3,False
anambe,5,True
pokrovsk,5,False
yongning_hengzhou,3,False
dartsedo,3,False
urucurituba,4,False
bolkhuny,5,False
balcheta,1,True
balcheta,3,True
kamiahpu,3,False
khvorostyanka,5,False
krasnoyarsk,4,False
kanchanaburi,3,False
passo_fundo,3,False
passo_fundo,5,False
caspe,3,False
wutun,4,False
fugu,3,False
pantian,3,False
nam_thing,4,False
gniew,3,False
bendi,3,False
bendi,4,False
densatil,3,False
yangshou,3,False
yangshou,4,False
catan_lil,3,False
choco,3,True
sohra,3,False
passau,1,False
passau,3,False
shunde,5,True
hpa_an,4,False
wengshui,3,False
wengshui,5,False
mihalt,4,False
ruse,4,False
beljamen,3,False
beljamen,5,False
paranaidji,4,False
kamen,3,False
stswecen_c,3,False
viziru,4,False
pingyin,1,False
pingyin,3,False
tharrawaddy,5,False
hajipur,3,False
hajipur,5,False
circle,4,False
madhubani,3,False
madhubani,5,False
mehin,4,False
bwambe,3,True
lokono,3,False
bojamba,3,False
tuma,3,False
awa_brazil,3,False
qianlong,3,False
yuracare,3,False
bauzi,4,False
goleniow,1,True
wenxiang,3,False
uruaitis,3,False
yuncheng,3,False
braunau,3,False
nyemo,3,False
itonama,3,False
itonama,4,False
itonama,5,False
passavant,2,False
passavant,5,False
shidian,3,False
q_espiea,3,False
tapuitapera,3,True
jaintiapur,3,False
ibrahimabad,4,False
murom,3,False
nikolsky,3,False
tukuringra,3,False
muara_bahan,4,False
van_ban,3,False
bo_hai_khau,4,True
tuyandina,3,False
linjin,3,False
mingin,4,False
osaakiiwaki,5,True
kuta_watu,3,True
patharkandi,3,False
azamgarh,4,False
gonda,4,False
plenita,4,False
ried,3,False
glaz,3,False
mechet,3,False
mechet,5,False
miranha,3,False
edfu,4,False
kharibta,3,False
mbinga,5,False
kutu,3,False
north_yao,3,False
eruh,3,False
hit,3,False
baqubah,3,False
wasit,3,False
zuwayr,4,True
deir_ez_zor,3,False
duhok,3,False
kaltysyany,5,False
ibotirama,4,False
hongsa,5,False
oheyandewa,4,False
fengchuan,4,False
bettiah,3,False
chishmy,3,False
hanyuan,3,False
tame,3,False
wicontiss,1,True
wicontiss,3,True
mabila,5,False
naser,3,False
sobat,3,False
sobat,4,False
injangyang,3,False
wulong,3,False
lado,4,False
meshra_er_req,3,False
takutu,3,False
takutu,4,False
amulaca,3,False
taquarucu,4,False
taquarucu,5,False
kozhevnikovo,3,False
kuujjuaq,3,True
longquanping,3,False
curu_leufvu,3,True
nioman,4,False
nioman,5,False
dordrecht,4,True
daning,3,False
ust_vayenga,4,False
awyu,3,False
nechi,3,False
uatuma,4,False
ouachita,3,False
nooksack,4,False
nooksack,5,False
bula_kongo,5,False
pont_audemer,3,True
uru_eu_wau_wau,3,False
toniato,4,False
piachi,3,False
muli,3,False
chillupar,4,False
kapela,3,False
boali,4,False
qom_caia,3,False
konski_vody,3,False
cuitzeo,3,False
macoupin,3,False
macoupin,4,False
macoupin,5,False
nikolskoye_pontic,5,False
chibango,3,False
atahachi,3,False
bulun,4,False
willka_pampa,3,False
aerzhai,3,False
mykytyn_rih,5,False
cocorna,4,False
zazhimchar,3,False
petawawa,1,False
petawawa,3,False
lafkenmapu,3,True
kaniatarahontsi,5,False
manhattan,3,True
sawran,3,False
telen,3,False
awen,3,False
kamach,4,True
segbwema,5,False
ural_nema,3,False
husaynabad,3,False
matawin,3,False
sarikei,4,True
arkhangelsk,4,True
bertoua,3,False
hagwilget,3,False
obion,5,False
kunovat,3,False
dingbian_shunning,3,False
djundu,3,False
kapitukamach,3,False
chisasibi,3,True
anlong,1,False
anlong,3,False
anlong,5,False
juancheng,3,False
sowunusiske,4,True
lutang,3,False
boxing,3,False
bodaybo,3,False
karau,4,False
kehu,3,False
futi,4,False
fanxian,3,False
nanbu,3,False
chaisri,3,True
fuzhou_sichuan,5,False
chandwar,3,False
muktsar,3,False
bhakkar,4,False
markapur,3,False
jalalpur_pirwala,3,False
khewra,3,False
mardan,3,False
paat,4,False
udamphur,3,False
yambasa,5,False
tulcea,4,True
ed_debba,4,False
karkuj,3,False
dima,3,False
anzourou,3,False
bamako,3,False
branna,3,False
boubon,3,False
mser,5,False
tanda,3,False
yauri,3,False
wuro_yolde,3,False
wujiang,3,False
chongde,3,False
maues,5,False
prinzus,3,False
xatingnaax,4,False
palmeira,3,False
kamensk,5,False
ski,3,True
mabale,3,False
mabale,5,False
chamcha,4,False
vidin,4,False
pirapora,3,False
idrinskoye,4,False
nixi,3,False
kodak,1,False
kodak,5,False
kukuro_kalapalo,3,False
goly_karamysh,5,False
waskaganish,3,True
ragh,3,False
taseyevo,4,False
vukyl,3,False
abakasnk,3,False
keelivtyn,3,False
dongming,3,False
kisomba,3,False
jinkou,5,False
siming,3,False
shunning,3,False
sededema,3,False
sededema,4,False
shamokin,1,False
tappan,3,False
debrc,3,False
butuan,3,True
sulkhari,3,False
guadual,3,False
sonargaon,4,False
kalocsa,4,False
kayan_melawai,3,False
acroas,4,False
acroas,5,False
brotas,3,False
utiangue,3,False
gutian,3,False
wabimeig,3,False
batang_tembesi,3,False
batang_tembesi,5,False
sogra,4,False
belin,3,False
soltsy_kirishi,3,False
zemukh,3,False
rengat,3,True
mepenes,5,False
upia,3,False
nadleht_en,3,False
djee,3,False
djee,5,False
amol_turkmenabad,3,False
amol_turkmenabad,4,False
dingyuan,3,False
motygino,3,False
motygino,4,False
motygino,5,False
guaquire,4,False
udamik,5,False
grayling,4,False
bobangi,3,False
bobangi,4,False
luanda,3,True
mehsi,3,False
baini,3,False
caete,1,False
muxima,3,True
buassa,3,False
kyaukse,3,False
warsaw,3,False
ta_shwe_htan,3,False
mongpai,4,False
shipai,3,False
watlala,3,False
mabein,3,False
guanipa,5,False
fengcheng_fengcheng,4,False
one,4,True
tingkip,3,False
parma,3,False
lambarene,3,False
lambarene,4,False
shouzhang,3,False
wenxian,3,False
pium_i,3,False
hequ_wuding,4,False
manikpur,3,False
stettin,3,True
kayapo,4,False
usivka,1,False
usivka,3,False
usivka,5,False
stata_ketux,4,False
muara_sabak,3,True
den_terek,3,False
korsun,3,False
qianjiang_binzhou,4,False
gameleira,4,False
votkings,3,False
hanchuan,3,False
eseka,3,False
shichah,3,False
verkhneyarkeyevo,3,False
chenxi,3,False
stade,3,True
ikongo_boa,3,False
shigony,4,False
itapiracaba,4,False
banaro,3,False
pacahuara,4,False
tupinambarana,4,False
thahnawate,1,True
quizquiz,5,False
stavropol_na_volge,4,False
sarh,3,False
tancarville,3,True
asyut,4,False
fuwa,3,False
boeny,3,True
andranoboka,3,True
miandrivazo,3,False
tahna,4,False
cizre,3,False
kaysun,3,False
sivrice,3,False
arapgir,3,False
keban,3,False
qadisiyyah,3,False
maskanah,3,False
jabar,3,False
busayrah,3,False
balad,3,False
wyaconda,5,False
bhadohi,3,False
bhadohi,4,False
yuanqu,3,False
kerewo,3,True
kerewo,5,True
urmi,3,False
gorodets,3,False
ust_ishim,3,False
calumbo,3,True
changning,3,False
tatahuitalpan,3,False
tatahuitalpan,4,False
qiyang,3,False
ulukulevo,3,False
kwidzyn,3,False
arakaiu,4,True
reni,4,False
bayannur,3,False
bor,4,False
huiqi,3,False
shambe,3,False
shambe,4,False
kurung_yuryakh,5,False
cuilo,3,False
hulawen,3,False
horodyshche,5,False
molchanovo,3,False
molchanovo,4,False
molchanovo,5,False
cokuurdaax,3,False
batubenge,3,False
pa_lus_sa,3,False
kyaukkyi,3,False
ambaca,3,False
shar,5,False
chuapa,4,False
aco,3,False
zhalauly,3,False
imakia,3,False
kai_kara,4,False
chiryapchi,4,False
xiangning,3,False
abare_i,3,False
wayagamac,3,False
laibin,4,False
coste,3,False
yanggu_yanzhou,3,False
yelabuga,3,False
yelabuga,4,False
troitsko_pechorsk,3,False
kystatyam,5,False
kolpashevo,5,False
tsiripa,5,False
vezhakary,5,False
wangmu,3,False
wangmu,5,False
cheboksary,4,False
jembayan,4,True
mong_yawng,4,False
kuttawa,3,False
kuttawa,4,False
rajmahal,5,False
nemasca,3,False
corpen_aike,3,True
noris,3,False
escatawppa,3,False
escatawppa,4,False
escatawppa,5,False
kanaskipenaski,3,False
bahr_salamat,3,False
bahr_salamat,5,False
wabaseemong,3,False
thawe,3,False
julau,4,False
acanti,4,True
yingli,3,False
melnikovo,3,False
melnikovo,4,False
melnikovo,5,False
humadea,3,False
hulu_barito,3,False
xingan_linjiang,3,False
guiping,3,False
guiping,4,False
guiping,5,False
khachimcher,3,False
nyonoksa,3,True
kuujjuarapik,3,True
chyorny_yar,5,False
waahukaahaanu,3,False
ogoowe_kongo,4,True
wihlink,1,False
wihlink,3,False
kaya_paha,3,False
adixoodagoorahareesh,3,False
tunica,5,False
beryozovo,3,False
edea,3,False
etiwan,3,True
hoveyzeh,5,False
tobolsk,3,False
tobolsk,4,False
juniata,3,False
ycuamandiyu,4,False
kichwa,3,False
sangay,3,False
chaira,3,False
suamprabon,3,False
suamprabon,4,False
kizel,3,False
tayxlama,4,False
tayxlama,5,False
bosobolo,3,False
bosobolo,4,False
mitsogo_kongo,4,False
umatilla,4,False
shuryshkar,3,False
shuryshkar,5,False
kahinga,3,False
dasu,3,False
kasur,3,False
rajamahendry,4,False
raikot,3,False
dina,3,False
neva,4,True
koknese,3,False
maldarede,3,False
guelengdeng,3,False
aro,4,False
turukhansk,4,False
kalabsha,4,False
njoko,3,False
guarico,3,False
quigate,3,False
xoko,1,False
xoko,4,False
mardankuyik,3,False
cherven,4,False
cherven,5,False
karawala,3,True
rejang,4,False
jinshajiang,3,False
ningpu,3,False
kazari,3,False
tsay_iona,3,False
shushenskoye,3,False
ilok,4,False
sintang,3,False
sintang,4,False
dejiang,3,False
unnao,3,False
heqing,3,False
tongan_lijiang,3,False
chirowe,3,False
chestowee,3,False
kassali,3,False
artyk_ata,3,False
tuzdysor,3,False
rouyuan,3,False
cundi,3,False
awka_etiti,4,False
fisque_menuco,3,False
pilda,5,False
szolnok,3,False
guana,4,False
luquan,4,False
kusu_mangbetu,3,False
kusu_mangbetu,4,False
areia,3,False
tora,3,False
gradiski_brod,3,False
gradiski_brod,5,False
ingariko,3,False
phyu,3,False
loeme,3,False
amundava,5,False
charang,4,False
donge,1,False
zimnyatsky,3,False
nakaigetergehe,5,False
chongshan,3,False
macuxi,4,False
ibicui,3,False
ratchaburi,3,True
baniachang,3,False
manjung,3,True
borun,3,False
ulakhan_kyuyol,3,False
zarate,4,False
kaxarari,3,False
kaxarari,5,False
calcasieu,3,False
malalis,3,False
jiyuan,3,False
kinja,3,False
kinja,4,False
muromtsevo,3,False
muromtsevo,5,False
waldshut,1,False
kaiwa,3,False
kaiwa,4,False
kaiwa,5,False
kuchugur,3,False
kuchugur,5,False
angoram,3,True
chateaubriant,3,False
guarasugwa,5,False
apalachee,3,False
satere_mawe,5,False
cherkasy,3,False
cherkasy,5,False
melk,3,False
tocantis,4,False
meizhou,3,False
berdsk,3,False
cootcla,3,False
djeoromitxi,3,False
thuan_binh,4,False
wanzhou,5,False
karasor,3,False
kamimbe,3,False
huichuan_dechang,4,False
awatixa,3,False
jiparana,5,False
adony,4,False
inga,3,False
waiwai,5,False
muang_sua,4,False
cairo,3,False
akhmim,4,False
marovoay,3,False
tsimanandrafozana,3,True
east_yao,3,False
dluk,3,False
siverek,3,False
tikrit,3,False
al_qatr,3,False
peranap,3,False
qollaxalec,5,False
balagansk,4,False
guarapuava,3,False
katen,3,False
tavan,3,False
kazan,4,False
oskemen,3,False
benfeld,3,False
bardak,5,False
peewareewa,4,False
namau,3,True
elcui,1,False
rejaf,4,False
zenzevatka,5,False
towa_panka,3,False
nemaha,3,False
nemaha,5,False
noanama,3,False
xakriaba,1,False
firabr,3,False
eexiwa,4,False
ducheng,4,False
irtysh,4,False
takawng,3,False
takawng,4,False
lukuga,3,False
lukuga,4,False
lukuga,5,False
jongkong,4,False
buriti,4,False
anoixi,3,False
vasilyeva_sloboda,3,False
zyryan,3,False
zhelezin,3,False
tuxa,1,False
tuxa,4,False
tuxa,5,False
ichera,1,False
ichera,5,False
kombai,3,False
longping_pingle,3,False
thai_binh,4,False
vang_vieng,4,False
wujing,3,False
bikrampur,5,False
mako,3,False
auwe,3,False
auwe,4,False
sarai_al_jadid,5,False
tchitogama,3,False
khatas,4,False
gongshan,3,False
parkateje,4,False
timbu,5,False
duyang,3,False
nguyi,4,True
itihumma,5,False
patom,4,False
potyguara,3,False
kanisianas,4,False
kanisianas,5,False
nicalaax,3,False
captina,3,False
khargytyr,3,False
guaritico,3,False
aekyom,3,False
aekyom,5,False
maia_papua,5,False
monsol,2,False
tuvicha_mini,3,True
lebyazhye,3,False
katingan,3,False
shake_kongo,3,False
urka,3,False
pirca_pirca,3,False
tygde,3,False
huangpi,5,False
sutara,4,False
imaapik,3,False
batang_tebo,3,False
banua_lawas,4,False
plock,3,False
akbarpur,4,False
yans,3,False
zambesia_katongo,3,False
kosi,3,False
pagashi,3,False
peoria,3,False
xucheng,3,False
attaock,3,False
sangha,3,False
sangha,5,False
rongshui,3,False
allegheny,3,False
yiling,5,False
katha,4,False
bhimber,3,False
bhera,3,False
mirat,3,False
channan_pir,3,False
eidsvoll,3,False
