location_tag,river_level,x,y,distance_pixels,added_source
pagan,5,12010,3669,1.0,True
borg,3,8188,1257,1.0,True
katzenelnbogen,3,8038,1889,4.0,False
uyana,4,13830,978,12.083045973594572,False
teocak,5,8571,2249,2.0,False
perm,3,10271,1355,58.137767414994535,False
yazoo,5,3561,2998,1.0,False
urzhum,3,9988,1433,1.0,True
daning_kuizhou,1,12681,3079,1.4142135623730951,True
yanci,1,13051,2722,1.0,True
kyiv,5,9079,1877,2.8284271247461903,True
khagaria,5,11631,3419,1.0,False
mingyi,5,12329,3348,1.0,False
gushan,3,12381,2787,26.419689627245813,False
bayan_susu,3,13504,2174,1.0,True
waluulapam,3,2278,2160,1.0,True
mattawa,3,4093,2135,1.0,True
melenki,3,9589,1556,1.0,True
budaun,3,11312,3291,7.211102550927978,False
pangyang,4,12183,3613,1.0,True
huili,4,12377,3343,1.0,True
buiunda,5,14636,981,1.0,False
kuanhe,5,13458,1799,1.0,False
sosnovy_ostrov,5,9871,1763,1.0,True
tumul,4,13856,1148,15.811388300841896,False
anding_mashan,4,12621,3505,1.0,True
koskoak,5,4524,1374,1.0,True
ongoulastoga,3,3659,2879,21.400934559032695,False
quge,3,12295,2892,1.4142135623730951,False
yicheng,3,12800,3049,1.0,True
shizhao,5,12523,3157,5.0990195135927845,False
palmas,5,5308,6313,29.120439557122072,False
staraya_mayna,4,9914,1595,1.0,True
ouasioto,4,3943,2651,1.0,True
sagadahoc,3,4508,2308,2.0,False
shimian,3,12341,3186,1.0,True
ankoro,5,8917,5200,1.0,False
lichtenberg,3,8058,1989,1.0,True
beaupreau,3,7646,2085,1.0,True
chapeco,3,5343,6368,23.08679276123039,False
mobile,4,3683,3103,1.0,True
zamyany,5,9864,2124,1.0,True
koyukuk,4,535,814,1.0,True
tumba_ikoko,5,8438,5015,1.0,True
zhanhe,5,13558,1949,1.0,False
ahrweiler,4,8017,1869,1.0,True
jiyang,3,13026,2737,1.0,True
minqing,3,13102,3372,1.0,True
penaca,5,3541,2368,1.0,False
yun,3,12743,2993,1.0,True
pak_huei_lang,5,12382,3849,1.4142135623730951,False
godagari,5,11708,3473,5.830951894845301,False
niagara,5,4095,2370,1.0,True
jaiba,4,5702,5681,17.029386365926403,False
kaharlyk,3,9105,1912,1.0,True
st_ambroix,3,7900,2285,1.0,True
khamra,4,12852,1211,1.0,True
cangwu,5,12758,3535,1.0,False
satapo,5,3841,2808,1.0,False
mahoning_oh,1,4027,2512,1.0,True
karor,4,10915,3112,1.0,True
shendi,4,9227,3901,1.0,True
khemchik,5,11885,1794,1.0,False
kittila,3,8789,676,56.089214649520635,False
nikopol,5,8839,2322,1.0,True
bonanza,4,1351,940,18.35755975068582,False
kaiguang,3,12722,2663,1.0,True
haiyang,3,13007,3535,1.0,False
torun,3,8521,1699,1.0,True
taliepacana,3,3691,3003,5.0,False
quipana,3,3434,2837,1.0,True
batang,3,12199,3174,1.0,True
carasova,5,8670,2251,1.0,True
cerwecerna,5,3101,2255,2.0,False
ntiltxitk,5,2333,1941,15.033296378372908,False
vukovar,5,8549,2207,2.0,True
magdeburg,3,8220,1764,1.0,True
emasulia,5,3501,2646,1.0,False
lanzhou_lanzhou,3,12202,3382,1.0,True
danyang,5,13141,3033,4.0,False
krebedje,5,8569,4564,1.0,False
yaroslavl,3,9507,1385,1.0,True
fiorenzuola,5,8141,2234,2.8284271247461903,True
ruhptare,1,3116,2147,1.0,True
mainz,5,8068,1915,3.1622776601683795,True
qiaojia,5,12387,3312,2.8284271247461903,False
mullheim,3,8035,2062,1.4142135623730951,True
durlach,3,8069,1977,1.0,True
tit_ary,5,13466,1110,1.0,False
chandpur,5,11818,3541,2.0,False
bogatye_saby,3,10013,1471,1.0,True
hajduszoboszlo,3,8646,2063,1.0,True
daya_kathyn,4,10555,2592,1.0,True
sletewsi,3,2343,1998,1.0,True
juque,5,12325,3354,1.0,True
avignon,3,7917,2309,7.615773105863909,False
pokrovskoye,5,9919,1647,2.23606797749979,True
nerekhta,3,9560,1381,1.0,True
bidzhan,4,13643,2035,1.0,True
kuozhou,5,12372,3332,1.4142135623730951,False
yuanmou,5,12328,3395,2.0,False
kasuswapaskau,5,4508,1382,1.4142135623730951,False
pangu,3,13348,1684,1.0,True
lipno,3,8551,1716,1.0,True
tsivilsk,4,9871,1493,1.0,True
sanyyakhtakh,5,13350,1152,2.0,False
gunaaxoo,3,1400,1260,1.0,True
dayao,3,12287,3389,9.219544457292887,False
baling,5,12839,3192,4.0,False
mistanipi,3,4555,1543,1.0,True
khoja_idat_kala,3,10609,2646,1.0,True
shawanoe,3,3716,2779,1.0,True
guwahati,5,11878,3382,2.0,False
sepauk,4,12751,4841,1.0,True
jianchang_sichuan,3,12342,3294,7.0,False
barchkend,3,10669,2249,1.0,False
changqing,3,13007,2762,1.0,True
pelly_faro,3,1549,1071,1.0,True
youdian,3,12213,3478,29.206163733020468,False
yuechi,3,12541,3139,1.0,True
banan,5,12560,3175,1.0,True
moksobo,4,12037,3582,20.396078054371138,False
srey_sarchhor,5,12472,4193,1.0,True
dadandang,3,12251,3315,1.0,True
xiangshan_xinhui,5,12845,3589,1.0,True
xinhui,5,12834,3591,9.219544457292887,False
gujrat,3,11057,3015,1.0,True
kara,4,11381,3416,1.0,True
pakpattan,3,11023,3152,1.0,True
mailsi,3,10993,3167,1.0,True
ismail,5,9019,2210,1.0,True
korti,3,9132,3838,1.0,True
qerri,4,9193,3930,1.0,True
porto,3,7314,2486,12.041594578792296,False
kilmez,5,9990,1426,1.0,False
viviers,3,7900,2281,1.0,True
chinon,5,7695,2098,1.0,False
kuanda,3,13037,1502,70.06425622241343,False
yunnei,3,12743,2536,1.0,True
dobyaz,5,9907,1507,2.0,True
quigualtam,5,3559,2957,21.95449840010015,False
branicevo,5,8653,2277,25.179356624028344,False
gongan,5,12791,3166,15.0,False
ksituan,3,2324,1495,1.0,True
hanguang,5,12842,3498,7.810249675906654,False
ust_tsimla,3,9611,2064,1.0,True
ikryanoye,5,9858,2181,1.0,True
puge,5,12377,3307,1.0,False
tezpur,5,11907,3331,24.186773244895647,False
kovin,5,8655,2251,1.0,True
nudarcha,5,3447,2591,1.0,False
rudrapur,4,11499,3372,2.23606797749979,False
chinchaga,5,2192,1485,1.0,False
taoyuan,3,12747,3226,1.0,True
tis_reka,5,11816,1199,1.0,False
arnhem,4,7948,1777,1.0,True
krasny_yar,5,9887,2136,12.529964086141668,False
yenotayevka,5,9819,2078,1.0,True
mohacs,4,8535,2199,15.524174696260024,False
yunkyur,4,13165,1170,1.0,True
zolotonosha,5,9139,1936,1.4142135623730951,True
ostiglia,3,8204,2238,1.0,True
chabcha,3,12254,2817,1.0,True
xiangtan,5,12827,3285,2.0,False
vyadhapura,5,12485,4260,1.0,False
pontianak,4,12664,4844,8.54400374531753,False
linz,3,8318,2013,1.0,True
macha,4,13062,1213,1.0,True
imangaq,4,217,969,1.0,True
nichabau,3,4194,2176,7.810249675906654,False
shwegu,5,12107,3500,32.984845004941285,False
ardatov,3,9593,1562,1.0,True
navidakh,3,10620,2653,1.0,True
hmawbi,5,12051,3877,6.082762530298219,False
moana_mussumba,4,8914,5183,1.0,True
ensisheim,3,8034,2038,1.0,True
emuer,3,13252,1676,1.0,True
rastyapino,3,9661,1481,1.0,True
baak,4,3527,3882,25.238858928247925,False
seyat,3,13258,890,1.0,True
poligus,5,12086,1073,1.0,False
rouen,3,7735,1951,1.0,True
moosonee,3,4019,1826,1.0,True
changning_changning,4,12470,3231,1.0,True
licheng,3,13026,2748,1.0,True
khandyga,5,13866,998,1.0,False
saukiog,3,4383,2438,1.0,False
peledui,5,12822,1225,1.0,False
amersfoort,4,7922,1775,1.0,True
iagodnoie,5,14550,1035,2.0,False
qianwei,5,12422,3207,1.0,False
otrar,5,10782,2354,2.0,False
otnabog,3,4682,2188,3.0,False
pengshan,3,12416,3136,3.0,False
salaspils,3,8798,1432,1.0,True
wakmua_oin,3,3153,2290,1.0,True
hatchie,5,3609,2803,2.23606797749979,False
gaoyuan_jinan,3,13060,2724,1.0,True
sillanwali,3,10976,3088,1.0,True
sena,5,9305,5841,1.0,False
naserpur,4,10803,3438,1.0,True
kapurthala,5,11105,3088,1.0,False
dajal,4,10907,3188,1.0,True
tungi,4,9507,5444,1.0,True
fashoda,5,9135,4312,19.235384061671343,False
qayyarah,3,9658,2826,1.0,True
kongsvinger,3,8215,1185,4.242640687119285,False
tboung_khmum,5,12513,4169,17.029386365926403,False
zhanggu,3,12330,3110,1.0,True
banjar,5,12907,5017,11.313708498984761,False
yinshan,3,12695,2521,1.0,True
strasbourg,5,8041,2017,1.0,True
langqu,3,12266,3329,1.0,True
shuitejiang,3,12605,3295,1.0,True
binchuan,5,12284,3384,2.0,False
solt,4,8554,2118,1.0,True
doboj,3,8514,2245,10.0,False
gaoyao,5,12809,3563,2.0,False
sarahan,3,11226,3070,1.0,True
basel,3,8042,2074,1.0,True
shakhty,3,9551,2069,21.095023109728988,False
musi_hilir,4,12474,4978,2.0,False
nimde,4,11828,830,1.0,True
lengshuitan,5,12769,3374,1.0,True
burg,3,8234,1750,1.0,True
comacchio,3,8246,2242,1.0,True
tangdan,5,12372,3375,2.0,False
tombigbee,3,3688,3085,1.0,True
hachberg,3,8041,2028,1.0,True
hanyang,5,12873,3144,1.0,True
scharding,3,8305,2005,1.0,True
mushikitee,5,2344,1485,1.0,False
linxiang,5,12853,3175,1.0,True
khoro,3,13176,939,20.0,False
chornobyl,5,9067,1826,12.083045973594572,False
zhangqiu,3,13029,2739,1.0,True
menahkwesk,5,4684,2209,1.0,False
wittenberge,3,8209,1701,1.0,True
bishan,5,12530,3200,1.0,True
zhiziluo,3,12191,3370,1.0,True
niobrara,3,3228,2382,1.0,True
ingapu,5,12025,3861,13.0,False
shtax_heen,3,1667,1445,1.0,True
opimika,5,4080,2109,3.0,False
quinnipiac,3,4385,2462,1.0,True
prayag,5,11417,3422,1.0,True
bohai,3,13065,2718,1.0,True
maubin,5,12030,3925,1.0,True
daye,5,12935,3147,1.0,True
gengma,3,12250,3527,1.0,True
siyom,5,12002,3261,12.041594578792296,False
bol_shaya_martynovka,3,9580,2071,1.0,True
butalin,4,12020,3608,1.0,True
amazar,3,13240,1675,1.0,True
koostaaka,3,2964,2041,1.0,True
zhenxi_lizhou,5,12373,3207,2.0,False
bulava,5,14082,1763,2.0,False
khampa,3,13301,914,26.248809496813376,False
amonokoa,5,3573,2550,2.23606797749979,True
voskresenskoye,4,9799,1468,5.385164807134504,False
bihariganj,4,11659,3422,1.0,True
qianjiang,3,12825,3128,1.0,True
huaining,5,13014,3128,2.0,False
yunlong,3,12202,3387,1.0,True
kreuznach,3,8047,1912,1.0,True
hehe,3,12741,2638,1.0,True
kutai_lama,4,13020,4876,1.0,True
kasekete,5,9086,5712,1.0,False
kot_addu,4,10915,3157,1.0,True
jhang,3,10980,3084,1.0,True
kohtali,3,11044,2968,1.0,False
mutota,4,9096,5711,1.0,True
kalpi,3,11337,3396,4.123105625617661,False
attock,4,10980,2935,1.0,True
nnewi,4,7999,4521,4.0,False
shemkhiya,4,9231,3874,1.0,True
yongping_yongchang,3,12228,3443,1.0,True
calpista,5,3524,2850,1.0,False
hongtong,1,12771,2788,1.4142135623730951,True
jiangan,4,12479,3233,1.0,True
mayen,4,8030,1890,6.0,False
kolymskoie,3,14902,539,9.433981132056603,False
samarchyk,5,9298,1997,17.69180601295413,False
sumgut_vosh,5,10651,959,1.0,True
dingyuan_lingzhou,3,12543,2634,1.0,True
winsen,3,8158,1679,1.0,True
baja_hungary,4,8552,2155,1.0,True
brahin,3,9082,1822,1.0,True
khaspur,5,11908,3459,1.0,False
vyatskiye_polyany,3,10034,1499,1.0,True
nanchong,3,12520,3127,1.0,True
chepoussa,5,3594,2679,1.0,False
taihe_taihe,3,12917,3337,8.0,False
waingmaw,5,12121,3439,2.23606797749979,False
leibo,4,12402,3277,1.0,True
luzhang,3,12191,3411,1.0,True
belgrad,4,8625,2252,1.0,True
naungyo,5,12014,3936,3.1622776601683795,False
enhe_hada,5,13219,1685,1.0,False
mukdahan,4,12458,3923,1.0,True
nanxi,4,12470,3225,1.0,True
balakovo,5,9849,1776,1.0,False
dzingcho,3,12196,3178,1.0,True
chibwe,3,12165,3386,3.1622776601683795,False
gorokhovets,5,9645,1482,1.0,False
salcha,3,1028,860,1.0,False
mong_yai,4,12158,3612,27.80287754891569,False
alessandria,5,8088,2239,1.4142135623730951,False
wabasca,5,2437,1324,1.0,False
piantouguan,3,12762,2589,1.0,True
molodo,5,13370,478,36.40054944640259,False
nizhny_novgorod,5,9692,1469,2.23606797749979,True
mamterilleq,3,343,1144,10.816653826391969,False
horoshino,5,9183,1959,1.0,False
waawiiyaataanong,5,3904,2415,1.0,True
skitsetsen,5,2209,1864,2.0,False
kanna,4,12013,3599,1.0,True
chochenyo,1,2129,2676,2.0,True
eldikan,5,13836,1151,1.0,False
laskarpur,4,11855,3490,21.93171219946131,False
chena,3,982,823,1.0,True
cuttaway,3,3748,2734,65.73431371817918,False
fort_simpson,4,2097,1111,1.0,True
muskingum,5,3980,2591,1.0,False
tournon,5,7910,2243,2.8284271247461903,True
mengtong,3,12294,3516,32.38826948140329,False
naguatex,5,3416,2970,1.0,False
guiyang_hengyang,3,12801,3362,1.0,True
terbyas,3,13193,902,1.0,True
zhaushikumtobe,3,10798,2418,1.0,True
gonjo,3,12187,3099,1.0,True
lijin,3,13072,2715,1.0,True
wushan,5,12693,3093,1.0,False
nahanni,5,2068,1182,2.0,True
youyang,5,12625,3218,1.4142135623730951,False
tata,5,8513,2059,1.0,False
andawaohie,5,4409,2129,7.211102550927978,False
pocasse,3,3123,2198,1.0,True
utsutigway,3,3794,2856,1.0,True
okobojo,3,3115,2254,1.0,True
sochaczew,3,8621,1750,1.4142135623730951,True
balagachchy,3,13309,880,1.0,True
xojeli,3,10402,2406,1.0,True
cernavoda,4,8969,2279,1.0,True
rechnoye,5,9843,2091,9.219544457292887,False
shuntaneshnanga,3,3372,2601,1.0,True
ollo,3,13304,1667,1.0,True
chupanga,4,9321,5852,1.0,True
bunji,5,11086,2815,1.4142135623730951,False
kahlur,3,11177,3083,1.0,True
uch,5,10926,3196,2.23606797749979,True
kandiaro,4,10780,3355,1.0,True
karor_2,4,10912,3080,1.0,True
tete,5,9192,5709,2.23606797749979,True
hajner,3,11112,3096,1.0,True
chiniot,3,10995,3064,1.0,True
qasr_ibrim,4,9177,3559,1.0,True
abu_hamed,4,9149,3799,1.0,True
gondokoro,4,9202,4609,68.6804193347711,False
xiacai,3,13014,3001,1.0,True
baotong,3,12259,3506,1.0,True
lungkya,3,12279,2925,37.48332962798263,False
moss,3,8190,1255,1.0,True
visesav,4,8706,2264,1.0,True
qlispe,3,2430,2057,1.0,True
jangipur,5,11702,3480,1.4142135623730951,False
bykovo,5,9763,1904,1.0,True
paru,5,5292,4929,2.8284271247461903,False
arkhara,5,13601,1965,1.0,False
nanhai,5,12837,3561,8.602325267042627,False
thien_truong,4,12524,3723,14.142135623730951,False
manigotagan,3,3348,1886,1.0,True
chandrabad,5,11707,3486,7.0710678118654755,False
balyktykol,3,11283,1870,1.0,True
cegani,4,8946,2265,25.0,False
fehervar,4,8550,2094,1.0,True
charquis,5,3627,2762,1.0,True
gichthanne,4,3766,2631,34.0,False
thang_long,4,12506,3695,10.816653826391969,False
ficarolo,3,8212,2233,9.433981132056603,False
velyka_oleksandrivka,3,9237,2084,1.0,True
kerki,4,10678,2704,1.0,True
gunnaur,3,11256,3252,1.0,True
rotterdam,4,7891,1782,1.0,True
bacs,4,8554,2199,1.0,True
flix,3,7718,2490,1.4142135623730951,False
rohat_kermen,3,9230,2105,1.0,True
sayniabuli,4,12324,3763,1.0,True
radom,3,8666,1798,1.0,True
kelif,1,10686,2704,1.0,True
shizhu,5,12614,3136,1.0,True
monghsu,4,12167,3626,10.0,False
suzhou,3,12341,3261,12.649110640673518,False
piletisipuk,3,4574,1966,2.23606797749979,False
rongshan,3,12574,3305,8.602325267042627,False
chiang_khong,5,12263,3726,2.23606797749979,False
linxian,3,12735,2699,1.0,True
chalkyitsik,4,1103,694,1.0,True
baden,3,8068,1979,1.0,True
yarensk,3,9855,1089,2.0,False
mackenzie,5,1816,721,1.0,True
bankutu,5,8553,5052,2.0,False
harsova,4,8968,2265,1.0,True
trogstad,3,8202,1223,1.0,True
erachimo,5,11743,716,1.0,False
palazzolo,1,8141,2200,1.4142135623730951,True
mamadysh,4,10031,1532,1.0,True
longyou_jiading,5,12412,3182,1.0,False
biswan,4,11388,3292,2.8284271247461903,False
sabac,3,8570,2256,10.44030650891055,False
buchu,5,11964,3210,1.0,False
sernur,3,9944,1392,1.0,True
lucheng,3,12519,3468,1.0,True
rajnagar,5,11881,3465,1.0,False
isaccea,5,8974,2213,3.1622776601683795,True
chipisipi,5,4577,1532,1.0,False
manatara,3,3084,2090,1.0,True
xuanhua,4,12441,3224,1.0,True
xunhe,4,13517,1941,1.0,True
durgyeling,3,12335,3101,7.211102550927978,False
thaungdut,4,11999,3507,1.0,True
seymchan,3,14626,996,1.0,True
nuoluo,5,13795,2092,2.0,False
huaihua,3,12696,3306,12.165525060596439,False
kakisa,4,2303,1083,1.0,True
atiya,5,11791,3489,13.152946437965905,False
missicabi,3,4101,1822,8.94427190999916,False
arkhan,3,10811,2742,10.0,False
machang,3,12478,3463,1.0,True
malykovka,5,9864,1771,1.0,True
freienwalde,3,8343,1726,1.0,True
jujin,3,12224,3310,1.0,True
kuripan,4,12901,4995,12.0,False
yongshan,4,12399,3291,1.0,True
tczew,3,8546,1635,1.0,True
ilan_hala,5,13551,2182,1.0,False
luchow,3,8215,1705,1.4142135623730951,True
pavlovo,3,9653,1497,1.0,True
muse,4,12172,3552,1.0,True
grant_creek,4,749,785,1.0,True
kaskinampo,5,3687,2803,1.0,False
danubyu,5,12030,3885,12.041594578792296,False
pasho,5,12082,3132,2.0,False
krivoshchekovo,3,11400,1631,1.0,True
makanpur,3,11325,3383,1.0,True
omerkot,4,10863,3249,1.0,True
muhammad_tur,4,10787,3470,1.0,True
karur_punjab,3,10962,3188,1.0,True
sargadwari,3,11269,3275,1.0,True
arrah,4,11551,3412,9.433981132056603,False
daw_sud,4,9136,3594,1.0,True
basti,4,11463,3355,2.23606797749979,False
zimnicea,5,8849,2324,1.0,True
guichi,5,13038,3118,2.0,False
xiaoshan,5,13162,3156,2.8284271247461903,False
woking,1,7666,1815,0.0,True
riga,3,8765,1432,22.80350850198276,False
kraho,4,5509,5289,3.0,False
hum,5,5089,6714,1.0,False
gigen,5,8818,2321,1.4142135623730951,False
barnaul,3,11437,1665,1.0,True
lower_aktanyshbash,3,10135,1504,1.0,True
selpils,3,8881,1470,22.80350850198276,False
ferrette,3,8034,2072,1.4142135623730951,True
cabinda_kongo,5,8276,5174,1.0,True
meshchersk,3,9653,1489,1.0,True
raznezhye,5,9785,1486,1.4142135623730951,False
bungu_kongo,5,8298,5168,1.0,True
malinithan,5,12008,3301,1.0,False
martaban,4,12133,3919,1.0,True
korenevo,3,9657,1421,1.0,True
hedong,3,12715,2858,1.0,True
angermunde,3,8333,1712,1.0,True
starodub_votsky,3,9616,1510,1.0,True
tinnaya,4,13013,1188,8.246211251235321,False
jiangjin,5,12533,3202,1.0,False
yanchang,3,12719,2768,1.0,True
ruicheng,3,12722,2884,1.0,True
kwerba,4,13978,4972,1.0,True
futian,5,12929,3334,7.810249675906654,True
tywhapita,5,3776,2681,1.0,False
shanxian,3,12750,2876,1.0,True
nong_khay,4,12360,3855,1.0,True
riverie,3,7908,2199,1.0,True
shangjin,3,12701,2988,1.0,True
klewi,4,2554,1152,1.0,True
lingwu,3,12516,2689,1.0,True
kamassekuakamat,5,4814,1695,1.4142135623730951,False
qubodijon,5,10794,2729,6.708203932499369,False
kath,3,10435,2424,1.0,True
ayays,3,3496,2891,1.0,True
kamyshin,5,9753,1924,1.0,True
qipcarpak,3,495,1073,12.806248474865697,False
khamyab,4,10683,2707,1.0,True
boduna,5,13413,2210,35.22782990761707,False
wachilmezi,5,4447,2139,14.212670403551895,False
machecoul,3,7599,2092,1.0,True
silat,5,12781,4827,1.0,False
muktagacha,5,11768,3451,2.23606797749979,False
sutkent,3,10792,2422,1.0,True
hulin,3,13765,2181,2.0,False
czersk,3,8654,1770,1.0,True
wando,3,4075,2970,1.0,True
weiyuan,3,12269,3539,26.40075756488817,False
guastalla,5,8187,2238,3.0,True
maping,3,12666,3481,1.0,True
yor,3,13521,1828,1.0,True
nyzvar,3,10426,2418,1.0,True
lyuban,3,9146,1239,1.0,True
zhongli,3,13052,2980,1.0,True
griesbach,3,8300,2015,1.0,True
dymer,5,9077,1843,1.4142135623730951,False
shiqian,3,12604,3299,1.0,True
tangkya,3,12183,3094,1.0,True
mengli,3,12861,3475,1.0,True
bolghar,4,9918,1574,1.0,True
myshuryn_rih,5,9251,1994,1.0,True
casalmaggiore,5,8174,2233,3.605551275463989,False
lensk,4,12915,1196,29.832867780352597,False
kyakhtinskii,5,12881,1363,1.0,False
htamanthi,5,12014,3458,1.0,False
yusha,3,12854,3147,13.601470508735444,False
rashid,3,9067,3091,13.038404810405298,False
giza,4,9112,3180,1.0,True
boli,5,13864,1997,2.0,False
mikkwa,4,2541,1280,1.0,True
aizkraukle,3,8828,1449,1.0,True
chilia,5,9038,2211,1.0,True
jingling,3,12855,3133,1.0,True
dannenberg,3,8178,1680,1.0,True
bagayevskaya,5,9524,2096,1.0,False
naxi,5,12487,3233,2.0,False
yongchuan,5,12508,3220,1.0,True
muchuan,3,12412,3206,3.1622776601683795,False
jiangling,5,12790,3139,2.8284271247461903,False
onimgohow,5,3977,2602,1.0,False
chojna,3,8357,1735,17.029386365926403,False
iguape,3,5521,6202,17.72004514666935,False
swiecie,3,8522,1688,1.0,True
zhaohua,3,12503,3019,1.0,False
vilyuy,3,13235,922,23.769728648009426,False
srok_khleang,5,12497,4309,19.1049731745428,False
shishou,5,12806,3168,1.0,True
dinkot,4,10956,2980,1.0,True
vijayapur,5,11661,3340,2.0,True
nkee_us,1,2231,2098,1.0,True
koasati,3,3762,2897,1.0,True
khosheutovo,5,9864,2110,7.211102550927978,False
chucalissa,5,3602,2823,7.810249675906654,False
moapa,3,2466,2811,1.0,True
lingling,3,12771,3376,1.0,False
santo_antonio,5,5249,6274,2.0,False
blackwater,4,2013,866,10.0,False
nedong,3,11876,3201,1.0,True
donglan,3,12576,3463,1.0,True
isakhel,4,10938,3007,1.0,True
shahpur,3,10981,3041,1.0,True
rasyal,3,11094,2978,1.0,True
chishtian,3,11025,3153,1.0,True
mankera,5,10973,3089,1.0,True
chunar,4,11478,3419,1.0,True
hala,4,10799,3395,1.0,True
warri,4,7976,4557,1.4142135623730951,False
faras,4,9109,3632,1.0,True
puyang,3,12926,2838,1.0,True
oohl,3,2059,2479,3.605551275463989,False
shadodkot,4,10770,3313,23.021728866442675,False
kabachischi,4,9895,1506,1.0,True
lodose,3,8245,1346,2.0,True
khanda,4,13854,1081,1.0,True
skardu,5,11148,2847,1.0,False
tulita,5,2007,849,1.0,False
qikirtajuaq,3,4607,1355,1.0,False
nytva,5,10254,1337,2.0,True
yakesa,3,13376,1694,1.0,True
curuai,5,5184,4975,1.0,False
jinkang,4,12802,3569,13.152946437965905,False
n_pooh_le,5,2300,2050,2.0,True
yongning_baisheng,5,12261,3287,1.4142135623730951,False
mbanza_soyo,5,8266,5177,1.0,True
xindi,5,12876,3149,2.0,False
aklaviq,5,1584,568,1.0,True
calafat,4,8739,2304,1.0,True
kletskaya,3,9647,1951,1.0,True
parepona,5,4808,4469,1.0,False
zadian,4,10757,2728,1.0,True
wuxian_liuzhou,5,12679,3516,2.0,True
buda,4,8557,2074,1.0,True
kamla,5,11967,3284,16.492422502470642,False
nazym,5,10729,1026,2.0,False
yemelyanovo,4,11950,1467,1.0,True
gongxian,5,12835,2873,2.0,False
esztergom,4,8539,2060,1.0,True
jomda,5,12178,3084,1.0,False
llenllenet_ten,5,2114,1792,1.4142135623730951,False
sarapul,5,10127,1499,2.23606797749979,True
dyryn_ebe,4,14687,610,1.0,True
taksimo,5,12954,1465,2.0,False
songzi,5,12786,3128,5.385164807134504,False
yelovo,3,10195,1419,1.0,True
koroa,3,3574,3004,9.219544457292887,False
gromatukha,3,13522,1746,1.0,True
lingzhou,3,12529,2666,1.0,True
samye,3,11849,3198,1.0,True
tethul,4,2613,1240,1.0,True
suki,4,14141,5274,1.0,True
cahokia,4,3587,2631,1.0,True
fengdu,5,12595,3168,1.4142135623730951,False
hogehege,5,3716,2875,1.0,False
dzhuk,5,14050,1712,4.123105625617661,False
simmern,3,8037,1900,1.0,True
tala_kyuyel,5,14560,735,1.0,False
laish,4,9941,1551,1.0,True
sangamon,3,3575,2552,3.1622776601683795,False
ethapetha,4,3945,2630,1.0,True
osa,3,10196,1408,1.0,True
shaharpara,5,11849,3450,1.0,False
nehantuck,3,4396,2473,1.0,True
misha_shipu,3,4941,1682,5.0,False
mantova,3,8183,2233,4.0,False
tamaroa,5,3577,2651,1.0,False
akinka_nup,5,2366,1935,1.0,False
salay,5,12012,3714,1.0,True
abrahamtelke,4,8550,2099,1.0,True
sadiya,5,12047,3284,1.0,False
damanhur,3,9077,3094,7.280109889280518,False
atfih,4,9116,3164,1.0,True
qus,4,9183,3383,1.0,True
qena,4,9148,3373,1.0,True
nantes,3,7628,2089,1.0,True
samarra,3,9689,2912,1.0,True
dayr_aqul,5,9787,3000,1.0,False
abdas,5,9848,3099,1.0,True
tabqah,3,9502,2823,1.0,True
raqqa,3,9471,2805,1.0,True
jean_marie_river,4,2194,1065,1.0,True
lyskovo,5,9754,1493,1.4142135623730951,True
lujiang,3,12191,3419,1.0,True
chelmno,3,8542,1676,1.0,True
nandan,3,12601,3454,24.186773244895647,False
shar_yelpuk,3,12198,3154,1.0,True
bensheim,3,8076,1929,1.0,True
xingyang,3,12846,2866,1.0,True
baode,3,12752,2611,1.0,True
oppenheim,3,8069,1916,1.0,True
aha_macav,3,2471,2872,1.0,True
hinthada,5,12031,3864,4.123105625617661,False
birches,5,658,805,2.23606797749979,False
vitim,5,12808,1256,1.0,False
bazas,3,7705,2284,1.0,False
sreepur,5,11743,3505,1.0,True
tongzhou,3,12705,2876,4.0,False
kamyskala,3,10692,2264,1.0,True
birma,5,13514,1845,1.0,False
hequ,3,12761,2592,1.0,True
nijmegen,4,7957,1776,1.0,True
winnee,3,4075,2930,35.22782990761707,False
bir_amur,3,13490,1872,1.0,True
daklha_gampo,3,11934,3214,1.0,True
emei,3,12379,3196,1.0,True
namling,3,11753,3195,1.0,True
watappo,5,3811,3153,1.0,False
lauenburg,3,8176,1680,1.0,True
pabna,5,11771,3515,1.0,True
wloclawek,3,8551,1721,1.0,True
hengyang,5,12816,3335,2.23606797749979,False
ryazan,3,9497,1588,1.0,True
that_phanom,4,12455,3904,5.656854249492381,False
srebrenik,5,8530,2241,3.1622776601683795,False
poskatinak,4,3424,1440,1.0,True
dep,3,13509,1716,1.0,True
ballia,5,11518,3403,2.23606797749979,False
varanasi,4,11468,3415,8.602325267042627,False
dera_ismail_khan,4,10938,3014,1.0,True
kashmore,4,10832,3276,1.0,True
mikindani,4,9492,5448,1.0,True
windsor,1,7657,1805,0.0,True
etawah,5,11294,3358,1.0,True
banihal,3,11119,2968,1.0,True
kantit,4,11451,3439,1.0,True
massangano,5,9225,5753,2.0,False
konch,3,11311,3396,24.0,False
lapai,4,8000,4366,20.0,False
ozoro,4,7982,4538,5.0990195135927845,False
nupeko,5,7955,4360,1.0,False
ed_damer,4,9247,3877,30.4138126514911,False
mandisobi,5,5068,6537,1.0,False
yingde,5,12857,3495,1.4142135623730951,False
nizhny_chir,3,9667,1998,1.0,True
kaltag,4,463,853,1.0,True
jiazhou,3,12727,2691,1.0,True
jiangning,5,13087,3052,1.0,True
lichiresti,5,8905,2296,1.0,True
shouchun,5,12993,3016,2.0,False
jiande,5,13130,3185,1.0,False
chesnokovka,3,11476,1668,7.810249675906654,False
tarrana,3,9091,3118,1.0,True
belabo,5,11831,3486,1.0,False
kansas,5,3379,2611,2.0,False
badong,5,12712,3096,1.0,True
ust_tsilma,5,10090,769,1.0,False
callamaco,3,3772,2888,1.4142135623730951,True
solovtsovo,5,9896,1706,1.0,True
inowroclaw,3,8540,1710,1.0,True
gorkovskoye,3,11111,1529,42.5440947723653,False
cuttawba,5,3842,2614,1.0,False
jekabpils,3,8876,1462,1.0,False
wenatchi,5,2209,2077,2.23606797749979,False
lanzhou,5,12396,2791,1.0,False
siberia_abalak,3,10838,1352,5.0,False
enselxcin,4,2307,2021,1.0,True
suzun,5,11511,1641,45.45327270945405,False
dingqiang,5,12398,2805,2.0,False
lewekeomi,4,3799,2650,1.0,True
chyormoz,5,10241,1300,1.0,False
vienne,3,7926,2191,2.23606797749979,False
lyubichi,3,9491,1572,1.0,True
xiangru,3,12530,3090,1.0,True
karymkary,5,10678,996,2.8284271247461903,False
ziryanka,5,14594,781,1.0,False
fengjie,5,12668,3099,1.0,True
chymnaii,4,13834,1015,34.92849839314596,False
diaomen,3,12373,3147,31.016124838541646,False
shilovo,3,9544,1615,1.0,True
boma,5,8456,4918,1.0,True
shayang,3,12815,3117,1.0,True
maganasipi,1,4144,2156,1.0,True
khulm,4,10776,2735,1.0,True
lingbao,3,12741,2880,1.0,True
runyan,5,12313,3273,1.0,False
heves,3,8623,2093,1.0,True
puqi,5,12866,3167,4.242640687119285,False
kagawask,5,4012,1837,2.0,False
pinglu,3,12749,2872,1.0,True
thatta,4,10786,3461,1.0,True
vorontsovo,3,14402,471,7.615773105863909,False
paranaiba,5,5371,5923,1.0,False
aksay,3,9653,2029,1.0,True
srednyaya_akhtuba,5,9731,1996,8.48528137423857,False
mianchi,3,12783,2857,1.0,True
bohan,5,5050,6619,1.0,False
gostynin,3,8587,1742,1.0,True
tsangdram,3,11773,3194,1.0,True
kysyl_syr,4,13601,1015,9.433981132056603,False
qingjian,3,12715,2741,1.0,True
myitkyina,5,12113,3449,1.4142135623730951,True
kanawha,5,3983,2616,35.4682957019364,False
cherdakly,4,9929,1637,45.254833995939045,False
snk_mip,5,2322,1863,2.23606797749979,False
chekmagush,3,10216,1533,1.0,True
yilong,3,12529,3080,1.0,True
mingsha,3,12513,2692,1.0,True
marxa,4,13282,1168,13.038404810405298,False
wanquan,5,12721,2839,1.0,False
wayustikw,3,4549,1479,1.0,True
fuchuan_ningxia,3,12456,2763,1.0,True
uraqai,3,12595,2499,1.0,True
kinozhesipi,5,4194,2187,2.8284271247461903,True
solikamsk,3,10281,1182,31.144823004794873,False
perevitska,3,9468,1562,1.0,True
kungur,3,10277,1383,59.033888572581766,False
jishui,5,12933,3320,1.0,False
winokapau,3,4830,1694,1.0,True
kremenskaya,3,9674,1987,1.0,True
voikar,5,10643,793,1.0,False
nyuya,5,12986,1155,1.0,False
jiangxia,5,12876,3116,17.88854381999832,False
azok,3,9492,2102,1.0,True
anilco,5,3539,2945,1.0,True
wels,5,8342,2028,1.0,False
ramsis,3,9080,3100,11.661903789690601,False
beni_suef,4,9112,3182,1.0,True
aswan,4,9187,3517,1.0,True
minya,4,9090,3251,1.0,True
sharuna,4,9095,3246,1.0,True
gerger,3,9459,2657,1.0,True
rahba,3,9529,2853,1.0,True
khalis,3,9724,2928,10.198039027185569,False
karbala,3,9702,3003,1.0,True
an_nil,3,9721,2978,1.0,True
al_madar,3,9853,3096,3.0,False
barqaid,5,9616,2733,3.0,True
xiangyang,5,12798,3036,1.0,False
alpo_wa,3,2283,2157,1.0,True
anhua_anhua,3,12769,3248,1.0,True
mussimi,4,8871,5176,45.70557952810576,False
tutilcoya,3,3474,2854,1.0,True
santee,3,4018,2936,1.0,False
ulakhan_an,4,13509,1119,13.92838827718412,False
dibrugarh,5,12017,3313,12.041594578792296,False
nodaway,3,3398,2546,36.235341863986875,False
coblenz,5,8034,1888,1.4142135623730951,False
luorong,5,12681,3489,1.0,False
caisaboscai,3,4156,1757,1.0,True
jurbarkas,3,8755,1561,1.0,False
fengqiu,3,12913,2864,1.0,True
jigansk,5,13335,692,2.0,False
bama,3,12585,3496,1.0,True
suidong,3,12566,3318,4.242640687119285,False
bydgoszcz,3,8519,1701,1.0,True
lashio,4,12173,3561,1.0,True
hancheng,3,12722,2810,1.0,True
chelan,4,2240,2034,7.810249675906654,False
daxunhyuu,3,1146,1183,58.69412236331676,False
kasimov,3,9596,1582,1.0,True
balagannakh,5,13195,1170,11.0,False
gana_damate,4,8596,5079,4.0,False
nottaway,3,4131,1849,1.0,True
igan,4,12784,4706,13.45362404707371,False
ordu_bazar,5,9171,2136,1.4142135623730951,True
veliky_ustyug,5,9798,1140,1.0,False
mahu,5,12442,3240,2.0,False
pitchibourenik,3,4119,1759,1.0,True
nowe,3,8543,1669,1.0,True
chandpur_uttar_pradesh,3,11251,3232,1.0,True
yukte,3,12778,1261,1.0,True
kotri,4,10800,3408,1.0,True
sirhind,3,11191,3114,22.02271554554524,False
mithankot,4,10899,3219,1.0,True
ranikot,4,10782,3376,1.0,True
khushab,3,10980,3033,1.0,True
agror,3,11011,2875,1.0,True
kol,3,11227,3285,38.48376280978771,False
asni,3,11360,3403,1.0,True
jansath,3,11202,3188,41.0,False
busal,3,11032,3025,1.0,True
sitpur,5,10911,3207,1.4142135623730951,True
pindi_gheb,4,10956,2972,1.0,True
el_metemma,4,9212,3916,1.0,True
kom_ombo,4,9190,3459,1.0,True
tongling,5,13056,3094,1.0,True
huoqiu,3,12978,3013,2.0,False
fuyang_hangzhou,3,13144,3163,1.0,True
shenmu,3,12737,2642,1.0,True
humati,3,3762,3010,1.0,False
caniapiscau,5,4515,1580,2.0,False
luxi,5,12704,3260,1.0,False
inuviq,5,1583,565,1.0,True
chittaloosa,5,3545,3034,2.0,False
lukou,5,12842,3293,1.0,False
lutava,3,9095,1839,15.0,False
tiotoren,1,4101,2369,1.0,True
linjiang,5,12608,3145,1.0,True
guangji,5,12958,3165,1.0,True
yeniseysk,5,11881,1310,1.0,False
scw_exmx,5,2137,1857,2.23606797749979,False
uinkaret,3,2597,2789,1.0,True
deren,5,14082,1784,7.0,False
cabo_formoso,4,7964,4603,1.0,True
kaarendy,5,5198,6298,1.0,False
baronsk,5,9840,1779,1.0,True
newenken,5,4593,7065,1.0,False
okhannoye,3,10209,1399,1.0,True
bordeaux,3,7663,2241,1.0,True
atfalati,5,2085,2226,2.0,False
modos,3,8615,2227,1.0,True
omoloon,3,14902,540,10.0,False
hacaritamas,1,4335,4397,1.0,True
ipholhhelhlhup,4,5056,6245,13.45362404707371,False
wrigley,5,2074,1024,1.0,False
nazimovo,5,11768,1263,65.19202405202648,False
choele_choel,3,4740,7128,1.0,True
tolna,4,8550,2123,1.0,True
kucevo,4,8684,2262,1.0,True
shawinigan,5,4366,2117,2.0,False
dukhovnitskoye,5,9884,1744,1.0,True
barayy,4,13746,957,8.06225774829855,False
shungopavi,3,2638,2734,1.4142135623730951,True
dura,5,11782,3402,1.0,True
pest,4,8561,2070,1.0,True
kai_theli_ke_hot_inne,5,2624,1278,7.211102550927978,False
tumbalala,4,5902,5323,1.0,True
nagina,3,11269,3197,23.021728866442675,False
guanambi,4,5717,5555,1.0,True
guachoyo,5,3538,2982,1.0,True
shuangliu,5,12416,3135,1.0,False
changyuan,3,12925,2841,1.0,True
petrovaradin,5,8607,2229,5.0,False
hebin,3,12679,2524,1.0,True
stepanevka,3,9664,2017,1.0,True
takhir,3,11293,1869,1.0,True
tohome,3,3709,3037,1.0,True
carapachay,5,4994,6756,1.0,False
staraya_ryazan,3,9519,1604,1.0,True
calabar,4,8066,4577,1.4142135623730951,False
tuktoyukiuq,5,1585,502,1.0,True
bhagalpur,5,11658,3433,1.0,True
sandan,5,12516,4117,1.0,True
scioto,5,3910,2632,1.0,False
yusva,3,10249,1289,1.0,True
puan,3,12502,3032,1.0,True
kal_gatana,4,14689,585,1.0,True
kangiqsualujjuaq,5,4696,1335,2.0,False
tapajo,5,5123,4965,3.1622776601683795,False
nikahionhwakowa,4,4231,2304,20.0,False
piacenza,3,8127,2232,1.0,True
kuturga,5,13466,895,20.615528128088304,False
ponkhockie,3,4330,2411,1.0,False
huaying,3,12550,3134,1.0,True
tormosin,3,9645,2042,1.0,True
mikhalkino,4,15024,505,16.278820596099706,False
freiburg,3,8038,2047,1.0,True
tatarskaya_tesyu,4,11828,1583,1.0,True
tortona,3,8094,2239,1.4142135623730951,True
offenburg,3,8056,1995,1.0,True
dongsheng,3,12747,2534,1.0,True
muang_mang,5,12507,3982,7.615773105863909,False
kuzmovka,3,11852,1047,1.0,True
berezhnovka,5,9769,1897,1.0,True
ningbian,3,12765,2576,1.0,True
pengshui,5,12616,3193,2.8284271247461903,False
selo_yartsevo,5,11815,1213,1.4142135623730951,False
chana,4,5027,6693,15.0,False
malye_oserki,3,9470,940,1.0,False
pereiaslav,5,9138,1933,1.0,True
morangi,5,11957,3357,2.0,False
ukek,5,9776,1822,1.0,True
lumbini,3,11507,3311,1.0,True
olenegorsk,3,14419,394,10.63014581273465,False
bkwejanong,5,3934,2392,1.0,True
huitong,5,12698,3328,2.0,False
nagavskaya,3,9649,2039,1.0,True
el_burullus,3,9108,3068,30.675723300355934,False
hiw,4,9152,3381,1.0,True
manfalut,4,9093,3305,1.0,True
cermik,3,9477,2675,1.0,True
samsat,3,9445,2706,1.0,True
mosul,5,9665,2798,1.4142135623730951,False
abu_kemal,3,9552,2881,1.0,True
samawa,3,9747,3076,1.0,True
basra,4,9850,3101,1.0,True
numaniyyah,3,9757,3006,1.0,True
avaes,5,5075,6333,43.41658669218482,False
orotukan,3,14555,1018,1.0,True
shigatse,5,11737,3200,2.0,False
yevoyakha,5,11238,769,1.4142135623730951,False
ramnagar_bihar,3,11541,3336,18.027756377319946,False
ob,5,10818,645,4.47213595499958,False
kaniv,3,9122,1917,1.0,True
maanaagi_iixodagish,3,3021,2047,1.0,True
zharzhan,5,13339,512,11.661903789690601,False
zhijiang,5,12785,3138,1.0,True
yakovlevskoye_bolshoye,3,9561,1388,1.0,True
tana,3,9480,2102,1.0,True
aigun,5,13498,1897,2.0,True
rovnoye,5,9772,1864,1.0,True
matoueska,5,4213,2214,2.0,False
eket,4,8048,4579,13.892443989449804,False
qingjiang,4,12943,3282,12.083045973594572,False
kisatchie,3,3488,3070,12.041594578792296,False
sm_algyax,3,1777,1631,15.0,False
goalpara,5,11818,3382,2.0,False
ilovlya,3,9681,1955,1.0,True
pingchuan,3,12324,3267,1.0,True
usolye,5,10269,1251,3.0,False
tyokhtyur,4,13575,1095,10.63014581273465,False
carmacks,3,1442,985,1.0,True
scqescilni,4,2343,2067,43.965895873961216,False
nlaka_pamux,5,2167,1888,14.7648230602334,False
mackinac,4,3850,2142,1.0,True
thilane_hot_ine,5,2619,1441,1.4142135623730951,False
szabolcs,3,8653,2045,13.92838827718412,False
wishram,5,2182,2200,2.0,True
arguvan,3,9435,2645,1.0,True
munk,1,10857,2677,1.4142135623730951,True
guancheng_zhengzhou,3,12869,2867,1.0,True
daban,4,13126,1179,1.0,True
zhongmu,3,12887,2865,1.0,True
chinook,4,2093,2162,6.4031242374328485,False
baishan,3,12617,3515,1.0,True
wanapum,4,2231,2122,2.0,False
cukataw,4,9987,1539,1.0,True
changle_fujian,3,13132,3389,1.0,True
deskenetlata,4,2579,1153,10.770329614269007,False
sviyazhsk,5,9896,1525,48.41487374764082,False
ahsenisiipi,5,3564,2466,2.0,False
doustioni,5,3419,3009,2.0,False
upper_yukon,4,1329,894,1.0,True
gitxsanimaax,3,1787,1565,1.0,True
samastipur,5,11608,3416,7.211102550927978,False
kaipeshimushich,3,4126,1811,7.0710678118654755,False
eminabad,3,11049,3020,1.0,True
sialkot,3,11073,3005,1.0,True
pindi_bhattian,3,11025,3038,1.0,True
jammu,3,11097,2982,1.0,True
kingston,1,7681,1811,0.0,True
chikowa,4,9153,5710,1.0,True
baran,3,11217,3249,34.36568055487916,False
oxford,1,7634,1791,1.0,True
ghazipur,4,11504,3401,12.165525060596439,False
dera_ghazi_khan,4,10912,3166,1.0,True
korra,3,11348,3395,1.0,True
chilas,3,11054,2830,1.0,True
kerma,4,9081,3718,1.0,True
hezhou_he,5,13078,3068,1.0,True
dongliu,5,13014,3145,1.0,True
st_at_imcets,3,2128,1854,22.0,False
drastar,5,8920,2294,1.0,True
privas,3,7905,2264,1.0,True
qingshen,3,12416,3161,1.0,True
iiq,3,302,1180,8.06225774829855,False
tukulan,4,13717,962,22.360679774997898,False
mongtung,4,12179,3696,1.0,True
chistamikap,5,4204,1759,1.0,False
nguera,5,8878,5078,1.0,False
verkh_chebula,3,11698,1529,55.44366510251645,False
luocheng,3,12659,3458,1.0,True
uzes,3,7905,2292,1.0,True
kyat_kala,3,10433,2429,1.0,True
lyon,5,7906,2179,10.0,False
chastye,3,10193,1416,1.0,True
purnia,5,11669,3377,44.0,False
khakhaly,4,9721,1490,1.0,True
kutarka,3,9905,1366,1.0,True
putyatino,3,9555,1609,1.4142135623730951,True
kitchissippi,5,4241,2217,2.0,False
reading,1,7642,1810,1.0,True
oleshia,5,9169,2134,1.0,True
cangxi,3,12518,3050,5.385164807134504,False
cayubaba,5,4727,5562,1.0,False
kolchugino,3,11653,1575,1.0,True
mocana,4,4282,4235,1.0,True
kostroma,3,9588,1389,1.0,True
yichuan,3,12721,2807,1.0,True
hamburg,3,8142,1668,1.0,True
koponovo,3,9548,1614,1.0,True
magyarovar,4,8470,2041,1.0,True
caroni,5,4824,4455,67.0,False
kalispel,3,2344,2002,1.0,True
hezhou,3,12388,2815,1.4142135623730951,True
xincheng_xincheng,4,12649,3522,1.0,True
kazhi,5,12298,3189,1.4142135623730951,True
geshitsa,5,12331,3103,1.0,False
kichkas,3,9290,2051,1.0,True
myedu,4,12037,3565,23.769728648009426,False
kamchatsk,3,15073,1476,1.0,True
gananoque,4,4237,2275,1.0,True
bakhtinsky,5,11757,1050,1.0,True
porto_tibirica,5,5323,6043,1.0,False
chudovo,5,9113,1313,1.0,True
tsa_tinne,5,2156,1479,1.0,False
piratinin,5,5301,6645,1.0,False
qashliq,4,10819,1285,1.0,True
towosaghy,5,3595,2782,11.704699910719626,False
jiyin,3,12938,2836,1.4142135623730951,True
tetyushi,4,9914,1591,1.0,True
educhanka,5,12361,1372,1.0,False
verkhotomsk,3,11625,1481,51.62363799656123,False
xicheng,3,12652,2999,1.0,True
beya,5,11855,1660,3.605551275463989,False
jishi,3,12336,2808,1.0,True
chagu,3,3235,2335,42.0,False
halchidoma,3,2491,2904,1.0,True
wied,3,8023,1870,1.0,True
xicallanco,4,3521,3832,23.40939982143925,False
araska,3,10853,2727,1.0,True
changan,5,12671,3434,5.830951894845301,False
ferrara,3,8239,2239,1.0,True
batamay,5,13569,945,23.259406699226016,False
pakokku,5,12014,3661,1.0,True
sandonnino,3,8153,2240,1.4142135623730951,True
aslan_horod,3,9206,2126,1.0,True
cheremkhovo,5,12409,1715,1.0,False
kalmanka,5,11496,1719,1.0,False
adyumba,5,8130,4893,1.0,False
yukonda,4,10816,1219,22.360679774997898,False
paranabuku,4,5842,5366,1.0,True
kangu,3,12444,2777,1.0,True
novosyolovo,4,11834,1557,6.708203932499369,False
madi_yuanling,3,12728,3237,1.0,True
amnye_machen,3,12251,2840,1.0,True
otadaonanis,3,3956,1723,37.589892258425,False
solothurn,3,8054,2085,16.64331697709324,False
gucheng,3,12778,3032,1.0,True
ostrovskoye,5,9631,1396,1.0,True
kaitangata,3,15383,7512,24.73863375370596,False
scheibbs,3,8379,2034,1.0,True
tomakivka,5,9282,2073,1.0,True
freistadt,3,8350,2025,1.0,True
wycombe,1,7661,1807,1.0,True
mariocai,5,5354,4900,1.0,True
brass,4,7969,4590,1.0,True
qichun,5,12943,3157,1.0,True
yaguari_guazu,5,5041,6651,2.23606797749979,True
kamyshnoye,3,11013,1544,1.0,True
glukharinyi,3,14595,824,34.438350715445125,False
tula_ark,3,3393,2834,1.0,True
mbya,3,5257,6197,8.0,False
sylgy_ytar,5,14780,575,1.0,False
awadh,4,11412,3342,1.0,True
tehcha,4,13500,1902,1.0,True
el_bahnasa,4,9093,3248,1.0,True
el_balyana,4,9129,3352,1.0,True
urfa,3,9451,2704,1.4142135623730951,True
malatya,3,9439,2646,1.0,True
saumur,3,7676,2083,1.0,True
kahta,3,9461,2693,1.0,True
anah,3,9567,2898,1.0,True
kufa,3,9713,3043,1.0,True
bakusaya,3,9797,3005,1.0,True
abadan,4,9892,3151,1.0,True
nasiriyah,3,9785,3091,1.0,True
manbij,3,9428,2776,1.0,True
amahami,3,3079,2092,1.0,True
yunxi,3,12710,2991,1.0,True
lamas,5,4203,5231,2.0,False
nasacauso,3,4295,1767,1.0,False
kamashikamach,3,4186,1828,6.4031242374328485,False
kitchawanc,3,4319,2463,1.0,True
marapa,3,3121,2189,1.0,True
kashechewan,5,3968,1761,2.0,False
muichi,4,8918,5163,3.0,False
ganatchio,5,3914,2411,1.4142135623730951,True
yguazu,5,5238,6361,1.0,False
dzogang,3,12149,3193,3.605551275463989,False
connatachequa,3,4185,2531,1.0,True
ayvu_pora,5,5053,6076,1.0,False
aguyaq,5,544,1275,60.00833275470999,False
twante,5,12051,3919,14.142135623730951,False
saskatchewan,3,2996,1647,2.0,False
lamego,5,7314,2487,1.0,False
humar,3,13453,1796,4.47213595499958,False
yidu,5,12763,3134,1.0,False
fengle,3,12808,3069,1.0,True
khoai_chau,4,12514,3685,1.0,True
ust_maia,5,13818,1169,1.0,False
kheong,3,12308,3269,1.0,True
ruichang,5,12953,3168,1.0,True
calli,4,9994,1538,1.0,True
kwatsaan,3,2477,2986,2.0,False
syagannaax,3,14237,571,1.0,True
dinghu,3,12735,2707,1.0,True
yedey,4,13431,1134,11.180339887498949,False
amalyk,5,12963,1460,2.0,False
yuanyang,3,12888,2862,1.0,True
dobrzyn,3,8571,1731,1.0,True
goupingguan,3,12638,3010,1.0,False
dechang,3,12342,3301,8.0,False
chongyi,1,12896,3401,1.4142135623730951,True
mahony,4,1994,811,1.0,True
mahates,4,4277,4279,1.0,True
mulhouse,3,8034,2049,1.0,True
langzhong,5,12518,3063,1.0,False
tiel,4,7935,1789,10.198039027185569,False
rampart,4,863,770,19.209372712298546,False
huarong,5,12799,3200,38.18376618407357,False
talok,5,12033,3652,1.0,True
kadyy,5,9657,1394,2.23606797749979,False
archar,4,8729,2314,1.0,True
sangar,5,13516,932,18.601075237738275,False
khaliajuri,5,11833,3474,6.324555320336759,False
simiti,5,4322,4441,1.4142135623730951,False
jalandhar,3,11114,3094,1.0,True
ghotki,4,10871,3273,23.259406699226016,False
bihar_sharif,5,11619,3432,1.4142135623730951,False
buxar,5,11509,3420,1.0,False
kohat,4,10965,2948,1.0,True
khairpur,3,10995,3169,1.4142135623730951,True
suket,3,11200,3085,1.0,True
jijial,3,11018,2849,1.0,True
firozpur,3,11070,3115,1.0,True
sehwan,5,10779,3367,1.0,False
peshawar,5,10952,2913,2.23606797749979,True
moro_sindh,4,10826,3366,37.57658845611187,False
lalpur,3,10906,2886,1.4142135623730951,False
tangir,3,11031,2829,1.0,True
dongola,4,9087,3824,1.0,True
sai,4,9097,3655,1.0,True
cananeia,3,5517,6219,1.0,False
jiangyin,5,13159,3042,1.0,True
fanchang,5,13069,3086,1.0,True
wuwei,5,13076,3076,4.47213595499958,False
yingshang,5,12993,3010,1.0,False
wujin,5,13142,3054,17.26267650163207,False
mindouli,5,8328,5080,37.73592452822641,False
inbatskoye,5,11675,853,1.4142135623730951,False
apiaka,4,5055,5439,32.55764119219941,False
surgut,5,11092,1102,2.0,False
grudziadz,3,8547,1665,1.0,True
dubovskoye,3,9620,2064,1.0,True
tanana,4,818,808,35.11409973215888,False
kortuz,4,11847,1608,1.0,True
kushinagar,3,11513,3326,1.0,True
astrakhan,5,9877,2154,1.0,True
takspaslama,4,2208,2206,11.0,False
uruguay,5,5167,6414,2.0,True
zhaozhou_jurchen,3,13380,2204,5.830951894845301,False
zhatai,4,13611,1035,8.0,False
kuruaya,5,5307,4944,2.8284271247461903,False
allakaket,4,812,768,1.0,True
bolotnye,3,11465,1564,1.0,True
rampa,4,11405,3877,1.0,True
mamachatpam,5,2257,2157,1.0,False
konwargaon,5,11980,3326,1.0,False
yibin,5,12456,3231,1.0,False
bodrog,4,8547,2169,1.0,True
snt_t_ulix,4,2304,2049,7.0,False
zainsk,4,10037,1527,1.0,True
hytop,3,3763,2894,1.0,True
zheshart,3,9945,1039,1.0,True
ragnit,3,8713,1562,1.0,True
tongle,3,12526,3453,1.0,True
siberia_bor,5,11769,1126,10.04987562112089,False
natchez,5,3525,3080,4.242640687119285,False
smederevo,5,8648,2261,1.0,False
sailahai,3,12254,2823,1.0,True
qidong,3,13035,2736,1.0,True
pozega,1,8504,2233,1.0,True
markham,3,12197,3173,1.0,True
sol_velikaya,3,9521,1383,1.0,True
gaoming,5,12828,3566,1.0,True
jiajin,4,13596,1966,1.0,True
hont,3,8550,2053,1.0,True
tupirama,5,5429,5335,1.4142135623730951,False
minsin,5,12048,3391,1.0,False
matootonha,3,3107,2169,1.0,True
kazachinskoye,4,11898,1427,43.18564576337837,False
village_onega,3,9426,888,1.0,True
suide,3,12726,2717,1.0,True
wallowa,3,2357,2173,10.770329614269007,False
zhongxiang,3,12816,3087,1.0,True
sremska_mitrovica,4,8580,2223,1.0,True
klutina,3,1091,1118,7.280109889280518,False
swarakxen,3,2317,1913,1.0,True
dingi,5,8314,5137,1.0,True
chiang_khan,4,12324,3846,1.0,True
megion,5,11185,1134,1.0,True
kowal,3,8572,1734,1.0,True
nisga_a,5,1831,1599,1.0,False
chiang_saen,5,12248,3721,1.0,False
simbirsk,4,9895,1620,1.0,True
rinpung_yarlung,5,11781,3201,2.0,False
feira,3,7301,2489,1.0,True
wumeng,4,12390,3312,10.04987562112089,False
tara,3,11053,1418,11.0,False
tanico,3,3435,2834,1.0,True
hejin,3,12728,2829,4.242640687119285,False
jiaxing,3,13184,3122,2.0,True
yuryev_povolzhsk,5,9637,1397,1.0,True
yanhe,5,12620,3219,2.0,False
hackensack,3,4323,2498,1.0,True
olekma,5,13191,1173,3.0,False
kahayan_hilir,4,12888,5018,8.246211251235321,False
rohrbach,3,8335,2020,1.0,True
mengla,5,12299,3642,2.0,False
jizhou,3,12721,2797,1.0,True
bahraich,5,11393,3290,1.0,False
anais,4,5701,5696,23.0,False
itapua,5,5145,6378,1.0,True
qujiang_guangan,3,12545,3135,1.0,True
eskalapia,5,3930,2657,2.0,False
bakhanay,5,13353,695,18.601075237738275,False
velyka_lepetykha,5,9252,2079,4.0,True
yonghe,3,12719,2759,1.0,True
calbe,5,8230,1780,2.0,False
kolosovka,3,11050,1459,52.80151512977634,False
oryahovo,5,8801,2326,2.23606797749979,False
sambhal,3,11252,3241,1.0,True
wanan,5,12911,3364,3.0,False
thaton,5,12132,3917,1.0,False
pandua_adina,3,11686,3425,1.0,False
wuhe,3,13058,2963,9.0,False
rigyal,5,12015,3156,1.0,False
xilong,3,12481,3452,1.0,True
chioggia,3,8247,2234,10.816653826391969,False
phon_hong,5,12314,3852,2.0,True
cherlak,3,11087,1614,1.0,True
karnak,3,10778,2347,1.0,True
yaros,3,5080,6714,1.0,True
shilou,3,12729,2725,1.0,True
menouf,3,9106,3134,9.219544457292887,False
ashmunayn,4,9093,3274,1.0,True
esna,4,9176,3436,1.0,True
el_buwit,4,9122,3334,1.0,True
north_meetto,4,9443,5473,1.0,True
suruc,3,9423,2748,1.0,True
birecik,3,9437,2712,1.0,True
al_sinn,5,9668,2846,1.0,False
haditha,3,9616,2899,1.0,True
hillah,3,9749,3075,1.0,True
al_tib,3,9830,3047,1.0,True
suq_al_shuyukh,3,9805,3106,1.0,True
al_bab,3,9423,2789,1.0,True
yongchang_yongchang,3,12211,3418,1.0,True
severin,4,8727,2268,1.0,True
deloy_chet,5,428,1076,1.0,False
ban_khon,4,12326,3802,1.0,True
saint_etienne,3,7885,2211,21.0,False
opelousa,5,3503,3130,22.67156809750927,False
ulma,5,13580,1781,1.0,False
yolombo,5,4322,4464,1.0,False
tomsk,4,11612,1437,77.31752712031083,False
ningfan,3,12302,3368,1.0,True
savannakhet,4,12472,3944,1.0,True
ningxia,3,12539,2651,1.0,True
taungdwingyi,5,12024,3743,1.0,True
guanghua,3,12771,3011,1.0,True
oli_baraza,3,9998,1452,1.0,True
phsar_dek,5,12527,4289,15.556349186104045,False
cussate,4,3673,2839,1.0,True
machichi,3,3489,1422,1.0,True
myede,5,12025,3764,1.0,True
qishui,5,12927,3132,1.0,False
bysyttakh,3,13048,972,8.0,False
nemby,5,5084,6238,1.4142135623730951,False
gryfow,3,8350,1683,1.0,True
yongxing_xingguo,5,12944,3168,3.1622776601683795,False
mahmudabad,3,9919,2561,1.0,True
saharsa,4,11636,3412,1.0,True
nograd,3,8563,2056,1.0,True
huanglong,5,12727,2995,1.0,False
oromocto,3,4676,2182,4.242640687119285,False
mong_hsat,4,12248,3705,1.0,True
heyang_xian,3,12715,2843,1.0,True
pur,5,11251,735,2.0,False
wolmirstedt,3,8233,1747,1.0,True
jianli,5,12838,3149,23.08679276123039,False
aowa,5,3294,2396,1.0,False
becaguimec,3,4612,2167,1.0,True
danilov,5,9540,1362,1.0,False
vu_ninh,4,12513,3663,8.94427190999916,False
houguan,3,13120,3393,9.486832980505138,False
qihe,3,12997,2772,1.0,True
rongcheng,4,12754,3539,1.4142135623730951,True
harburg,3,8149,1677,1.0,True
laribandar,4,10769,3498,1.0,True
sonepur_bihar,5,11567,3408,1.0,True
dipalpur,3,11044,3138,1.0,True
chitrakuta,4,11384,3423,1.0,True
banda,5,11355,3405,1.0,False
kutlehar,3,11167,3081,1.0,True
baligram,3,10987,2873,18.384776310850235,False
sonda,4,10799,3450,1.0,True
rahon,3,11168,3084,1.0,True
patna,5,11586,3420,2.23606797749979,False
multan,3,10937,3154,1.0,True
lalian,3,11002,3058,1.0,True
dunga_bunga,3,11009,3158,1.0,True
berber,4,9226,3818,1.0,True
karima,4,9110,3846,1.0,True
anundsjo,3,8490,948,1.0,True
wuhu,5,13081,3070,2.23606797749979,False
hangzhou,3,13168,3129,1.0,True
mitchigamea,5,3628,2737,1.0,True
pingnan,4,12718,3532,1.0,True
kholongsolokh,4,14648,574,37.589892258425,False
yanchuan,3,12716,2761,1.0,True
messoyakha,3,11332,615,1.0,True
henley,1,7650,1808,0.0,True
zhebariki_khaya,4,13875,1027,1.4142135623730951,True
uyapari,5,4844,4377,1.0,True
parrusit,3,2528,2807,1.0,True
baodian,3,12267,3473,1.0,True
wuzhi,3,12846,2850,13.038404810405298,False
metog,5,12036,3187,1.4142135623730951,False
niurba,3,13058,967,22.135943621178654,False
anambe,5,5442,4998,14.0,False
pokrovsk,5,9808,1794,1.0,True
dartsedo,3,12336,3122,1.0,True
bolkhuny,5,9800,2034,8.94427190999916,False
balcheta,3,4700,7090,1.0,True
kamiahpu,3,2394,2202,7.0,False
khvorostyanka,5,9928,1691,32.57299494980466,False
krasnoyarsk,4,11970,1469,14.866068747318506,False
passo_fundo,5,5289,6373,2.0,False
xiaodandang,3,12239,3328,1.0,True
fugu,3,12749,2593,1.0,True
pantian,3,12994,3512,1.0,False
nam_thing,4,12186,3544,1.0,True
gniew,3,8547,1641,1.0,True
densatil,3,11905,3209,1.0,True
gyor,5,8497,2063,1.0,False
yangshou,4,12674,3512,1.0,True
passau,3,8314,2005,1.0,True
shunde,5,12846,3570,8.94427190999916,False
hpa_an,4,12136,3886,1.0,True
wengshui,5,12572,3310,8.94427190999916,False
mihalt,4,8701,2268,1.0,True
ruse,4,8878,2310,1.0,True
beljamen,5,9739,1953,1.0,True
paranaidji,4,5532,5227,16.278820596099706,False
kamen,3,11391,1645,1.0,True
lamayuru,5,11161,2876,2.0,False
stswecen_c,3,2113,1790,3.0,False
viziru,4,8958,2246,1.0,True
pingyin,3,12995,2779,1.0,True
tharrawaddy,5,12041,3850,4.0,False
hajipur,5,11599,3418,1.0,True
circle,4,1133,759,10.04987562112089,False
madhubani,5,11624,3400,1.0,False
ipueira,5,5723,5458,1.0,False
tuma,3,9560,1575,1.0,True
bauzi,4,13949,4972,22.02271554554524,False
goleniow,1,8354,1684,1.0,True
walong,5,12085,3268,1.0,False
wenxiang,3,12713,2886,1.4142135623730951,True
yuncheng,3,12959,2811,1.0,True
nyemo,3,11805,3198,1.0,True
passavant,5,7665,2084,2.0,True
shidian,3,12203,3486,1.0,True
q_espiea,3,2273,1875,47.853944456021594,False
jaintiapur,3,11889,3451,2.0,False
ibrahimabad,4,11402,3351,18.110770276274835,False
murom,3,9610,1516,1.0,True
nikolsky,3,9952,1392,1.0,True
teliagarhi,5,11686,3437,1.0,True
bo_hai_khau,4,12538,3715,1.0,True
tuyandina,3,14291,550,3.1622776601683795,False
linjin,3,12717,2846,1.0,True
mingin,4,11985,3565,1.0,True
osaakiiwaki,5,3932,2391,1.0,True
patharkandi,3,11895,3457,4.123105625617661,False
azamgarh,4,11483,3383,9.848857801796104,False
gonda,4,11425,3344,1.0,True
plenita,4,8727,2271,1.0,True
ried,3,8300,2022,1.0,True
glaz,3,8483,2241,8.94427190999916,False
mechet,5,9714,2001,1.0,True
turas,5,5035,5053,1.0,False
edfu,4,9183,3440,1.0,True
kharibta,3,9089,3113,1.0,True
eruh,3,9594,2694,11.40175425099138,False
hit,3,9634,2933,1.0,True
baqubah,3,9722,2929,8.246211251235321,False
wasit,3,9793,3006,1.0,True
zuwayr,4,9868,3130,1.4142135623730951,True
deir_ez_zor,3,9503,2826,1.0,True
duhok,3,9644,2759,1.0,True
kaltysyany,5,10657,981,10.44030650891055,False
hongsa,5,12341,3739,2.23606797749979,False
bettiah,3,11541,3337,13.601470508735444,False
chishmy,3,10237,1568,1.0,True
hanyuan,3,12370,3201,1.0,True
chandrapur,5,11864,3472,2.0,True
wicontiss,3,4216,2571,1.0,True
mabila,5,3723,3018,1.0,False
rowta,5,11891,3361,1.0,False
sobat,4,9073,4332,19.72308292331602,False
injangyang,5,12142,3380,1.0,False
wulong,5,12602,3203,1.0,False
lado,4,9124,4500,1.0,True
taquarucu,5,5316,6052,1.0,False
kozhevnikovo,3,11510,1487,1.0,True
kuujjuaq,3,4556,1349,1.0,True
longquanping,3,12599,3300,1.0,True
curu_leufvu,3,4771,7146,1.0,True
nioman,5,13620,1898,61.29437168288782,False
dordrecht,4,7920,1775,1.0,True
daning,3,12722,2768,1.0,True
havasubaaja,3,2568,2779,1.0,True
nooksack,5,2130,1971,13.601470508735444,False
muxihe,3,12296,2897,5.385164807134504,False
bula_kongo,5,8327,5136,2.8284271247461903,False
pont_audemer,3,7724,1947,1.0,True
toniato,4,4245,2237,20.615528128088304,False
piachi,3,3745,3018,1.0,True
chillupar,5,11480,3366,1.0,False
konski_vody,3,9292,2061,1.0,True
macoupin,5,3572,2619,2.0,True
nikolskoye_pontic,5,9800,2058,1.0,True
washeo,5,3690,1499,1.0,False
bulun,4,13790,977,12.0,False
aerzhai,3,12595,2502,1.0,True
mykytyn_rih,5,9259,2070,1.0,True
petawawa,3,4185,2189,1.0,True
kaniatarahontsi,5,4252,2265,3.1622776601683795,False
manhattan,3,4327,2491,2.0,True
sawran,3,10764,2332,1.0,True
kamach,4,4301,4249,19.849433241279208,False
ural_nema,3,9964,1393,1.0,True
matawin,3,4370,2099,1.0,True
sarikei,4,12766,4715,1.0,True
wapsipinicon,5,3575,2448,1.0,False
obion,5,3613,2793,3.0,False
dingbian_shunning,3,12250,3459,3.605551275463989,False
ygana,5,5200,6325,1.0,False
kapitukamach,3,4273,1816,1.0,True
chisasibi,3,4096,1651,1.0,True
anlong,5,12477,3448,1.4142135623730951,True
tchakashapug,3,3894,1808,1.0,True
juancheng,3,12951,2819,1.0,True
sowunusiske,4,3432,1431,1.0,True
lutang,3,12441,2747,1.0,True
boxing,3,13074,2716,1.0,True
bodaybo,3,12880,1371,57.14017850864661,False
karau,4,12918,4961,1.0,True
kehu,3,12725,2666,1.0,True
futi,4,13755,2103,46.32493928760188,False
fanxian,3,12957,2808,1.0,True
fuzhou_sichuan,5,12586,3164,1.0,True
chandwar,3,11271,3339,1.4142135623730951,False
otakou,3,15403,7459,1.0,False
muktsar,3,11063,3127,1.0,True
bhakkar,4,10921,3048,1.0,True
jalalpur_pirwala,3,10946,3193,1.0,True
khewra,3,11007,3010,1.0,True
paat,4,10770,3352,8.246211251235321,False
udamphur,3,11112,2968,1.0,True
ed_debba,5,9100,3846,1.0,False
branna,3,8684,710,19.4164878389476,False
wujiang,3,13180,3090,15.132745950421556,False
chongde,3,13181,3118,1.0,True
xatingnaax,4,14637,622,9.899494936611665,False
palmeira,5,5245,6367,1.0,False
kamensk,5,11901,1280,65.7875368135941,False
ski,3,8196,1208,1.0,True
chamcha,4,12914,1133,12.083045973594572,False
vidin,4,8724,2289,1.0,True
tengapani,5,12069,3284,1.0,False
idrinskoye,4,11865,1640,7.0710678118654755,False
nixi,3,12216,3248,20.0,False
kodak,5,9286,2013,1.0,True
kengdey,5,13491,266,3.0,False
goly_karamysh,5,9769,1869,1.0,True
waskaganish,3,4114,1823,4.47213595499958,False
ragh,3,10891,2690,1.0,True
taseyevo,4,12035,1393,91.0823802938856,False
nyssa,5,2367,2302,1.0,False
vukyl,3,10256,935,1.0,True
abakasnk,3,11847,1667,24.515301344262525,False
keelivtyn,3,15590,802,7.810249675906654,False
dongming,3,12925,2846,1.0,True
jinkou,5,12887,3138,1.0,True
preah_ko,5,12497,4061,12.0,False
sededema,4,14638,684,26.1725046566048,False
shamokin,1,4188,2530,1.0,True
verkhneimbatsk,5,11742,1004,1.0,False
tappan,3,4324,2490,1.0,True
abyy,5,14291,552,1.0,False
debrc,3,8610,2261,1.0,True
yuannan,3,12750,3225,1.0,True
sonargaon,5,11812,3530,1.0,False
kalocsa,4,8555,2133,1.0,True
acroas,5,5496,5340,2.23606797749979,False
lanagashec,5,5032,6345,1.0,False
utiangue,3,3492,2884,1.0,True
gutian,3,13097,3369,1.0,True
belin,3,7674,2265,1.0,True
soltsy_kirishi,3,9144,1257,1.0,True
zemukh,3,10784,2365,1.0,True
mepenes,5,5084,6415,32.14031735997639,False
nadleht_en,5,2113,1707,1.0,False
pali_uttar_pradesh,5,11324,3320,1.0,False
osinsky,4,12425,1738,1.0,True
djee,5,13492,1646,38.41874542459709,False
amol_turkmenabad,4,10556,2595,1.0,True
dingyuan,3,12524,3131,1.0,True
motygino,5,12033,1288,83.73768566183328,False
udamik,5,13823,984,1.0,False
grayling,4,435,963,21.400934559032695,False
barda,3,9850,2537,1.0,False
mehsi,3,11564,3368,12.041594578792296,False
baini,3,12598,3302,1.0,True
caete,1,5971,5373,1.0,True
sulomay,5,11772,1126,1.0,False
warsaw,3,8637,1743,5.0990195135927845,False
daboka,5,11892,3382,1.0,False
shipai,3,12813,3102,1.0,True
watlala,5,2117,2206,1.0,False
guanipa,5,4739,4421,1.0,True
fengcheng_fengcheng,4,12968,3258,2.0,False
one,4,4283,4310,1.0,True
parma,3,8176,2244,1.0,True
lambarene,5,8147,4893,1.0,False
shouzhang,3,12968,2805,1.0,True
wenxian,3,12843,2865,1.0,True
hequ_wuding,4,12340,3390,1.0,True
manikpur,3,11402,3412,1.0,True
stettin,3,8355,1667,1.0,True
usivka,5,9232,1983,1.0,True
stata_ketux,5,2240,2037,1.0,False
zigui,5,12723,3096,1.0,True
den_terek,3,11935,1804,1.0,True
korsun,3,9127,1934,1.0,True
qianjiang_binzhou,5,12652,3528,1.0,False
votkings,3,10157,1423,1.0,True
shichah,3,3141,2287,1.0,True
chenxi,5,12706,3276,1.0,False
stade,3,8138,1669,1.0,True
shigony,4,9919,1652,1.0,True
thahnawate,1,4095,2351,1.0,True
quizquiz,5,3583,2876,9.219544457292887,False
stavropol_na_volge,4,9926,1673,1.0,True
tancarville,3,7719,1946,1.0,True
asyut,4,9114,3325,1.0,True
fuwa,3,9082,3086,1.0,True
tahna,4,9097,3290,1.0,True
cizre,3,9593,2700,1.0,True
kaysun,3,9413,2721,1.0,True
sivrice,3,9474,2663,1.4142135623730951,True
keban,3,9456,2626,1.0,False
ukbara,3,9706,2950,1.0,True
qadisiyyah,3,9715,3057,1.0,True
maskanah,3,9422,2797,1.0,True
jabar,3,9453,2807,1.0,True
busayrah,3,9501,2813,1.0,True
balad,3,9635,2766,1.0,True
wyaconda,5,3525,2527,3.605551275463989,False
bhadohi,4,11444,3433,1.0,True
yuanqu,3,12781,2854,1.0,True
gorodets,3,9678,1459,1.0,True
ust_ishim,5,10932,1373,2.0,False
turu,5,12242,872,1.0,False
changning,3,12819,3357,2.23606797749979,False
qiyang,3,12787,3361,1.0,True
kwidzyn,3,8546,1662,1.0,True
reni,4,8972,2199,35.805027579936315,False
bayannur,3,12567,2527,1.0,True
bor,4,9178,4526,45.89117562233506,False
shambe,4,9093,4452,1.0,False
kurung_yuryakh,5,14330,502,2.0,False
hulawen,5,13413,2211,3.0,False
horodyshche,5,9206,1969,1.0,True
molchanovo,5,11506,1368,1.0,True
cokuurdaax,3,14419,393,8.94427190999916,False
sebit,3,2492,2796,1.0,True
pa_lus_sa,3,2323,2134,1.0,True
shar,5,11494,1940,95.77055915050303,False
chuapa,4,8537,5014,26.870057685088806,False
zhalauly,3,11103,1652,1.0,True
imakia,3,11212,1782,1.0,True
chiryapchi,4,13613,1014,1.0,True
xiangning,3,12725,2811,1.0,True
wayagamac,3,4375,2081,1.0,False
laibin,4,12677,3520,1.0,True
yanggu_yanzhou,3,12959,2808,1.0,True
yelabuga,5,10088,1496,1.0,False
kystatyam,5,13347,690,16.0,False
kolpashevo,5,11454,1328,2.0,False
tsiripa,5,5117,6342,32.28002478313795,False
vezhakary,5,10664,973,1.0,True
wangmu,5,12520,3449,3.1622776601683795,False
puchacay,5,4380,6960,1.0,False
cheboksary,4,9828,1483,1.0,True
jembayan,4,13017,4877,1.0,True
kuttawa,4,3706,2699,20.615528128088304,False
rajmahal,5,11693,3455,1.0,True
nemasca,5,4211,1822,1.0,False
mompoj,5,4286,4343,1.0,False
corpen_aike,3,4522,7785,7.0710678118654755,False
escatawppa,5,3684,3088,2.0,True
thawe,3,11529,3350,1.0,True
osijek,3,8531,2196,1.0,False
julau,5,12797,4732,1.0,False
acanti,4,4182,4412,1.0,True
yingli,3,12469,2713,1.0,True
melnikovo,5,11533,1434,2.0,True
pampahuaylla,4,4322,5522,1.4142135623730951,False
xingan_linjiang,5,12942,3284,1.4142135623730951,True
guiping,5,12702,3541,1.0,False
khachimcher,3,14274,539,35.84689665786984,False
nyonoksa,3,9466,908,1.0,True
kuujjuarapik,3,4168,1555,2.0,False
chyorny_yar,5,9750,2014,1.0,True
waahukaahaanu,5,2956,2049,2.0,False
wihlink,3,4009,2578,1.0,True
kaya_paha,3,3165,2307,1.0,True
silkari,3,13108,1708,4.0,False
adixoodagoorahareesh,3,2954,2058,12.529964086141668,False
ahkwesasne_ny,5,4287,2243,2.0,False
tunica,5,3524,3019,18.384776310850235,False
beryozovo,5,10694,895,1.0,False
etiwan,3,4045,2951,1.0,True
hoveyzeh,5,9853,3100,2.0,False
kizel,3,10273,1251,5.656854249492381,False
tayxlama,5,2198,2195,2.0,False
umatilla,4,2275,2173,1.0,True
shuryshkar,5,10717,710,26.0,False
dasu,3,11026,2831,1.0,True
kasur,3,11071,3111,1.0,True
rajamahendry,4,11410,3895,1.0,True
raikot,3,11160,3099,1.0,True
harrow,1,7676,1812,0.0,True
london,1,7687,1810,0.0,True
dina,3,11043,2968,4.123105625617661,False
neva,4,9077,1218,7.810249675906654,False
koknese,5,8865,1450,2.0,False
turukhansk,5,11693,784,1.0,False
kalabsha,4,9179,3556,1.0,True
haiyan,2,13191,3129,1.0,True
quigate,5,3563,2883,1.0,False
lalek_cotaa,5,4925,6698,1.0,True
xoko,4,5975,5377,1.0,True
mardankuyik,3,10798,2386,1.0,True
cherven,5,8859,2323,1.4142135623730951,True
jinshajiang,3,12284,3379,1.0,True
kazari,3,9526,1611,1.0,True
tsay_iona,5,2003,1247,1.0,False
shushenskoye,3,11877,1677,1.0,True
ilok,4,8559,2218,1.0,True
dejiang,3,12620,3264,1.0,True
unnao,3,11376,3385,1.0,True
heqing,3,12261,3377,1.0,True
tongan_lijiang,3,12262,3301,1.0,True
chestowee,3,3832,2816,1.0,True
artyk_ata,3,10761,2332,1.0,True
tuzdysor,3,11179,1730,1.0,True
rouyuan,3,12182,3462,13.0,False
argaxtaax,4,14694,560,21.470910553583888,False
awka_etiti,4,8045,4516,10.0,False
fisque_menuco,3,4589,7057,11.180339887498949,False
pilda,5,14070,1776,1.0,True
szolnok,3,8605,2115,1.0,True
guana,4,5053,6040,1.0,True
luquan,4,12369,3378,2.23606797749979,False
kusu_mangbetu,5,8866,5032,1.0,False
gradiski_brod,5,8484,2235,2.0,False
charang,4,13561,1107,13.0,False
takuru_puku,5,5201,6264,1.0,False
donge,1,12987,2779,1.0,True
zimnyatsky,3,9656,1920,26.92582403567252,False
nakaigetergehe,5,4975,6497,1.0,True
umbu,5,5304,6527,1.0,False
ulakhan_kyuyol,3,13445,881,12.529964086141668,False
jacui,4,5354,6530,1.0,True
zarate,5,4289,4324,2.0,False
kaxarari,5,4711,5382,2.0,False
yshyr,5,5040,5966,1.0,False
jiyuan,3,12796,2859,1.0,True
muromtsevo,5,11091,1448,3.0,False
good_hope,5,1823,740,1.0,False
waldshut,1,8064,2066,1.0,True
k_enakatnu,3,893,1082,52.61178575186362,False
sao_leopoldo,4,5347,6475,52.23983154643591,False
nyachukha,3,12286,3146,31.575306807693888,False
hinsepu,5,2362,2148,1.0,False
kuchugur,5,9279,2075,1.0,True
angoram,5,14261,5066,1.0,False
chateaubriant,3,7647,2081,1.0,True
yendyr,5,10829,1104,1.0,False
satere_mawe,5,5135,5089,2.0,False
cherkasy,5,9192,1968,2.8284271247461903,True
melk,3,8392,2027,1.0,True
tocantis,4,5505,5132,1.0,True
gdansk,3,8546,1626,1.0,True
wuchang,5,12918,3134,1.0,False
meizhou,3,12419,3149,1.0,True
berdsk,3,11472,1570,1.0,True
cootcla,3,3718,2873,2.8284271247461903,False
wanzhou,5,12620,3130,1.0,True
karasor,3,11242,1831,1.0,True
huichuan_dechang,4,12338,3386,1.0,True
awatixa,3,3018,2057,1.0,True
bitki,5,14075,1762,1.0,True
adony,4,8550,2119,1.0,True
waiwai,5,4876,4866,1.0,False
muang_sua,4,12340,3744,19.209372712298546,False
cairo,3,9114,3154,1.0,True
akhmim,4,9146,3371,1.0,True
buganda,4,9196,4814,1.0,False
dluk,3,9417,2740,1.0,True
siverek,3,9475,2678,1.0,True
tikrit,3,9679,2888,1.0,True
al_qatr,3,9809,3105,1.0,True
qollaxalec,5,4992,6317,65.80273550544841,False
saygatsky,5,10159,1479,1.0,False
balagansk,4,12395,1657,1.0,True
guarapuava,3,5373,6312,1.0,False
tavan,3,9223,2109,1.0,True
kazan,4,9927,1538,1.0,True
thubun,4,2556,1089,23.323807579381203,False
shabash,4,14777,598,25.495097567963924,False
oskemen,3,11410,1893,4.47213595499958,False
benfeld,3,8040,2019,2.23606797749979,False
bardak,5,10754,1046,4.0,False
shish,5,11043,1407,1.0,False
peewareewa,4,3530,2532,1.0,True
xinjian,5,12962,3251,1.0,False
elcui,1,4609,7080,1.0,True
rejaf,4,9079,4580,46.32493928760188,False
zenzevatka,5,9742,1945,1.0,True
nemaha,5,3332,2520,2.0,False
xakriaba,1,5707,5616,1.0,True
eexiwa,4,5067,5898,1.0,True
irtysh,5,10861,1144,1.0,False
pacaha,5,3562,2854,17.08800749063506,False
jiayu,5,12867,3165,2.0,False
takawng,4,12072,3517,1.0,True
lukuga,5,8917,5159,1.0,False
buriti,4,5637,5737,1.0,False
anoixi,3,3450,2885,32.526911934581186,False
vasilyeva_sloboda,3,9657,1428,1.0,True
zhelezin,3,11169,1712,1.0,True
tuxa,5,5926,5335,3.1622776601683795,True
ichera,5,12677,1330,3.0,True
jaguarari,4,5834,5365,1.0,True
longping_pingle,3,12735,3493,2.0,False
upper_angara,4,12261,1321,1.0,True
thai_binh,4,12512,3702,11.0,False
wujing,3,12214,3414,1.0,True
bikrampur,5,11814,3536,7.0710678118654755,False
mako,3,8612,2155,1.0,True
sarai_al_jadid,5,9715,2006,1.0,True
tchitogama,3,4444,1967,1.0,True
khatas,4,13583,954,8.0,False
gongshan,3,12167,3268,7.0710678118654755,False
parkateje,4,5473,5136,1.0,True
timbu,5,4991,6750,1.4142135623730951,False
kasevo,5,10177,1515,1.0,False
duyang,3,12591,3492,1.0,True
nguyi,4,8111,4929,25.019992006393608,False
orinucu,5,4911,4377,1.0,False
itihumma,5,3547,3129,24.08318915758459,False
kanisianas,5,4720,5614,1.4142135623730951,False
nicalaax,3,14402,443,1.0,True
captina,3,4009,2562,1.0,True
khargytyr,3,14399,491,15.132745950421556,False
tuvicha_mini,3,5014,6868,1.0,True
lebyazhye,3,11247,1834,1.0,True
urka,3,13262,1673,1.0,True
tygde,3,13481,1696,1.0,True
huangpi,5,12896,3118,1.0,True
sutara,4,13732,1985,92.34717104492157,False
imaapik,3,4699,1336,5.0,False
minxian,5,13121,3390,2.23606797749979,True
kikonteku,5,4444,2130,1.0,False
awajun,5,4144,5099,1.0,False
plock,3,8594,1742,1.0,True
akbarpur,4,11437,3379,32.01562118716424,False
kosi,3,11653,3358,1.4142135623730951,True
pagashi,3,3918,1783,1.0,True
peoria,3,3588,2537,1.0,False
xucheng,3,12983,2804,9.848857801796104,False
attaock,3,4213,2558,2.8284271247461903,False
rongshui,3,12667,3439,2.0,False
yiling,5,12762,3123,1.0,True
katha,4,12063,3493,13.0,False
bhimber,3,11083,2993,1.0,True
bhera,3,10991,3020,1.0,True
mirat,3,11249,3240,1.0,True
channan_pir,3,10951,3193,1.0,True
eidsvoll,3,8198,1202,1.0,True
