location_tag,original_levels,remaining_levels,original_coastal,new_coastal
pagan,5,,False,True
talaha,"1,2,3,5","1,2,3,5",False,True
borg,3,,True,True
taposa,"1,2,5","1,2,5",False,True
berbela,"1,3",1,False,True
yinshaluo,3,,False,True
katzenelnbogen,"1,3",1,False,True
uyana,"2,4",2,False,True
teocak,"2,3,5","2,5",False,True
perm,"2,3",2,False,True
yazoo,"1,2,3,5","1,2,3,5",False,True
rozdory,1,1,False,True
chopim,"1,2,3,4,5","1,2,5",False,True
urzhum,3,,False,True
yanci,1,,False,True
ncando,"2,3,5","2,5",False,True
sto_lo,"1,2,4,5","1,2,4,5",False,True
kyiv,"2,3,5",,False,True
duanxi,4,4,False,True
mbanza_nsundi,"1,2,5","1,2,5",False,True
chipata,"1,2","1,2",False,True
khagaria,"2,4,5",2,False,True
mingyi,"2,3,5",2,False,True
gushan,"1,3",1,False,True
bayan_susu,3,,False,True
waluulapam,3,,False,True
mattawa,"1,3",,False,True
melenki,3,,False,True
termez,"1,4,5","1,4,5",False,True
bondo,3,,False,True
budaun,"2,3",2,False,True
pangyang,4,,False,True
yaporox,"1,2,3","1,3",False,True
veekuhane,"1,3,5","1,3,5",False,True
huili,4,,False,True
thayet,"1,2,5","1,2,5",False,True
buiunda,"1,2,3,5","1,2,3,5",False,True
kuanhe,"1,3,5","1,5",False,True
sosnovy_ostrov,5,,False,True
tumul,"1,2,4","1,2",False,True
piumhi,"1,2,3","1,2",False,True
anding_mashan,"3,4",,False,True
koskoak,"3,5",,False,True
ongoulastoga,"1,3",1,False,True
chan_bo,3,,True,True
yicheng,3,,False,True
shizhao,"2,3,4,5",2,False,True
staraya_ladoga,3,3,False,True
palmas,"1,3,5","1,3",False,True
kengtawng,"1,2","1,2",False,True
jambi,3,,False,True
krasny_bor,"3,5","3,5",False,True
donjek,"2,3,5","2,5",False,True
jerantut,"1,2,3,5","1,2,3,5",False,True
staraya_mayna,4,,False,True
ouasioto,4,,False,True
amrabad,3,,False,True
imbangala,"1,2,3,5","1,2,5",False,True
shimian,3,,False,True
anipitapiskow,4,4,False,True
ankoro,"1,3,4,5","1,5",False,True
tenggarong,"1,3,4,5","1,3,5",False,True
lichtenberg,3,,False,True
beaupreau,3,,False,True
chapeco,"1,3",1,False,True
jaboticabal,"2,3,5","2,5",False,True
saw,"1,5","1,5",False,True
mobile,4,,True,True
zamyany,5,,False,True
umbra,"1,2,3,5","1,2,5",False,True
muang_sing,4,4,False,True
koyukuk,"3,4",,False,True
charagua,"1,2,3,5","1,2,5",False,True
tumba_ikoko,5,,False,True
bombwi,"1,3,5","1,5",False,True
zhanhe,"1,4,5","1,4,5",False,True
ahrweiler,"3,4",,False,True
jiyang,3,,False,True
campo_mourao,"1,2,3,5","1,2,5",False,True
minqing,3,,False,True
penaca,"1,2,3,5","2,5",False,True
yun,3,,False,True
peribonka,"1,2,3,5","1,2,5",False,True
pak_huei_lang,"1,4,5","1,4",False,True
luling,"1,2,3,5","1,2,5",False,True
godagari,"1,2,5","1,2",False,True
niagara,"1,4,5",,True,True
alchan,"2,3,5","2,3,5",False,True
tanahun,"1,2,3,5","1,2,3,5",False,True
vientiane,"3,4,5",3,False,True
jaiba,"1,2,4","1,2",False,True
kaharlyk,3,,False,True
st_ambroix,3,3,False,True
iguazu,"1,2,3,5","1,2,5",False,True
darmstadt,"1,2,3","1,2,3",False,True
khamra,4,,False,True
mengmeng,"1,3,5","1,3,5",False,True
cangwu,"3,4,5",,False,True
satapo,"2,3,5","2,5",False,True
mahoning_oh,1,1,False,True
karor,4,,False,True
pithapuram,4,,True,True
agra,"1,2,3,5","1,2,3,5",False,True
sambalpur,"1,2,3,5","1,2,3,5",False,True
shendi,4,,False,True
pankshin,"1,2,3,5","1,2,3",False,True
bodebyn,"1,2,3","1,2,3",False,True
devarakonda,3,,False,True
khemchik,"1,3,5","1,3,5",False,True
kittila,"1,2,3","1,2",False,True
nikopol,"4,5",,False,True
bonanza,"2,4",2,False,True
kaiguang,3,,False,True
torun,3,,False,True
taliepacana,"1,2,3","1,2",False,True
quipana,3,,False,True
batang,3,,False,True
carasova,5,,False,True
cerwecerna,"1,3,5","1,5",False,True
cantagalo,3,,False,True
muang_nakhon,"1,2,5","1,2,4,5",False,True
ntiltxitk,"1,3,4,5","1,3",False,True
vukovar,"4,5",,False,True
barretos,"3,5",,False,True
magdeburg,3,,False,True
casqui,"1,2,5","1,2,5",False,True
emasulia,"1,2,4,5","1,2,4,5",False,True
lanzhou_lanzhou,3,,False,True
longvek,3,3,False,True
liling,"1,2","1,2",False,True
coutins,3,,True,True
monona,1,1,False,True
bakongo,2,2,False,True
krebedje,"1,4,5",1,False,True
koksharov,"1,2,3,5","1,2,5",False,True
yaroslavl,3,3,False,True
fiorenzuola,"2,3,5",,False,True
sariang,"1,2,4,5","1,2,5",False,True
ruhptare,1,,False,True
hengshan,"1,2,3,5","1,2,3,5",False,True
mainz,"2,3,5",,False,True
sylhet,"1,2,3,5","1,2,5",False,True
qiaojia,"2,4,5",2,False,True
nanping,"2,3,5","2,3,5",False,True
mullheim,3,,False,True
grafenau,1,1,False,True
tit_ary,"1,4,5",1,False,True
krems,3,3,False,True
chandpur,"1,4,5",1,True,True
pavia,1,1,False,True
bogatye_saby,3,,False,True
hajduszoboszlo,3,,False,True
daya_kathyn,"3,4",,False,True
sletewsi,3,,False,True
mukalombo,"1,3,5",1,False,True
pahang,"1,2,3","1,2",True,True
juque,"3,4,5",,False,True
avignon,"1,3",1,False,True
pokrovskoye,"1,4,5",,False,True
nerekhta,3,,False,True
bidzhan,4,4,False,True
kuozhou,"1,4,5",1,False,True
darbhanga,"1,2,3,5","1,2,3,5",False,True
sao_fidelis,"1,3,5","1,3",False,True
zahuatan,"1,2,4,5","1,2,5",False,True
arangastakh,1,1,False,True
yuanmou,"1,4,5","1,5",False,True
zhenkang,"1,5","1,5",False,True
kasuswapaskau,"1,2,3,5","1,2,3,5",False,True
shoma,3,,False,True
pangu,3,,False,True
lipno,3,,False,True
tsivilsk,4,,False,True
sime,"1,2,3,5","1,2,3",False,True
sanyyakhtakh,"1,4,5",1,False,True
gunaaxoo,3,,True,True
dayao,"1,3",1,False,True
dehua_jiujiang,5,5,False,True
baling,"1,4,5","1,4,5",False,True
pakrac,1,1,False,True
mistanipi,3,,False,True
pandua,"2,3",2,False,True
khoja_idat_kala,3,,False,True
shawanoe,3,,False,True
guwahati,"1,2,3,5","1,2,3,5",False,True
sepauk,4,3,False,True
matman,"1,2,4,5","1,2,4,5",False,True
south_juma,"1,2,3,5","1,2,5",False,True
jianchang_sichuan,"1,3",1,False,True
wujiang_bozhou,"1,2,3,5","1,2,5",False,True
barchkend,"2,3",2,False,True
kikinda,"2,3,5","2,3,5",False,True
changqing,3,,False,True
lussuna,"1,4,5","1,4,5",False,True
pelly_faro,3,,False,True
deloy_ges,"2,4,5","2,4,5",False,True
youdian,"1,3",1,False,True
khukhan,"1,2","1,2",False,True
tulguur,4,4,False,True
yuechi,3,,False,True
mengban_weiyuan,"1,2,3","1,2",False,True
banan,5,,False,True
lokera,"1,3,5",3,False,True
moksobo,"2,4",2,False,True
srey_sarchhor,5,,False,True
dadandang,3,,False,True
taquara,"1,3,5","1,5",False,True
xiangshan_xinhui,5,,True,True
xinhui,"2,5",2,True,True
gujrat,3,,False,True
kara,"3,4",,False,True
kataka,"1,4",,False,True
pakpattan,3,,False,True
derawar,2,2,False,True
dambwe,3,,False,True
wanga_bazar,3,3,False,True
mailsi,3,,False,True
ismail,"4,5",,False,True
korti,3,,False,True
qerri,4,,False,True
bamba,"2,3","2,3",False,True
porto,"1,3",1,True,True
gao,"1,3,5","1,5",False,True
gotheye,3,,False,True
arlal,3,3,False,True
kilmez,"1,3,5",1,False,True
azia,"1,2","1,2",False,True
viviers,3,3,False,True
chinon,"2,3,5","2,3,5",False,True
elgyai,3,3,False,True
jinglong,"2,3,4,5",2,False,True
massabo,3,,True,True
orange,3,3,False,True
kuanda,"1,3",1,False,True
yunnei,3,,False,True
dobyaz,"1,4,5",,False,True
kherigarh,"1,3,5","1,3,5",False,True
opaskwayak,3,3,False,True
quigualtam,"1,5",1,False,True
branicevo,"2,4,5",2,False,True
dambai,"2,3,5","2,3,5",False,True
tyagacho,"1,2,3,5","1,2,5",False,True
gongan,"1,5",1,False,True
tenasserim,"1,3,5","1,3,5",False,True
ksituan,3,,False,True
hanguang,"2,3,5",2,False,True
ust_tsimla,3,,False,True
babana,3,,False,True
ikryanoye,5,,True,True
zenta,3,3,False,True
puge,"1,4,5",1,False,True
palisema,"2,3,5","2,5",False,True
tezpur,"3,5","3,5",False,True
kovin,5,,False,True
nudarcha,"1,2,3,4,5","1,2,4",False,True
rudrapur,"1,3,4","1,3",False,True
chinchaga,"1,2,3,5","1,2,5",False,True
xuanhua_nanning,"1,2,3,5","1,2",False,True
wiesbaden,3,"2,3,5",False,True
kunduz,"1,2,3,4,5","1,2,3,4,5",False,True
taoyuan,3,3,False,True
kinabatangan,"2,3",2,True,True
coiracoentanon,"1,2,3,4,5","1,2,4,5",False,True
tis_reka,"1,5","1,5",False,True
arnhem,4,,False,True
mongyang,"1,2,4,5","1,2,4,5",False,True
tayan,"1,4,5","1,4,5",False,True
jolom_konob,"1,2,3,5","1,2,5",False,True
krasny_yar,"1,5",1,True,True
phnom_santuk,"1,5","1,5",False,True
yenotayevka,5,,False,True
mohacs,4,,False,True
mahakam,3,3,False,True
yunkyur,4,,False,True
zolotonosha,5,,False,True
voghera,"1,3,5","1,3,5",False,True
ostiglia,3,,False,True
romans,2,2,False,True
chabcha,3,,False,True
xiangtan,"2,3,4,5","2,3,5",False,True
nebesek,"1,5","1,5",False,True
vyadhapura,"1,2,5","1,2",False,True
pontianak,"2,3,4","2,3",True,True
liucheng,"2,3,5","2,3,5",False,True
linz,3,,False,True
macha,4,,False,True
coyaima,"1,2,3","1,2",False,True
imangaq,4,,True,True
nichabau,"1,3",1,False,True
shwegu,"1,3,4,5",1,False,True
irakinda,"1,2,3,5","1,2,5",False,True
paxtang,1,1,False,True
tuyen_quang,"2,3,5","2,5",False,True
kampong_sraka_trey,"1,2,3,5","1,2,5",False,True
ardatov,3,,False,True
navidakh,3,,False,True
moana_kassongo,1,1,False,True
mawkmai,"1,2,4,5","1,2,5",False,True
hmawbi,"1,2,5","1,2",False,True
moana_mussumba,4,,False,True
ensisheim,3,,False,True
emuer,3,3,False,True
tanah_putih,"2,3",2,False,True
rastyapino,3,,False,True
lanxi,"2,3,5","2,5",False,True
weithali,"1,2,3,5","1,2,5",False,True
nunu,"1,3,5","1,5",False,True
baak,"1,2,3,4","1,2,3",False,True
seyat,3,,False,True
poligus,"2,3,5",2,False,True
rouen,3,,False,True
kara_shilka,"1,2,3,5","1,2,3,5",False,True
moosonee,3,,True,True
changning_changning,4,,False,True
licheng,3,,False,True
khandyga,"1,2,4,5","1,2,4,5",False,True
saukiog,"2,3","2,3",False,True
peledui,"1,3,4,5","1,4,5",False,True
banlung,3,3,False,True
kolomna,"1,2,3,5","1,2,5",False,True
amersfoort,4,,True,True
caratinga,"1,2,3","1,2",False,True
qianwei,"1,4,5","1,5",False,True
otrar,"1,3,5",1,False,True
watang,3,,False,True
sekkosi,3,,False,True
kiya,"2,4,5","2,4,5",False,True
otnabog,"1,3","1,3",False,True
siimitalik,"2,3","2,3",False,True
tubigarao,3,,False,True
tilsit,3,3,False,True
kyr_uzkand,"1,3","1,3",False,True
pengshan,"1,3",1,False,True
salaspils,3,,True,True
wakmua_oin,3,,False,True
hatchie,"1,5","1,5",False,True
gaoyuan_jinan,3,,False,True
moona_mpanda,3,3,False,True
germersheim,3,3,False,True
tuol_ta_mouk,"1,2,3","1,2",False,True
sillanwali,3,,False,True
sena,"1,4,5","1,4,5",False,True
palampet,"3,4,5",3,False,True
naserpur,4,,False,True
sonepur,"1,2,3,4,5","1,2,5",False,True
kapurthala,"2,3,5","2,3",False,True
khurda,1,,False,True
dajal,4,,False,True
fatehabad,3,3,False,True
tungi,4,,True,True
chedzurgwe,"1,3,5",1,False,True
oreshek,"3,4","3,4",False,True
tada,"1,3,5","1,3,5",False,True
gambo,"1,3,5","1,5",False,True
omdurman,"3,4,5",,False,True
fashoda,"3,4,5",,False,True
gimbi,"2,3,5","2,5",False,True
dargol,3,,False,True
goudel,3,,False,True
thuy_vi,"1,3","1,3",False,True
qayyarah,3,3,False,True
lukenie,"2,3",2,False,True
kongsvinger,"2,3",2,False,True
tboung_khmum,"1,2,5","1,2",False,True
zhanggu,3,3,False,True
zhengcheng,"1,3,5",1,False,True
kunjabangarh,4,,False,True
banjar,"2,4,5","2,4",True,True
yinshan,3,,False,True
strasbourg,"3,5",5,False,True
langqu,3,,False,True
manmaw,"1,2,4,5","1,2,5",False,True
shuitejiang,3,3,False,True
talang_mamak,"1,3,5",1,False,True
binchuan,"1,3,5",1,False,True
solt,4,,False,True
changshou_changshou,"1,5","1,5",False,True
doboj,"1,3",1,False,True
gaoyao,"1,4,5","1,4",False,True
nochpeem,1,1,False,True
sarahan,3,,False,True
huangmei,5,5,False,True
basel,3,,False,True
shakhty,"2,3",2,False,True
musi_hilir,"1,4",1,True,True
yuanling,"2,3,5","2,3,5",False,True
miskolc,"1,2,3,5","1,2,5",False,True
lengshuitan,"2,3,5","2,5",False,True
burg,3,,False,True
sagaing,"2,4,5","2,5",False,True
comacchio,3,,True,True
tangdan,"2,4,5",2,False,True
tombigbee,3,,False,True
uschu,"1,5","1,5",False,True
hachberg,3,,False,True
hanyang,"1,3,5","1,5",False,True
farkhor,"1,2,3,5","1,2,5",False,True
scharding,3,,False,True
mushikitee,"2,3,5","2,5",False,True
north_juma,"2,3,4,5","2,3",False,True
linxiang,5,,False,True
khoro,"1,3",1,False,True
chornobyl,"2,3,5",2,False,True
zhangqiu,3,,False,True
menahkwesk,"1,3,5","1,3",True,True
wittenberge,3,,False,True
bishan,"4,5",,False,True
zhiziluo,3,,False,True
niobrara,3,,False,True
ingapu,"1,2,5","1,2",False,True
shtax_heen,3,,True,True
vakhs,3,3,False,True
south_letota,"1,2,3,5","2,5",False,True
tutilpinco,3,3,False,True
meductic,3,3,False,True
opimika,"1,3,5","1,3",False,True
quinnipiac,3,,True,True
prayag,"3,4,5",,False,True
kitete,"2,3",2,False,True
bohai,"1,3",,False,True
maubin,5,,True,True
gomsi,"1,2,4,5","1,2,5",False,True
daye,5,,False,True
gengma,3,,False,True
toulnustouc,"1,2,3,5","1,2,3,5",False,True
prasat_thong_lang,"1,3","1,5",False,True
malbork,3,3,False,True
bada,"1,2","1,2",False,True
jaggas,"1,2","1,2",False,True
lubile,3,,False,True
siyom,"1,2,3,5","1,2,3",False,True
bol_shaya_martynovka,3,,False,True
lom,"1,4,5","1,5",False,True
butalin,4,,False,True
kippawa,1,1,False,True
amazar,3,,False,True
koostaaka,3,,False,True
zhenxi_lizhou,"1,3,5","1,3,5",False,True
lebus,"1,2,3,5","1,2,3,5",False,True
atishchevo,1,"1,4,5",False,True
khampa,"1,3",1,False,True
amonokoa,"3,5",,False,True
voskresenskoye,"2,4",2,False,True
cruz_alta,"1,2,4,5","1,2,4,5",False,True
miketo,1,,False,True
bihariganj,4,4,False,True
qianjiang,3,,False,True
aaboukingon,"1,2,4,5","1,2,4,5",False,True
chatanugi,"2,3,5","2,3,5",False,True
huaining,"1,5","1,5",False,True
yunlong,3,,False,True
tauramena,"1,2,3,4,5","1,2,3,4,5",False,True
kreuznach,3,,False,True
hehe,3,,False,True
petaigan,"2,3","2,3",False,True
kutai_lama,4,,True,True
selenge,"1,3,5","1,3,5",False,True
otatitlan,3,,False,True
kasekete,"1,3,4,5","1,5",False,True
kot_addu,"3,4",,False,True
chiramba,4,4,False,True
matope,3,,False,True
mukariva,"3,5",,False,True
jhang,3,,False,True
milange,3,,False,True
kohtali,"2,3",2,False,True
athmallik,4,,False,True
bumbuzi,3,,False,True
mutota,4,,False,True
kalpi,"2,3","2,3",False,True
cuama,4,,True,True
attock,"3,4",,False,True
kpalime,3,,False,True
nnewi,"1,4",1,False,True
shemkhiya,4,,False,True
soba,3,,False,True
wau,"1,2,3,5","1,2,3,5",False,True
katsina_ala,"1,3,4,5",1,False,True
fifinda,"1,2,3","1,2",True,True
goundam,3,,False,True
kaba,"1,2,3,5","1,2,3,5",False,True
libore,3,,False,True
say,"1,3",1,False,True
yola,"1,2,3,5","1,2,3,5",False,True
yongping_yongchang,3,,False,True
calpista,"1,3,5","1,3,5",False,True
muxima_ayo,"1,3",1,False,True
jiangan,4,,False,True
mayen,"2,3,4",2,False,True
kolymskoie,"1,3",1,False,True
samarchyk,"1,5",1,False,True
sumgut_vosh,5,,False,True
dingyuan_lingzhou,3,,False,True
winsen,3,,False,True
baja_hungary,4,,False,True
brahin,3,,False,True
khaspur,"2,3,5","2,3,5",False,True
vyatskiye_polyany,3,,False,True
nanchong,3,,False,True
kale,"1,2,3,4,5","1,2,3,5",False,True
chepoussa,"1,4,5","1,4,5",False,True
moingwena,"1,2,4,5","1,2,5",False,True
taihe_taihe,"1,3",1,False,True
itabira,"1,2,3,5","1,2,5",False,True
waingmaw,"1,3,4,5","1,4",False,True
leibo,4,4,False,True
huayin,"2,3,5","2,3,5",False,True
luzhang,3,,False,True
muang_thaeng,"2,3",2,False,True
belgrad,"3,4",,False,True
cameroons,"1,3",1,True,True
dubica,"1,2,5","1,2,5",False,True
zalon_taung,"1,3,4,5","1,3,5",False,True
bapunu,"1,2,3","1,2",True,True
naungyo,"1,5",1,False,True
enhe_hada,"2,3,5","2,5",False,True
huacrachuco,"1,3",1,False,True
bailundo,"1,2,3,5","1,2,3,5",False,True
mukdahan,4,,False,True
nanxi,4,,False,True
balakovo,"1,5","1,5",False,True
dzingcho,3,,False,True
vieng_phouka,4,4,False,True
tinjar,"1,2,5","1,2",False,True
chibwe,"1,3",1,False,True
gorokhovets,"2,3,5","2,5",False,True
cuango,"1,3",1,False,True
salcha,"2,3","2,3",False,True
mong_yai,"1,4",1,False,True
luchuan_mangshi,"1,2,3,5","1,2,3,5",False,True
tindirma,"1,2,3,5","1,2,5",False,True
niah,"1,3",1,True,True
kyakhta,"1,2,3,5","1,2,5",False,True
golo_muiassa,"1,2,3,5","1,2,3",False,True
pachan,"2,3,5","2,3",False,True
wabasca,"1,3,4,5","1,4,5",False,True
piantouguan,3,,False,True
molodo,"1,5",1,False,True
batchingou,"1,2,3,5","1,2,5",False,True
ilucan,"1,3",1,False,True
tynda,1,1,False,True
namieta,"1,3",1,False,True
nizhny_novgorod,"3,4,5",,False,True
ashaninka,"1,2,3,5","1,2,3,5",False,True
keta,3,,True,True
horoshino,"1,5",1,False,True
ouaka,"1,2,4,5","1,2,5",False,True
waawiiyaataanong,5,,True,True
baram,"1,2,3,5","1,2,5",False,True
skitsetsen,"2,3,5",2,False,True
kanna,4,,False,True
lahei,"1,2,3,5","1,2",False,True
otun,"1,3",1,False,True
eldikan,"2,4,5","2,5",False,True
laskarpur,"1,4",1,False,True
doh_kromum,"1,2,3","1,2,3",False,True
ngoc_ma,"1,2,4,5","1,2,5",False,True
tiou,"1,2,3,5","1,2,5",False,True
chena,3,,False,True
cuttaway,"1,3",1,False,True
fort_simpson,4,,False,True
kibi,"1,3,5","1,5",False,True
muskingum,"2,3,5",2,False,True
apucarana,"1,2,3,5","1,2,5",False,True
tournon,"2,3,5","2,3,5",False,True
mengtong,"1,3",1,False,True
naguatex,"1,2,3,5","1,2",False,True
guiyang_hengyang,3,,False,True
terbyas,3,,False,True
zhaushikumtobe,3,,False,True
gonjo,3,3,False,True
lijin,"1,3",1,True,True
baurang,3,3,False,True
wushan,"1,5","1,5",False,True
nahanni,"3,5",3,False,True
youyang,"1,3,5",1,False,True
tata,"2,4,5",2,False,True
andawaohie,"1,5","1,5",False,True
pocasse,"1,3",,False,True
utsutigway,3,,False,True
pinoh,"1,2,3,5","1,2,5",False,True
okobojo,3,,False,True
sochaczew,3,,False,True
guarinoes,3,,False,True
balagachchy,3,,False,True
xojeli,3,,False,True
cernavoda,4,,False,True
rechnoye,"1,5",1,False,True
mussende,"2,3,5","2,3,5",False,True
shuntaneshnanga,3,,False,True
ollo,3,,False,True
pawir,"1,4,5","1,4,5",False,True
chupanga,4,,False,True
bargarh,3,,False,True
masulipatnam,"1,4",1,True,True
bunji,"1,3,5","1,5",False,True
mopeia,1,1,False,True
kahlur,3,,False,True
uch,"3,4,5",,False,True
kandiaro,4,,False,True
karor_2,4,,False,True
tete,"2,4,5",,False,True
hajner,3,,False,True
chiniot,3,,False,True
bhadrachalam,"2,3,4","2,3",False,True
mano,"1,2,3,5","1,2,5",True,True
qasr_ibrim,4,,False,True
abu_hamed,4,,False,True
arbaji,3,,False,True
gondokoro,"1,4",1,False,True
bi_pi,"2,3,5","2,3,5",False,True
kabara,3,3,False,True
logone_birni,"1,2,3,5","1,2,5",False,True
nyamina,3,,False,True
xiacai,3,,False,True
baotong,3,,False,True
lungkya,"1,2,3","1,2,3",False,True
moss,3,,True,True
visesav,4,,False,True
tutrakan,"1,4,5","1,5",False,True
sesheke,"1,2,5","1,2,5",False,True
salair,3,3,False,True
qlispe,3,,False,True
jangipur,"1,5",1,False,True
eseejja,"1,2,3,5","1,2",False,True
siegburg,"3,4",4,False,True
dongping,3,3,False,True
morrinhos,"1,2,3,5","1,2,3,5",False,True
churumekua,"1,3,5","1,5",False,True
bykovo,5,,False,True
paru,"3,5",,True,True
arkhara,"1,4,5","1,5",False,True
bolo,"1,2,3,5","1,2,3,5",False,True
nanhai,"1,3,5","1,3",False,True
zakroczym,"1,2,3,5","1,2,5",False,True
thien_truong,"2,4",2,True,True
manigotagan,3,,False,True
chandrabad,"1,2,5","1,2",False,True
marmande,2,2,False,True
balyktykol,3,,False,True
burayevo,3,,False,True
cegani,"1,2,4","1,2",False,True
fehervar,4,,False,True
charquis,"3,4,5",,False,True
mala,3,3,False,True
osterburg,"1,3,5","1,3,5",False,True
gichthanne,"1,2,4","1,2",False,True
thang_long,"1,3,4",1,False,True
huanggang,"1,5","1,5",False,True
ficarolo,"2,3",2,False,True
bilgram,"3,5",5,False,True
velyka_oleksandrivka,3,,False,True
kleve,4,4,False,True
kipahigan,"1,2,3,5","1,2,5",False,True
kerki,"1,3,4",,False,True
gunnaur,3,,False,True
rotterdam,4,,True,True
bacs,4,,False,True
flix,"2,3",2,False,True
rohat_kermen,3,,False,True
sayniabuli,4,,False,True
mangazeya,1,1,False,True
jhanjharpur,"1,3,5","1,3,5",False,True
radom,3,,False,True
kelif,1,,False,True
shizhu,5,,False,True
monghsu,"1,2,4","1,2",False,True
kaifeng,3,,False,True
suzhou,"1,3",1,False,True
piletisipuk,"2,3",2,True,True
rongshan,"1,3",1,False,True
kaonde,3,,False,True
champasak,"1,2,3,5","1,2,5",False,True
matarjawira,"1,3",,False,True
timbuktu,,3,False,True
ciechanow,3,,False,True
chiang_khong,"1,4,5",1,False,True
linxian,3,,False,True
chalkyitsik,4,,False,True
baden,3,,False,True
kiwigapawa,"1,2",2,False,True
yarensk,"2,3",2,False,True
mackenzie,5,,False,True
bankutu,"1,4,5",1,False,True
tirkong,"1,2,4,5","1,2,4,5",False,True
lahontan,"2,3,5","2,5",False,True
harsova,4,,False,True
trogstad,3,,False,True
erachimo,"1,4,5","1,4,5",False,True
nemptu,"1,2,3,5","1,2,3,5",False,True
mamadysh,"3,4",,False,True
longyou_jiading,"2,3,4,5","2,5",False,True
mongmit,"1,3",1,False,True
biswan,"3,4",3,False,True
sabac,"2,3",2,False,True
buchu,"1,2,3,5","1,2,3,5",False,True
titel,3,3,False,True
katibas,"1,2,4,5","1,2,4,5",False,True
akilonda,"1,3",3,False,True
dhubri,"1,2,3,5","1,2,3,5",False,True
braila,"1,2,4,5","1,2,5",False,True
ranibas,"3,5","3,5",False,True
sernur,3,,False,True
lucheng,3,,False,True
rajnagar,"1,2,3,5","1,2,5",False,True
khuzhupai,2,2,False,True
isaccea,"4,5",,False,True
chipisipi,"1,3,5","1,3,5",False,True
manatara,"1,3",,False,True
thu_vat,2,2,False,True
xuanhua,4,,False,True
xunhe,4,,False,True
durgyeling,"1,3",1,False,True
mpueto,3,3,False,True
thaungdut,4,,False,True
htigyaing,"1,2,4,5","1,2,4,5",False,True
hucha_hudan,"2,3,5","2,5",False,True
sao_jose_preto,1,1,False,True
seymchan,3,3,False,True
nuoluo,"1,3,5",1,False,True
huaihua,"1,2,3","1,2",False,True
kakisa,4,4,False,True
unjegah,3,3,False,True
atiya,"1,5",1,False,True
missicabi,"2,3",2,True,True
arkhan,"2,3","2,3",False,True
machang,3,,False,True
malykovka,5,,False,True
chalin,"1,3,5","1,5",False,True
freienwalde,3,,False,True
jujin,3,,False,True
bongor,"1,2,3,5","1,2,3,5",False,True
arauca,"1,2,3,4,5","1,2,4,5",False,True
kuripan,"3,4",,False,True
chaudandi,3,3,False,True
phnom_penh,"1,3,5",1,False,True
yongshan,4,,False,True
tczew,3,,False,True
ilan_hala,"1,2,3,5","1,2,3,5",False,True
luchow,3,,False,True
pavlovo,3,,False,True
muse,"3,4",,False,True
grant_creek,4,,False,True
sampheak_borak,"1,5","1,5",False,True
tensas,"1,2,3,5","1,5",False,True
mayya,1,1,False,True
kaskinampo,"1,3,4,5","1,5",False,True
danubyu,"1,5",1,False,True
pasho,"1,3,5","1,3",False,True
krivoshchekovo,3,3,False,True
nyangu,3,3,False,True
makanpur,3,,False,True
barasuru,"2,3,4,5",2,False,True
omerkot,4,,False,True
muhammad_tur,4,,True,True
karur_punjab,3,,False,True
sargadwari,3,,False,True
zumbo,3,,False,True
arrah,"3,4",3,False,True
kwararafa,"1,2,5","1,2,5",False,True
nounkonkan,"1,2,3,5","1,2,5",False,True
ugbo,"1,2,3,5","1,2",False,True
kosa,3,,False,True
kaka,3,,False,True
daw_sud,4,,False,True
atbara,"1,2,5","1,2,4,5",False,True
branko,3,,False,True
dia,"2,3",2,False,True
doba,"1,2,3,5","1,2,5",False,True
goundi,"1,2,3","1,2",False,True
basti,"1,4",1,False,True
lolo,"1,2,3","1,2",False,True
ozanna,"1,2,3,5","1,2,3,5",False,True
wujiang_yingtian,"1,5","1,5",False,True
zimnicea,5,,False,True
guichi,"1,5","1,5",False,True
xiaoshan,"1,2,3,5","1,2",True,True
woking,1,1,False,True
riga,"1,3",1,True,True
kraho,"1,4",1,False,True
hum,"2,3,5","2,5",False,True
uele_ca,"1,2,3,5","1,2,5",False,True
gigen,"1,2,4,5","1,2,5",False,True
barnaul,3,,False,True
moira,"1,3",1,False,True
siriono,"1,2,3,5","1,2,5",False,True
lower_aktanyshbash,3,,False,True
selpils,"2,3",2,False,True
ferrette,3,,False,True
cabinda_kongo,5,,True,True
guizhou_xunzhou,3,,False,True
meshchersk,3,,False,True
raznezhye,"2,4,5","2,5",False,True
bungu_kongo,5,,False,True
yumba,3,,False,True
malinithan,"1,5","1,5",False,True
mattawana,"1,2,3,5","1,2,3,5",False,True
martaban,"3,4",3,True,True
korenevo,3,,False,True
hedong,3,,False,True
angermunde,3,,False,True
starodub_votsky,3,,False,True
boowe,"1,2,3,4,5","1,2,3,5",False,True
tinnaya,"2,4",2,False,True
jiangjin,"1,2,5","1,2,5",False,True
yanchang,3,,False,True
nam_xuang,"1,3,4,5","1,4,5",False,True
dibang,"1,2,3,5","1,2,3,5",False,True
voznesenskoye,5,5,False,True
ruicheng,3,,False,True
guiratinga,"1,2,3,5","1,2,3,5",False,True
kwerba,4,,True,True
futian,"3,5",,False,True
mengjin,3,3,False,True
tywhapita,"1,4,5","1,4,5",False,True
nipissu,"1,3,5","1,3,5",False,True
kwilu,"2,3,5","2,5",True,True
akwe,"1,2,3,5","1,2,3,5",False,True
shanxian,3,,False,True
nong_khay,4,,False,True
riverie,3,,False,True
bira,1,1,False,True
shangjin,3,,False,True
kakenje,"3,5","3,5",False,True
atacames,"1,2,3,5","1,2,5",True,True
klewi,4,,False,True
dongchuan,1,1,False,True
panatahuas,"1,2,3,5","1,2,5",False,True
novgorod,"1,2,5","1,2,5",False,True
lingwu,3,,False,True
hoilkut,"1,2,3,5","1,2,3,5",False,True
kamassekuakamat,"1,3,5","1,3,5",False,True
karang_brahi,"1,2,3,5","1,2,3,5",False,True
loei,"1,5","1,5",False,True
qubodijon,"1,2,3,5","1,2",False,True
muang_khemarat,"1,3,5","1,5",False,True
kath,3,,False,True
ayays,3,,False,True
kamyshin,5,,False,True
khamyab,4,,False,True
boduna,"1,2,3,5","1,2,3",False,True
taizhou_jurchen,"1,3","1,3",False,True
pema,3,3,False,True
wachilmezi,"1,5","1,5",False,True
hkamti,"1,3,4,5","1,3,5",False,True
stezyca,2,2,False,True
machecoul,3,,True,True
silat,"1,4,5","1,5",False,True
muktagacha,"1,2,5","1,2,5",False,True
ynakhsyt,"1,2,3,5","1,2,3,5",False,True
sutkent,3,,False,True
apoquitaua,"1,3,4,5","1,4,5",False,True
hulin,"1,2,3","1,2",False,True
kori_bara_karaa_ancas,3,,False,True
kawliya,"1,3,5","1,3,5",False,True
czersk,3,,False,True
wando,3,,True,True
weiyuan,"1,3",1,False,True
guastalla,"1,3,5","1,3",False,True
lubefu,"1,2,3,5","1,2,5",False,True
ayo_ayo,1,,False,True
maping,3,,False,True
yor,3,,False,True
nyzvar,3,,False,True
lyuban,3,,False,True
zhongli,3,,False,True
griesbach,3,,False,True
dymer,"1,3,5","1,5",False,True
shiqian,3,,False,True
tangkya,3,,False,True
mengli,3,,False,True
lumphat,"1,2,3,5","1,2,3,5",False,True
bolghar,4,,False,True
jonang,"1,2,3,5","1,2,5",False,True
myshuryn_rih,"3,5",,False,True
mbewe,3,,False,True
giurgiu,"1,4,5","1,5",False,True
huolin,"1,3","1,3",False,True
casalmaggiore,"1,3,5",1,False,True
tanabi,"1,3,4,5","1,4,5",False,True
lensk,"2,4",2,False,True
kyakhtinskii,"1,2,3,5","1,2,3,5",False,True
htamanthi,"2,3,4,5","2,3,5",False,True
yusha,"1,3",1,False,True
rashid,"1,3",1,True,True
giza,"3,4",,False,True
shangyuan,"1,5","1,5",False,True
boli,"1,3,4,5","1,5",False,True
achan,"1,2,3,5","1,2,5",False,True
mikkwa,4,,False,True
maskwa,3,3,False,True
aizkraukle,3,,False,True
jingling,3,,False,True
dannenberg,3,,False,True
tonle_kong,"1,3,5","1,3,5",False,True
bagayevskaya,"1,3,5","1,5",False,True
yemetsk,5,5,False,True
luapula,3,,False,True
naxi,"1,4,5",1,False,True
yongchuan,5,,False,True
tarascon,"1,2,3,5","1,2,3,5",False,True
muchuan,"1,3",1,False,True
jiangling,"1,5","1,5",False,True
onimgohow,"1,3,5","1,5",False,True
chojna,"2,3",2,False,True
yamachiche,3,,False,True
iguape,"1,3",1,True,True
swiecie,3,,False,True
ust_medveditskaya,"1,2,3,5","1,2,3,5",False,True
zhaohua,"2,3",2,False,True
kafaila,"1,3",1,False,True
yurimagua,"1,2,4,5","1,2,4,5",False,True
vilyuy,"1,3","1,3",False,True
amyint,"2,4,5","2,5",False,True
srok_khleang,"1,5",1,True,True
saleesh,"2,3,5","2,3,5",False,True
kele,"1,4,5","1,4,5",False,True
witym,"1,3,4",1,False,True
shishou,5,,False,True
negoot,1,1,False,True
dinkot,4,,False,True
vijayapur,"2,3,5",,False,True
nkee_us,1,,False,True
koasati,3,,False,True
khosheutovo,"1,5",1,False,True
chucalissa,"1,5","1,5",False,True
sanshui,"2,3,4,5",,False,True
moapa,3,,False,True
lopburi,"1,2,3","1,2",False,True
lingling,"2,3","2,3",False,True
santo_antonio,"1,2,3,5","1,2,5",False,True
tayaccasa,3,,False,True
sungai_jujuhan,"1,2,3,5","1,2,5",False,True
ekwentondie,"1,3,5","1,5",False,True
bruck_leitha,"3,4,5","3,4,5",False,True
illecillewaet,"1,3,5","1,3,5",False,True
byuteydyakh,"1,3",1,False,True
dzogon,"2,5","2,5",False,True
blackwater,"2,4",2,False,True
nedong,3,,False,True
porte,"2,3",2,False,True
lukulunga,3,,False,True
donglan,3,,False,True
jalalabad,"2,3,5","2,5",False,True
pouss,"1,2,3","1,2",False,True
isakhel,4,,False,True
sarangarh,3,3,False,True
chamo,3,,False,True
shahpur,3,3,False,True
rath,"1,2,3,5","1,2,5",False,True
rasyal,3,,False,True
chishtian,3,,False,True
mankera,"3,5",,False,True
angul,"1,4",1,False,True
chunar,4,,False,True
hala,4,,False,True
ugbodu,"2,4","2,4",False,True
warri,"1,2,4","1,2",False,True
waylula,3,,False,True
faras,4,,False,True
rovaniemi,"2,3","2,3",False,True
el_eleila,"1,3,5","1,3,5",False,True
koulikoro,3,,False,True
segou,"2,3",2,False,True
tounouga,"1,2,3,5","1,2,3,5",False,True
puyang,3,,False,True
oohl,"2,3",2,True,True
cumaribo,"1,2,3,4,5","1,2,3,5",False,True
hamar,"2,3,5","2,5",False,True
bumbuli,"1,3",1,False,True
rangpur_bengal,"2,5","2,5",False,True
thoulakhom,"2,3,4","2,3,4",False,True
hutton,"1,2,3,5","1,2,3,5",False,True
shadodkot,"1,4",1,False,True
kabachischi,4,,False,True
lodose,"1,3",,False,True
khanda,4,,False,True
moneton,"1,2,5","1,2,5",False,True
skardu,"1,3,5","1,5",False,True
tulita,"1,2,4,5","1,2,4,5",False,True
kalassa,3,,False,True
nytva,"2,3,5","2,3,5",False,True
yakesa,3,,False,True
curuai,"2,5","2,5",False,True
bengmara,"1,2,4,5","1,2,5",False,True
jinkang,"1,4",1,False,True
hulu_mahakam,"1,2,3,5","1,2",False,True
n_pooh_le,"2,4,5","2,4,5",False,True
yongning_baisheng,"2,3,5",2,False,True
mbanza_soyo,5,,True,True
xindi,"1,5","1,5",False,True
aklaviq,5,,False,True
calafat,4,,False,True
kinhama,"1,3,5",1,False,True
kletskaya,3,,False,True
pecatonica,2,2,False,True
parepona,"1,2,3,4,5","1,2,3,4,5",False,True
ocanga,"1,3",1,False,True
zadian,4,,False,True
indrapura_khmer,"2,3,5","2,3",False,True
wuxian_liuzhou,"3,4,5",,False,True
buda,"3,4",,False,True
canindeyu,"1,5","1,5",False,True
kamla,"1,2,3,5","1,2",False,True
nazym,"1,2,5","1,2,5",False,True
yemelyanovo,4,,False,True
inzia,"1,2,3,5","1,2,3,5",False,True
gongxian,"1,3,5","1,3,5",False,True
ayo,"1,3",1,False,True
esztergom,"3,4",,False,True
urua,3,,False,True
jomda,"1,3,5",1,False,True
llenllenet_ten,"1,3,5","1,3,5",False,True
loengowe,3,,False,True
sarapul,"3,4,5",3,False,True
hazarasp,3,3,False,True
bikoro,"3,4,5",,False,True
kikassa,"1,2,3,5","1,2,3,5",False,True
dyryn_ebe,4,,False,True
aarau,"1,2,3,5","1,2,5",False,True
taksimo,"1,3,5","1,5",False,True
kaxixo,"1,2,3,5","1,2,3,5",False,True
songzi,"1,5",1,False,True
yelovo,3,,False,True
tapirape,"1,2,4,5","1,2,4,5",False,True
payette,1,1,False,True
ganxian,"1,2,3,5","1,2,3,5",False,True
koroa,"1,3",1,False,True
gromatukha,3,,False,True
lingzhou,3,,False,True
samye,3,,False,True
utkhupampa,"1,2","1,2",False,True
tethul,4,4,False,True
suki,4,,True,True
kaibab,"2,3,5","2,3,5",False,True
cahokia,4,,False,True
fengdu,"1,5","1,5",False,True
hogehege,"1,3,5","1,3,5",False,True
dzhuk,"2,5","2,5",False,True
simmern,3,,False,True
tala_kyuyel,"1,2,3,5","1,2,3,5",False,True
laish,4,,False,True
sangamon,"1,3","1,3,5",False,True
sicasica,1,,False,True
ethapetha,"3,4",,False,True
ust_pinega,"2,4,5","2,4,5",False,True
macaregua,"1,2,3","1,2,4",False,True
osa,3,,False,True
selimbau,"2,4,5","2,5",False,True
putao,"1,2,3,5","1,2,5",False,True
kuarepoti,1,"1,2,4,5",False,True
mitimiri,"1,3",1,True,True
shaharpara,"1,3,5","1,3,5",False,True
nehantuck,3,,True,True
misha_shipu,"1,3",1,False,True
leko,"1,2,3","1,2",False,True
mantova,"1,3",1,False,True
tamaroa,"1,4,5","1,5",False,True
turnu_magurele,"1,5","1,5",False,True
lodi,"1,2",2,False,True
akinka_nup,"2,3,5",2,False,True
salay,5,,False,True
dipayal,"2,3,5","2,5",False,True
abrahamtelke,4,,False,True
sadiya,"1,2,3,4,5","1,2,3,5",False,True
aiwanj,"2,3,4,5","2,3,5",False,True
lanyang,"3,5",5,False,True
damanhur,"1,3",1,False,True
atfih,4,,False,True
qus,4,,False,True
tsaratanana,"2,3,5","2,3,5",False,True
ambalanjakomby,"2,3","2,5",False,True
malaimbandy,"1,2,3,5","1,2,3,5",False,True
qena,4,,False,True
nantes,3,,True,True
samarra,3,,False,True
baghdad,"2,3,5","2,3,5",False,True
dayr_aqul,"1,3,5",1,False,True
abdas,"3,5",,False,True
tabqah,3,,False,True
raqqa,3,,False,True
jean_marie_river,4,,False,True
curahuara,"1,3",,False,True
lyskovo,5,,False,True
lujiang,3,,False,True
chelmno,3,,False,True
nandan,"1,3",1,False,True
quibdo,"1,2,3,5","1,2,3,5",False,True
rupharupha,"1,3,5","1,3,5",False,True
shar_yelpuk,3,,False,True
xingyang,3,,False,True
baode,3,,False,True
oppenheim,3,,False,True
aha_macav,3,,False,True
mangapet,4,,False,True
hinthada,"1,2,5","1,2",False,True
birches,"1,4,5","1,4",False,True
vitim,"1,2,3,5","1,2,3,5",False,True
chach,"2,3,5","2,3,5",False,True
bazas,"2,3",2,False,True
sreepur,5,,False,True
tongzhou,"1,3",1,False,True
kamyskala,3,,False,True
namhkan,3,,False,True
gunza_anbamba,3,,False,True
da_giang,3,,False,True
birma,"1,3,5","1,5",False,True
gaur,"1,2,3,5","1,2,5",False,True
lahasusu,"1,3,4,5","1,4,5",False,True
mongping,"1,4,5","1,4,5",False,True
hequ,3,,False,True
nijmegen,4,,False,True
muong,3,,False,True
winnee,"1,2,3","1,2",False,True
nashwaak,1,1,False,True
bir_amur,3,3,False,True
tamalameque,"1,2,4,5","1,2,5",False,True
xincheng,"1,2,3,5","1,2,3,5",False,True
daklha_gampo,3,,False,True
hulu_melawai,"1,2,3,5","1,2,5",False,True
aroostook,"1,2,3,5","1,2,5",False,True
emei,3,,False,True
namling,3,,False,True
watappo,"1,3,5","1,3",True,True
lauenburg,3,,False,True
pabna,"3,5",5,False,True
sanga_kongo,"1,3,5","1,3",False,True
pochutla,"1,3",1,False,True
kontagora,"1,3,5","1,3",False,True
llucho,"1,2","1,2,3",False,True
wloclawek,3,,False,True
hengyang,"1,2,3,5",1,False,True
ryazan,3,,False,True
that_phanom,"1,4",1,False,True
srebrenik,"1,3,5","1,3",False,True
palembang,"1,2,3,4,5","1,2,3",False,True
poskatinak,4,,False,True
gongkar,"1,3,5","1,3,5",False,True
dep,3,,False,True
ballia,"1,4,5",1,False,True
salyan,3,,True,True
varanasi,"2,4",2,False,True
dera_ismail_khan,4,,False,True
kothagudem,4,,False,True
kishtwar,"2,3,5","2,3,5",False,True
central_meetto,"2,3,4,5","2,3",False,True
kashmore,4,,False,True
mikindani,4,,True,True
raigadh,"1,3",1,False,True
windsor,1,1,False,True
etawah,"3,5",3,False,True
asadabad_kunar,"1,2,3,5","1,2,5",False,True
banihal,3,,False,True
kantit,4,,False,True
sherwan,"1,2,3,5","1,2,3,5",False,True
muyove,3,,False,True
massanza,"1,2,4,5","1,2,5",False,True
pubungu,4,4,False,True
massangano,"2,4,5","2,4",False,True
konch,"2,3",2,False,True
ingombe_ilede,"2,3,5","2,3,5",False,True
lapai,"1,2,4","1,2",False,True
ozoro,"1,4",1,False,True
nupeko,"1,3,4,5","1,4,5",False,True
yoko,"1,3",1,False,True
debre_libanos,1,1,False,True
singa,3,,False,True
rumbek,"1,2,3,5","1,2,3,5",False,True
alays,3,,False,True
ed_damer,"2,4",2,False,True
bourem,3,,False,True
mandisobi,"1,2,4,5","1,2,4,5",False,True
koure,1,1,False,True
macina,3,,False,True
gourma_rharous,3,,False,True
lau,"1,3,5",1,False,True
yingde,"1,2,3,5","1,2,3",False,True
nizhny_chir,3,,False,True
kaltag,4,4,False,True
metabetchouane,3,3,False,True
jiazhou,3,,False,True
jiangning,5,,False,True
taixing,5,5,False,True
lichiresti,5,,False,True
shouchun,"1,3,5","1,3",False,True
jiande,"2,3,5","2,5",False,True
chesnokovka,"1,3",1,False,True
tarrana,3,,False,True
khantayskoye,"1,2,3,5","1,2,3,5",False,True
belabo,"1,3,4,5","1,3",False,True
kansas,"1,2,3,5","1,2",False,True
badong,5,,False,True
ust_tsilma,"1,4,5","1,4,5",False,True
botucatu,3,,False,True
andar,"1,4,5","1,5",False,True
krenak,"1,3,5","1,5",False,True
callamaco,3,,False,True
solovtsovo,5,,False,True
reka_tuba,"1,2,5","1,2,5",False,True
inowroclaw,3,,False,True
gorkovskoye,"1,3",1,False,True
cuttawba,"1,2,4,5","1,2,4,5",False,True
orocue,"1,2,3,5","1,2,3,5",False,True
mariua,"2,3,4,5","2,4,5",False,True
jekabpils,"1,2,3","1,2",False,True
wenatchi,"1,4,5","1,4,5",False,True
liova,3,,False,True
lanzhou,"1,3,5",1,False,True
sanggau,"1,2,4,5","1,2,5",False,True
siberia_abalak,"1,3",1,False,True
enselxcin,4,,False,True
pawwikamsipi,"1,2,3,5","1,2,5",False,True
suzun,"1,3,5","1,5",False,True
ndyuka,3,,True,True
itaueira,"1,2,3,5","1,2,3,5",False,True
dingqiang,"1,3,5","1,3,5",False,True
sangme,"1,3,5","1,3,5",False,True
lewekeomi,4,,False,True
sao_sebastiao_paraiso,"1,3",1,False,True
uberaba,"2,3,4",2,False,True
kezhma,4,,False,True
omaha,"1,2,3,5","1,2,3,5",False,True
chyormoz,"1,3,5","1,5",False,True
mobaye,"1,2,3,4,5","1,2,4,5",False,True
klyuchi,"1,3","1,3",False,True
vienne,"2,3",2,False,True
afikpo,"1,2,3,5","1,2,3,5",False,True
lyubichi,3,,False,True
curitibanos,"1,2,3,5","1,2,3,5",False,True
mayumba,3,,True,True
kaeti,"1,2,3,4,5","1,2,3",False,True
sanaga,3,,False,True
xiangru,3,3,False,True
abingdon,1,1,False,True
karymkary,"1,5",1,False,True
ziryanka,"1,2,3,5","1,2,3,5",False,True
romang,"1,2,5","1,2,5",False,True
nishnabotna,1,1,False,True
kwomtari,"1,5","1,5",False,True
fengjie,5,5,False,True
siang,"1,2,4,5","1,2,5",False,True
chymnaii,"2,4",2,False,True
diaomen,"1,3",1,False,True
shilovo,3,,False,True
boma,5,,False,True
umuarama,"1,2,3,5","1,2,3,5",False,True
kawahib,"1,2,3","1,2",False,True
shayang,3,,False,True
ostrechiny,"2,3","2,3",False,True
orlov,"1,2,3","1,2,3",False,True
lucala,"2,3",2,False,True
biobio,"1,2,5","1,2,5",False,True
maganasipi,1,,False,True
khulm,4,,False,True
lingbao,3,,False,True
jataizinho,"2,3,5","2,3,5",False,True
heves,3,,False,True
puqi,"1,5",1,False,True
kagawask,"1,2,3,5","1,2,3",False,True
pinglu,3,,False,True
thatta,4,,False,True
vorontsovo,"1,3",1,False,True
paranaiba,"1,4,5","1,4",False,True
barpeta,"1,2,3,5","1,2,3,5",False,True
aksay,3,,False,True
srednyaya_akhtuba,"1,5",1,False,True
mianchi,3,,False,True
bohan,"1,2,3,4,5","1,2",False,True
bares,"1,2,5","1,2,5",False,True
upper_ob,"1,2,4,5","1,2,4,5",False,True
caguan,"1,2,3,5","1,2,3,5",False,True
gostynin,3,,False,True
tsangdram,3,,False,True
sioma,3,,False,True
conewago,3,3,False,True
kysyl_syr,"1,4",1,False,True
thakhek,"1,2,4,5","1,4,5",False,True
qingjian,3,,False,True
metica,"1,2,3,4,5","1,2,3,5",False,True
tongliang,"1,5","1,5",False,True
myitkyina,"3,4,5",4,False,True
qingyuan,3,3,False,True
kanawha,"1,2,3,4,5","1,2",False,True
cherdakly,"1,4","1,4,5",False,True
muong_cha,"1,3,5","1,5",False,True
snk_mip,"1,3,5","1,3",False,True
curumanao,"1,2","1,2",False,True
chekmagush,3,,False,True
natastan,"1,2,3,5","1,2,3,5",False,True
asanas,3,3,False,True
yilong,3,,False,True
mingsha,3,,False,True
marxa,"1,4",1,False,True
kahayan,"2,3,5","2,5",False,True
wanquan,"1,3,5","1,3,5",False,True
hwalbay,3,3,False,True
sarare,"1,2,3,5","1,2,5",False,True
wayustikw,3,3,False,True
fuchuan_ningxia,3,,False,True
auccapana,"1,2,3,5","1,2,3,5",False,True
tetela_boa,"1,2,3","1,2,3",False,True
choccalpata,3,,False,True
landau,"1,2,3,5","1,2,5",False,True
uraqai,3,,False,True
kinozhesipi,"1,3,5",,False,True
dhading,"2,3","2,3",False,True
gattaran,"3,5",,False,True
solikamsk,"1,3",1,False,True
perevitska,3,,False,True
cupilco,"1,2,3,4,5","1,2,3,5",True,True
kungur,"2,3",2,False,True
rovigo,"1,2","1,2",False,True
jishui,"1,3,5","1,5",False,True
kholmogory,"1,4,5","1,5",False,True
ebejico,"1,3",3,False,True
winokapau,3,,False,True
sansanding,3,,False,True
quyon,1,"1,3,5",False,True
kremenskaya,3,,False,True
voikar,"2,3,5","2,3,5",False,True
nyuya,"2,4,5","2,5",False,True
jiangxia,"2,3,5",2,False,True
azok,3,,True,True
capotigamau,3,3,False,True
anilco,"3,5",,False,True
wels,"1,2,3,5","1,2,5",False,True
ramsis,"1,3",1,False,True
beni_suef,4,,False,True
aswan,4,,False,True
minya,4,,False,True
maevatanana,"1,2,3,5","1,2,3,5",False,True
sharuna,4,,False,True
lango,4,4,False,True
makonde,"1,2,4","1,2,4",False,True
gerger,3,,False,True
rahba,3,,False,True
khalis,"2,3",2,False,True
karbala,3,,False,True
an_nil,3,,False,True
al_madar,"2,3",2,False,True
barqaid,"1,3,5","1,3,5",False,True
xiangyang,"2,3,5","2,3",False,True
mergui,3,,True,True
alpo_wa,3,,False,True
anhua_anhua,3,,False,True
mussimi,"2,4",2,False,True
darganata,3,3,False,True
tutilcoya,3,,False,True
santee,"2,3",2,False,True
chumuch,"1,3",,False,True
zhaoxin,"1,3",3,False,True
myanaung,5,5,False,True
ulakhan_an,"1,4",1,False,True
dibrugarh,"2,3,5","2,3",False,True
nodaway,"1,3",1,False,True
mendawai,"1,3,5","1,5",True,True
coblenz,"1,2,3,4,5","1,2,3,5",False,True
luorong,"1,2,3,5","1,2,5",False,True
muene_kwako,"2,3,5","2,3,5",False,True
caisaboscai,3,,False,True
jurbarkas,"2,3",2,False,True
cologne,"3,4","3,4",False,True
fengqiu,3,,False,True
quy_hoa,3,,False,True
ngume,"1,2,3,5","1,2,5",False,True
jigansk,"1,5","1,5",False,True
bama,3,,False,True
suidong,"1,3",1,False,True
bydgoszcz,3,,False,True
yanesha,"1,2,3,5","1,2,5",False,True
lashio,4,,False,True
hancheng,3,,False,True
chelan,"1,4",1,False,True
kachi,"1,3,5","1,3,5",False,True
fancheng,"1,2,3,5","1,2,5",False,True
ya_ttaish,"1,3,5","1,3,5",False,True
daxunhyuu,"1,3",1,True,True
kasimov,3,3,False,True
balagannakh,"1,3,4,5",1,False,True
bussa,"1,3,5","1,5",False,True
gana_damate,"1,4",1,False,True
bagua,"1,3,5",1,False,True
panemune,2,2,False,True
nottaway,3,3,False,True
igan,"1,4",1,True,True
adeqiu,3,3,False,True
songye_kongo,"1,3",1,False,True
veliky_ustyug,"1,2,3,5","1,2,3,5",False,True
may_ushin,"1,2,3,5","1,2,3,5",False,True
mahu,"2,4,5","2,5",False,True
wapkawazioju,"2,3,5","2,3,5",False,True
itanhomi,"1,3,5",1,False,True
pitchibourenik,3,,True,True
nowe,3,,False,True
nalolo,3,,False,True
tanjin,"1,2,4,5","1,2,4,5",False,True
wehe,"3,4","3,4",False,True
chandpur_uttar_pradesh,3,,False,True
idkabue,"1,2,3,5","1,2,5",False,True
yukte,3,,False,True
kotri,4,,False,True
sirhind,"1,3",1,False,True
mithankot,4,,False,True
ranikot,4,,False,True
khushab,3,,False,True
agror,3,,False,True
macherla,3,,False,True
kol,"2,3",2,False,True
samasingha,"1,2,3,5","1,2,5",False,True
asni,3,,False,True
kashigarh,"1,2,3,5","1,2,3,5",False,True
jansath,"2,3",2,False,True
busal,3,,False,True
sitpur,"3,4,5",,False,True
pindi_gheb,4,,False,True
mokwa,"1,3","1,3",False,True
salaga,"1,2,3,5","1,2,3,5",False,True
wukari,"1,2,3,5","1,2,5",False,True
soddo,"1,2,3,5","1,2,5",False,True
el_metemma,4,,False,True
korela,3,3,False,True
ayerou,3,,False,True
bousso,"1,3,5","1,5",False,True
kirina,"1,3","1,3",False,True
lodenoye_pole,"1,3,5","1,3,5",False,True
galati,2,"2,5",False,True
kom_ombo,4,,False,True
tongling,5,,False,True
huoqiu,"1,2,3","1,2",False,True
fuyang_hangzhou,3,,False,True
shenmu,3,,False,True
humati,"1,2,3","1,2",False,True
ust_sysola,"1,2,3,5","1,2,5",False,True
caniapiscau,"1,2,3,5","1,2,3",False,True
luxi,"1,3,5","1,5",False,True
wudang,"1,3,5","1,3,5",False,True
inuviq,"3,5",,False,True
chittaloosa,"2,5","2,5",False,True
mayaba,"1,2,3,4,5","1,2",False,True
minusinsk,"2,3,4,5","2,3,5",False,True
lukou,"2,3,5","2,3,5",False,True
lutava,"2,3",2,False,True
tiotoren,1,,True,True
linjiang,5,,False,True
guangji,5,5,False,True
cuareim,"1,2","1,2",False,True
yeniseysk,"1,4,5","1,5",False,True
lindi_kwila,"2,3,5","2,3,5",False,True
guajobos,"1,2,4,5","1,2,5",False,True
musi,"1,3,5","1,3,5",False,True
baykit,"1,2,3,5","1,2,3,5",False,True
coco,1,1,False,True
pambala,"1,3",1,False,True
scw_exmx,"1,3,5","1,3",False,True
uinkaret,3,,False,True
deren,"1,5",1,True,True
cabo_formoso,4,,True,True
kaarendy,"1,2,3,5","1,2,5",False,True
naupa_huen,1,1,False,True
baronsk,5,,False,True
banjabi,"1,2,3,5","1,2,5",False,True
araquara,"2,3",2,False,True
pantagoras,"1,4,5","1,4,5",False,True
newenken,"1,2,3,5","2,5",False,True
bayombe,"1,2,3","1,2",False,True
okhannoye,3,,False,True
bordeaux,"2,3",2,True,True
atfalati,"1,3,5","1,3,5",False,True
modos,3,,False,True
omoloon,"1,3",1,False,True
hacaritamas,1,,False,True
verkhnyaya_toyma,"1,3,5","1,3,5",False,True
nizhnyaya_toyma,"3,4,5",5,False,True
rao,"1,2,3","1,2",False,True
kaiama,"1,3",1,False,True
ipholhhelhlhup,"2,4","2,4",False,True
wrigley,"1,4,5","1,4,5",False,True
nazimovo,"1,5",1,False,True
choele_choel,3,,False,True
koryazhma,"3,5",5,False,True
tolna,4,,False,True
kucevo,4,,False,True
shawinigan,"1,3,5","1,5",False,True
gurgueia,"1,3,5","1,3,5",False,True
pyti,"1,4,5","1,4,5",False,True
ngasingu,"1,2,4,5","1,2,4,5",False,True
valparaiso,"1,3,4,5",1,False,True
dukhovnitskoye,5,,False,True
upardang,"1,3,5","1,3,5",False,True
sihui,"2,3","2,3",False,True
szeged,"1,3,5","1,3,5",False,True
barayy,"1,4",1,False,True
kiriras,"1,2,3,5","1,2,5",False,True
esk_el,"1,2,3,5","1,2,5",False,True
patos,"1,2,3,5","1,2,5",False,True
shungopavi,3,,False,True
mengban_jihong,"1,2","1,2",False,True
dura,5,,False,True
guide,3,,False,True
pest,4,,False,True
buayan,"2,3",2,False,True
kai_theli_ke_hot_inne,"3,4,5",3,False,True
siri_do,"2,4,5","2,5",False,True
goianas,"2,3","2,3",False,True
libonta,3,,False,True
tumbalala,4,,False,True
laung,"1,2,3,5","1,2,3,5",False,True
krenye,"1,2,3,5","1,2,5",False,True
ahe,"1,2,3,5","1,2,3,5",False,True
nagina,"1,3",1,False,True
araes,"1,3,5",1,False,True
guanambi,"1,4",,False,True
staraya_zima,2,2,False,True
guachoyo,5,,False,True
kishim,"1,2,3,5","1,2,3,5",False,True
moxos,"1,2,3,4,5","1,2,4,5",False,True
tupinamba,"1,2,3","1,2",True,True
shuangliu,"1,2,3,5","1,2,3,5",False,True
changyuan,3,,False,True
petrovaradin,"3,4,5",,False,True
hebin,3,,False,True
stepanevka,3,,False,True
kurung,"1,2,3,5","1,2,5",False,True
takhir,3,,False,True
nako,"1,2,3,5","1,2,3,5",False,True
tohome,3,,False,True
staraya_ryazan,3,,False,True
calabar,"1,4",1,True,True
tuktoyukiuq,5,,False,True
caparo,"1,2,3,5","1,2,5",False,True
bhagalpur,5,,False,True
sandan,5,,False,True
scioto,"1,2,4,5","1,2,4,5",False,True
yusva,3,,False,True
qujiang,"1,2,3,5","1,2,5",False,True
puan,3,,False,True
kal_gatana,4,4,False,True
karipuna,"1,2,3,5","1,2,3",False,True
muang_xay,"3,4,5",,False,True
tapajo,"3,5",3,False,True
nikahionhwakowa,"1,2,4","1,2",True,True
piacenza,"1,3",,False,True
kaskaskia,1,1,False,True
nogoya,1,1,False,True
ponkhockie,"2,3",2,False,True
huaying,3,,False,True
tormosin,3,,False,True
turtas,"1,2,4,5","1,2,4,5",False,True
passos,"1,2,3,5","1,2,5",False,True
freiburg,3,,False,True
wetwin,"2,3,4,5","2,4",False,True
tatarskaya_tesyu,4,,False,True
essequibo,"2,3,4,5","2,3,4",True,True
prainha,"1,3,5","1,3,5",False,True
timbira,"1,2,3,5","1,2,3,5",False,True
kholmyech,"2,3","2,3",False,True
offenburg,3,,False,True
prey_nokor,"1,2,3,5","1,2,3,5",False,True
nkata,3,,False,True
morkvash,4,4,False,True
dongsheng,3,,False,True
muang_mang,"1,2,5","1,2",False,True
athabasca,3,3,False,True
kuzmovka,3,3,False,True
berezhnovka,5,,False,True
ningbian,3,,False,True
pengshui,"1,2,3,5","1,2",False,True
selo_yartsevo,"1,2,5","1,2",False,True
ceibal,"1,2,3,5","1,2,5",False,True
chana,"1,3,4",1,True,True
apyawa,"1,2,4,5","1,2,4,5",False,True
malye_oserki,"2,3",2,False,True
pereiaslav,"3,5",,False,True
morangi,"1,5","1,5",False,True
ukek,5,,False,True
lumbini,3,,False,True
kaxa_marca,"1,3",,False,True
olenegorsk,"1,3",1,False,True
bkwejanong,5,,True,True
palikur,3,,True,True
yiman,"1,2,3,5","1,2,3,5",False,True
huitong,"1,2,3,5","1,2,5",False,True
paungde,"1,5","1,5",False,True
nagavskaya,3,,False,True
kamatapur,"1,2,3,5","1,2,3,5",False,True
el_burullus,"1,3",1,True,True
hiw,4,,False,True
manfalut,4,,False,True
nuba_sud,"1,2,3,4,5","1,2",False,True
north_ngindo,"1,2,3,5","1,2,3,5",False,True
daasanach,3,3,False,True
cermik,3,,False,True
samsat,3,,False,True
mosul,"1,2,3,5","1,2",False,True
abu_kemal,3,,False,True
samawa,3,,False,True
basra,"3,4",,False,True
numaniyyah,3,,False,True
pravaya_khetta,"1,2,3,5","1,2,5",False,True
avaes,"1,2,5","1,2",False,True
yapeyu,"1,2,3,4,5","1,2,5",False,True
patoka,"2,3,4,5","2,5",False,True
shigatse,"1,3,5","1,5",False,True
yevoyakha,"1,3,5","1,3,5",False,True
ramnagar_bihar,"1,3",1,False,True
ob,"1,2,5","1,2,5",False,True
pangkalan_kerinci,"1,2,3,5","1,2,3,5",False,True
gabin,3,,False,True
kaniv,3,,False,True
maanaagi_iixodagish,3,,False,True
kracheh,"1,5","1,5",False,True
zharzhan,"1,5",1,False,True
zhijiang,5,,False,True
baxian,"1,4,5","1,5",False,True
yakovlevskoye_bolshoye,3,,False,True
tana,3,,True,True
aigun,"3,4,5",3,False,True
rovnoye,5,,False,True
amaye,"1,2,3,5","1,2,5",False,True
matoueska,"1,3,5","1,5",False,True
eket,"1,2,4","1,2",True,True
qingjiang,"2,3,4","2,3",False,True
zacatollan,1,,True,True
kisatchie,"1,3",1,False,True
yasothon,"1,2,3,5","1,2,3,5",False,True
sm_algyax,"1,3",1,True,True
goalpara,"1,2,5","1,2,5",False,True
ilovlya,3,,False,True
pingchuan,3,,False,True
usolye,"1,3,5",1,False,True
kasakaupuyau,"1,2,3,5","1,2,3,5",False,True
tyokhtyur,"1,4",1,False,True
carmacks,3,,False,True
cocamas,"1,2,3,4,5","1,2,4,5",False,True
mbaiki,"1,2,4","1,2,4",False,True
scqescilni,"2,4",2,False,True
nlaka_pamux,"1,3,4,5",1,False,True
lai_lin_pi,"1,3,5","1,3,5",False,True
thilane_hot_ine,"1,3,5","1,5",False,True
andaki,"1,2,3,5","1,2,5",False,True
szabolcs,"2,3",2,False,True
wishram,"4,5",5,False,True
arguvan,3,,False,True
kakataibo,"1,2,3,5","1,2,3,5",False,True
mocoa,"1,2,3","1,2",False,True
guancheng_zhengzhou,3,,False,True
kapuskaywak,3,3,False,True
chetilla,"1,3",,False,True
sagu,"1,5","1,5",False,True
yongshun,"1,4,5","1,4,5",False,True
daban,4,,False,True
zhongmu,3,,False,True
villars,1,1,False,True
amaga,"1,3,5","1,5",False,True
chinook,"1,2,4","1,2",True,True
baishan,3,,False,True
wanapum,"1,4","1,4",False,True
cukataw,4,,False,True
deskenetlata,"2,4",2,False,True
mongkawng,"1,2,3,4,5","1,2,3,5",False,True
sviyazhsk,"1,4,5",1,False,True
kotto,"1,2,3,5","1,2,3,5",False,True
apure,"1,2,3,4,5","1,2,3,5",False,True
ahsenisiipi,"2,3,5",2,False,True
doustioni,"1,3,5",1,False,True
chatuza,"1,4,5","1,4,5",False,True
upper_yukon,4,,False,True
gitxsanimaax,3,,True,True
samastipur,"2,5","2,5",False,True
kaipeshimushich,"1,3",1,False,True
wazirabad,"1,3,5","1,3,5",False,True
eminabad,3,,False,True
sialkot,3,,False,True
pindi_bhattian,3,,False,True
kondapalli,"1,3,4,5","1,5",False,True
chindre,"1,4,5","1,5",True,True
jammu,3,,False,True
panugallu,"3,5","3,5",False,True
kingston,1,1,False,True
chikowa,4,,False,True
baran,"2,3",2,False,True
oxford,1,,False,True
shorkot,"2,3,5","2,3,5",False,True
ghazipur,"1,4","1,4",False,True
kisiju,3,,True,True
dera_ghazi_khan,4,,False,True
korra,3,3,False,True
chilas,3,,False,True
jaunpur,"1,2,4,5","1,2,5",False,True
sherbro_island,"1,2,3,5","1,2,5",True,True
el_manaqil,3,,False,True
kerma,4,,False,True
renk,3,,False,True
guba,"1,2,4,5","1,2,5",False,True
al_rusayrisi,"1,4",1,False,True
ansongo,3,,False,True
gaia,"1,3,5","1,5",False,True
tu_nedhe,4,4,False,True
hezhou_he,5,,False,True
dongliu,5,,False,True
st_at_imcets,"1,3",1,False,True
bordowa,"1,3,5","1,3,5",False,True
pokiok,"1,3","1,3",False,True
usun,"1,3,5","1,3,5",False,True
drastar,"4,5",,False,True
katok,3,3,False,True
ondaimas,"1,2,3,4,5","1,2,3,4,5",False,True
nogui,"1,5","1,5",False,True
privas,3,,False,True
qingshen,3,,False,True
tukulan,"1,4",1,False,True
mongtung,4,,False,True
chistamikap,"2,3,5","2,3,5",False,True
praiba_sul,"1,2,3,5","1,2,5",False,True
nguera,"1,4,5","1,4,5",False,True
verkh_chebula,"1,3",1,False,True
ufa,"2,3","2,3",False,True
luocheng,3,,False,True
ava_canoeiro,"1,2,3,5","1,2,3,5",False,True
marimba,"1,3",1,False,True
uzes,3,,False,True
guangzhou,"1,3","1,3",False,True
kyat_kala,3,,False,True
stung_treng,"3,5",,False,True
xerente,"1,2,3,4,5","1,2,5",False,True
lyon,"2,3,5",2,False,True
chastye,3,,False,True
purnia,"1,5",1,False,True
bia_mbya,"1,2,3,5","1,2,3,5",False,True
khakhaly,4,,False,True
muarakaman,"1,2,3,4,5","1,2,3,4,5",False,True
kutarka,3,,False,True
putyatino,3,,False,True
kitchissippi,"1,3,5","1,3",False,True
lheidlit_en,"1,2,3,5","1,2,3,5",False,True
reading,1,,False,True
shopando,3,3,False,True
oleshia,5,,True,True
sittaung,"2,3",2,True,True
luoxiu,3,,False,True
cangxi,"1,3",1,False,True
cayubaba,"1,2,4,5","1,2,5",False,True
kolchugino,3,3,False,True
mocana,4,,True,True
kostroma,3,,False,True
oahaha,"1,4,5","1,4,5",False,True
yichuan,3,,False,True
hamburg,3,,True,True
koponovo,3,,False,True
sapukaia,"1,3,5","1,3",False,True
magyarovar,4,,False,True
kyyindy,"1,4,5","1,5",False,True
ban_luang_cheng,3,,False,True
caroni,"4,5",4,False,True
porangatu,"1,2,3,5","1,2,3,5",False,True
ceheng,3,,False,True
kalispel,3,,False,True
hezhou,3,,False,True
xincheng_xincheng,4,,False,True
qonirat,3,3,False,True
chom_khao_maneerat,"1,4,5","1,4,5",False,True
kazhi,"1,3,5","1,3,5",False,True
ibi,"1,2,3,5","1,2,3,5",False,True
kichkas,3,,False,True
nong_bok,"1,2,4,5","1,2,4,5",False,True
myedu,"2,4",2,False,True
kamchatsk,3,,True,True
kalapuya,"1,2,3,5","1,2,5",False,True
boluo,"2,3",2,False,True
gananoque,4,,True,True
pyay,5,5,False,True
bakhtinsky,"3,5",,False,True
porto_tibirica,"1,3,4,5","1,5",False,True
yunyang,"1,5","1,5",False,True
angers,"1,2,3,5","1,2,5",False,True
chudovo,"1,2,3,5",,False,True
akwen,"1,2,3,5","1,2,5",False,True
tsa_tinne,"1,2,3,5","1,2,3",False,True
mrauk_u,"1,2,3","1,2",False,True
piratinin,"1,2,3,5","1,2,3",True,True
xunyang,"1,3,5","1,5",False,True
qashliq,"1,3,4",1,False,True
mang_viet,3,,False,True
chai_nat,"1,2,3","1,2,3",False,True
uru_pa_in,"1,2,3","1,2",False,True
towosaghy,"1,4,5",1,False,True
tawahka,"1,3",1,True,True
jiyin,3,,False,True
tetyushi,4,,False,True
tucho,"1,4","1,4",False,True
rajanari,"2,3","2,3",False,True
bororos,"1,2,3,4,5","1,2,3,5",False,True
educhanka,"2,4,5","2,4,5",False,True
verkhotomsk,"1,3",1,False,True
xicheng,3,,False,True
beya,"2,3,5","2,5",False,True
jishi,3,,False,True
chagu,"1,3",1,False,True
sodankyla,"1,2,3,5","1,2,3,5",False,True
halchidoma,3,,False,True
wied,3,,False,True
akokpaq,"1,2,3,5","1,2,5",True,True
chiripa,"1,2,3,5","1,2,5",False,True
weskarini,1,1,False,True
xicallanco,"1,4",1,True,True
araska,3,,False,True
maracoa,"1,2,3,5","1,2,3,5",False,True
changan,"2,3,5",2,False,True
mucajai,"1,2,4,5","1,2,4,5",False,True
itanagar,"1,4,5","1,5",False,True
itaboa,"1,3,5","1,3",False,True
silam,"1,2","1,2",False,True
ferrara,3,,False,True
batamay,"1,4,5",1,False,True
pakokku,"4,5",,False,True
alat,1,1,False,True
sandonnino,3,,False,True
mumbos,"1,2,3,5","1,2,3,5",False,True
aslan_horod,3,3,False,True
cheremkhovo,"1,4,5","1,4,5",False,True
kalmanka,"1,2,3,5","1,2,3,5",False,True
adyumba,"1,4,5",1,True,True
guarzo,1,,False,True
yukonda,"2,4",2,False,True
paranabuku,4,,False,True
chucutitlan,"1,3,5","1,5",True,True
kangu,3,,False,True
sakawyiniw,"2,3","2,3",False,True
mum,"1,2,3,5","1,2,5",False,True
novosyolovo,"1,4",1,False,True
liubech,"2,3,5","2,5",False,True
madi_yuanling,3,,False,True
mindon,"1,5","1,5",False,True
bimbia,"1,2,3","1,2",True,True
liambye,"1,2","1,2",False,True
lega_kongo,"1,2,3","1,2",False,True
amnye_machen,3,,False,True
kapuas,"1,2,5","1,2,5",False,True
solothurn,"2,3",2,False,True
gucheng,3,3,False,True
zimba,"2,3",2,False,True
acoroazes,4,4,False,True
ostrovskoye,"3,5",,False,True
tamu,"1,2,4,5","1,2,4,5",False,True
kaitangata,"1,3",1,True,True
siya,"1,4,5","1,4,5",False,True
scheibbs,3,,False,True
tomakivka,"3,5",,False,True
amstetten,"2,3","2,3",False,True
freistadt,3,,False,True
wycombe,1,,False,True
mariocai,5,,True,True
brass,4,,True,True
tanjung_palas,3,,True,True
qichun,5,,False,True
yaguari_guazu,"2,4,5",,False,True
kengkham,"2,4,5","2,5",False,True
tulsa,"1,2,3,5","1,2,5",False,True
kamyshnoye,3,3,False,True
glukharinyi,"1,3",1,False,True
araripocone,"1,2,3,4,5","1,2,3,5",False,True
tula_ark,3,,False,True
mbya,"2,3","2,3",False,True
idah,"1,4,5","1,5",False,True
awadh,4,,False,True
tehcha,"3,4",,False,True
el_mahalla,1,1,False,True
qalyub,1,1,False,True
el_bahnasa,4,,False,True
el_balyana,4,,False,True
acholi,"1,4,5","1,4,5",False,True
nindi,3,,False,True
urfa,3,,False,True
malatya,3,,False,True
saumur,3,,False,True
kahta,3,,False,True
anah,3,3,False,True
kufa,3,,False,True
bakusaya,3,,False,True
abadan,4,,True,True
nasiriyah,3,,False,True
manbij,3,,False,True
aguacana,1,1,False,True
orasul_de_floci,"2,4,5","2,5",False,True
amahami,3,,False,True
yunxi,3,,False,True
lamas,"1,2,4,5","1,2,4,5",False,True
nasacauso,"2,3",2,False,True
kamashikamach,"1,2,3","1,2",False,True
churkampa,3,,False,True
segyan_kyuyol,"1,4,5","1,5",False,True
kitchawanc,3,,False,True
matabichuan,"1,2,3,5","1,2,5",False,True
tesinigh,1,1,False,True
marapa,"1,3",,False,True
kazungala,3,,False,True
ayodhya,"1,2,3,5","1,2,5",True,True
chennur,"3,4,5","3,5",False,True
monghyr,"2,5","2,5",False,True
muichi,"3,4",,False,True
yguazu,"1,3,4,5","1,4,5",False,True
qianyang_yuanzhou,"1,2,3,5","1,2,5",False,True
dzogang,"1,3",1,False,True
connatachequa,"1,3",,False,True
ayvu_pora,"1,4,5","1,4,5",False,True
aguyaq,"1,2,3,5",2,True,True
twante,"1,5",1,False,True
saskatchewan,"2,3",2,False,True
lamego,"1,2,3,5","1,2,5",False,True
humar,"1,3",1,False,True
lai_chau,"1,3",1,False,True
yidu,"2,5","2,5",False,True
kharak,3,3,False,True
chalten,"1,2,3,5","1,2,5",False,True
fengle,3,,False,True
khoai_chau,4,,False,True
ust_maia,"3,4,5","3,4,5",False,True
kheong,3,3,False,True
tutong,"1,3",1,True,True
ruichang,5,,False,True
tampu_machay,"2,3",2,False,True
tocaima,"1,3,5","1,3,5",False,True
kistapinan,"2,3,5","2,3,5",False,True
wolinak,"1,5","1,5",False,True
calli,4,,False,True
kwatsaan,"1,2,3","1,2",False,True
thandaunggyi,"1,2,3,5","1,2,3,5",False,True
syagannaax,3,,False,True
dinghu,3,,False,True
mamyn,"1,3,5","1,5",False,True
yedey,"1,4",1,False,True
saint_paul_river,"1,3",1,True,True
lihua,"1,2,3,5","1,2,5",False,True
dergaon,"1,2,3,5","1,2,3,5",False,True
amalyk,"1,3,5",1,False,True
hulu_pawan,"1,2,5","1,2,5",False,True
yuanyang,3,,False,True
dobrzyn,3,,False,True
la_tour_du_pin,"1,2,3,5","1,2,5",False,True
boas,"1,2,3,5","1,2,5",False,True
goupingguan,"2,3",2,False,True
dechang,"1,2,3","1,2",False,True
belaga,"1,2,3,5","1,2,3,5",False,True
nomatsigenga,"1,2,3,4,5","1,2,3,4,5",False,True
mahony,"3,4",,False,True
mahates,4,,False,True
nurgan,"1,2,5","1,5",True,True
barotse_kongo,1,,False,True
kangule,"1,3,5","1,5",False,True
mulhouse,3,,False,True
sura,"1,3",3,False,True
junk_river,"1,2,3,5","1,2,5",True,True
langzhong,"1,3,5",1,False,True
tiel,"2,4",2,False,True
rampart,"1,4",1,False,True
machaqa,3,3,False,True
huarong,"1,5",1,False,True
talok,5,,False,True
kadyy,"2,3,5","2,3",False,True
archar,4,,False,True
makunda,1,1,False,True
bakele_kongo,"2,3,4,5",2,False,True
huaiyuan,"1,3,5","1,3,5",False,True
akhsisek,1,1,False,True
khaliajuri,"3,4,5",3,False,True
simiti,"1,2,4,5","1,4",False,True
mallig,3,,False,True
puctlan,"1,2,3,5","1,2,3",True,True
narsinghpur,"1,4",,False,True
jalandhar,3,,False,True
ghotki,"3,4",3,False,True
bihar_sharif,"1,2,5","1,2,5",False,True
buxar,"1,4,5","1,4,5",False,True
abutua,3,3,False,True
rekapalle,"1,2,4,5","1,2,5",False,True
kohat,4,,False,True
ancuase,"1,2","1,2,5",False,True
khairpur,3,,False,True
suket,3,3,False,True
jijial,3,,False,True
firozpur,3,,False,True
sehwan,"1,4,5",1,False,True
shankargah,"1,2,4,5","1,2,4,5",False,True
peshawar,"3,5",,False,True
moro_sindh,"3,4",3,False,True
lalpur,"2,3",2,False,True
tangir,3,,False,True
ukunzu,"1,2,4","1,2,4",False,True
arochukwu,"1,4,5","1,4,5",False,True
dongola,4,,False,True
sennar,"1,2,3","1,2",False,True
fazughli,"1,2,3,4,5","1,2,3,4,5",False,True
sai,4,,False,True
dieribakoro,"2,3",2,False,True
cananeia,"2,3",2,True,True
dantu,"1,3,5","1,3,5",False,True
kilemba,"2,3,5","2,3,5",False,True
assereniet,1,1,False,True
guntur,"3,4",,False,True
jiangyin,5,,True,True
fanchang,5,,False,True
wuwei,"1,2,5","1,2",False,True
yingshang,"2,3,5","2,5",False,True
wujin,"3,5","3,5",False,True
mindouli,"1,5",1,False,True
inbatskoye,"1,2,5","1,2,5",False,True
apiaka,"2,4",2,False,True
surgut,"2,4,5","2,4",False,True
kozmodemyansk,"2,4,5","2,5",False,True
arraias,"1,2,3,5","1,2,3,5",False,True
kailali,"1,2,3,5","1,2,3,5",False,True
karendo,"1,5","1,5",False,True
grudziadz,3,,False,True
dubovskoye,3,,False,True
teweh,"1,3,5","1,5",False,True
tanana,"1,4",1,False,True
samba,"1,2,3,5","1,2,5",False,True
kortuz,4,,False,True
taragui,"1,2","1,2",False,True
kushinagar,3,,False,True
ahuya_yari,"1,3",1,True,True
astrakhan,5,,True,True
valence,"2,3",2,False,True
takspaslama,"1,4",1,False,True
uruguay,"1,2,4,5",,False,True
zhaozhou_jurchen,"1,3",1,False,True
sienzhou,2,2,False,True
zhatai,"1,4",1,False,True
kuruaya,"1,2,3,5","1,2,3",True,True
allakaket,4,,False,True
bolotnye,3,3,False,True
bangui,"1,2,4","1,2,4",False,True
kulpi,3,,True,True
barito,"3,4",,False,True
wari,"1,2,5","1,2,5",False,True
rampa,4,,False,True
mamachatpam,"1,3,4,5","1,4",False,True
konwargaon,"1,2,4,5","1,2,4",False,True
pelalawan,3,,True,True
cayapo,"1,2,5","1,2,5",False,True
yibin,"1,2,4,5","1,2,4,5",False,True
bodrog,4,,False,True
snt_t_ulix,"2,4",2,False,True
zainsk,4,,False,True
hytop,3,,False,True
linxi,3,3,False,True
zheshart,3,,False,True
nikolsky_pogost,"1,2,3,5","1,2,3,5",False,True
ragnit,3,,False,True
tongle,3,,False,True
siberia_bor,"1,2,5","1,2",False,True
natchez,"1,5",1,False,True
smederevo,"2,4,5","2,4,5",False,True
qiaokou,"1,4,5","1,4,5",False,True
sailahai,3,,False,True
batang_tabir,"1,3,5",1,False,True
qidong,3,,False,True
tansen,"2,3","2,3",False,True
pozega,1,,False,True
tiete,3,,False,True
utaya,"1,2,3,5","1,2,5",False,True
gurupi,"1,3,4,5","1,3,4,5",False,True
hejiang,"2,4,5","2,5",False,True
nadi,"1,3,5","1,3,5",False,True
semikarakorsk,"2,3,5","2,5",False,True
agen,"1,2,5","1,2,5",False,True
nariele,3,,False,True
igaracu,"2,3",2,True,True
markham,3,,False,True
sol_velikaya,3,,False,True
bida,"1,2,3,5","1,2,5",False,True
vazhiny,3,3,False,True
arechuna,"1,2,3,5","1,2,5",False,True
bojaya,"1,3,4,5","1,5",True,True
gaoming,5,,False,True
jiajin,4,,False,True
kurba,3,3,False,True
hont,3,,False,True
kamniga,"1,2,3,5","1,2,5",False,True
pumbo,"1,5","1,5",False,True
tupirama,"1,2,4,5","1,2",False,True
enxet,"1,2,4,5","1,5",False,True
minsin,"1,2,3,4,5","1,2,3,4,5",False,True
phong_tho,"1,2,3,5","1,2,3,5",False,True
matootonha,"1,3",,False,True
kazachinskoye,"1,4",1,False,True
nanchang,"1,3,4,5","1,3,4,5",False,True
village_onega,3,,True,True
suide,3,,False,True
wallowa,"1,3","1,3",False,True
zhongxiang,3,,False,True
chalninsky_pochinok,1,1,False,True
sremska_mitrovica,"3,4",,False,True
klutina,"1,3",1,False,True
nabagram,"1,2,3,5","1,2,5",False,True
swarakxen,3,,False,True
dingi,5,,False,True
chiang_khan,4,,False,True
megion,"3,4,5",,False,True
kowal,3,,False,True
nisga_a,"1,3,5","1,3",False,True
chiang_saen,"1,4,5","1,5",False,True
zalari,2,2,False,True
ratnagiri,"1,3,4,5","1,3",True,True
truka,"1,4,5","1,4,5",False,True
dan_sai,1,1,False,True
simbirsk,4,,False,True
rinpung_yarlung,"1,3,5",1,False,True
yopo,"1,2,3,4,5","1,2,3,4,5",False,True
bauru,3,,False,True
feira,3,,True,True
wumeng,"2,4","2,4",False,True
tara,"1,3",1,False,True
tanico,3,,False,True
uracu,"1,2,3,5","1,2,3,5",False,True
gengdang,"1,2,3","1,2,3",False,True
hejin,"1,3",1,False,True
jiaxing,"2,3",2,False,True
yuryev_povolzhsk,"3,5",,False,True
bonn,4,4,False,True
soscumica,3,3,False,True
mura,"1,2,3,5","1,2,3,5",False,True
lakhimpur,"1,2,3,4,5","1,2,4,5",False,True
yanhe,"1,3,5",1,False,True
kremenchuk,"1,5","1,5",False,True
guamontey,"1,2,4,5","1,2,4,5",False,True
hackensack,3,,True,True
mikhaylovka_pontic,1,1,False,True
olekma,"1,3,5","1,3",False,True
kahayan_hilir,"1,3,4","1,4",True,True
manuais,"1,2,3,5","1,2,5",False,True
asurini,"1,5","1,5",False,True
rohrbach,3,,False,True
mengla,"1,4,5",1,False,True
jizhou,3,,False,True
pende_kwila,"2,3",2,False,True
tahamies,3,,False,True
canastra,"1,2,3,5","1,2,5",False,True
bahraich,"1,3,4,5","1,3,5",False,True
bunut,"1,2,3,5","1,2,3,5",False,True
anais,"1,3,4",1,False,True
itapua,5,,False,True
tam_dai,"2,3,4,5","2,5",False,True
qujiang_guangan,3,,False,True
eskalapia,"1,4,5",1,False,True
bakhanay,"1,5",1,False,True
velyka_lepetykha,"3,5",,False,True
yonghe,3,,False,True
calbe,"1,2,3,5","1,2,3",False,True
muong_te,"2,3","2,3",False,True
kolosovka,"1,3",1,False,True
oryahovo,"1,4,5",1,False,True
sambhal,3,,False,True
wanan,"1,3,5","1,3",False,True
thaton,"1,2,4,5","1,2",True,True
pandua_adina,"1,2,3","1,2",False,True
wuhe,"1,3",1,False,True
rigyal,"1,3,4,5","1,3,5",False,True
xilong,3,,False,True
cremona,"1,2,3","1,2,5",False,True
chioggia,"1,2,3","1,2",True,True
phon_hong,"1,4,5",,False,True
fathabad,1,"1,5",False,True
guaviare,3,3,False,True
cherlak,3,,False,True
karnak,3,,False,True
maymaga,1,1,False,True
dondo,"2,3",2,False,True
yaros,3,,True,True
shilou,3,,False,True
huangcaoba,"1,2,3,5","1,2,5",False,True
menouf,"1,3",1,False,True
ashmunayn,4,,False,True
esna,4,,False,True
el_buwit,4,,False,True
north_meetto,4,"4,5",False,True
sirnak,1,1,False,True
suruc,3,,False,True
birecik,3,,False,True
al_sinn,"1,3,5","1,5",False,True
haditha,3,3,False,True
hillah,3,,False,True
al_tib,3,,False,True
suq_al_shuyukh,3,,False,True
al_bab,3,,False,True
yongchang_yongchang,3,,False,True
severin,4,,False,True
tumba,"1,3",1,False,True
havasu,3,3,False,True
lusongui,3,3,False,True
wogamusin,"1,3,4,5","1,4",False,True
mundurukania,"1,2,5","1,2,5",False,True
ban_khon,4,,False,True
xinan,3,,False,True
saint_etienne,"1,3",1,False,True
subansiri,"1,2,3,5","1,2,3,5",False,True
opelousa,"1,3,4,5",1,False,True
iscuande,"1,2,3","1,2",True,True
yaguachi,"1,3,5",1,True,True
leopoldina,"1,3",1,False,True
ulma,"1,2,3,5","1,2,3,5",False,True
colombayma,3,,False,True
kaluba,3,,False,True
yolombo,"1,2,3,4,5","1,2,4,5",False,True
omo,3,,False,True
bijni,"1,2,3,5","1,2,3,5",False,True
tomsk,"1,3,4",1,False,True
shahjadpur,"1,2,3,5","1,2,3,5",False,True
ningfan,3,,False,True
congona,1,,False,True
savannakhet,4,,False,True
ningxia,3,,False,True
taungdwingyi,5,,False,True
gabun,"1,2,3","1,2",False,True
guanghua,3,,False,True
kayan,3,3,False,True
oli_baraza,3,,False,True
phsar_dek,"1,5",1,True,True
cachamay,1,1,False,True
firuzabad_bahraich,"1,3,4,5","1,3,4,5",False,True
baden_im_aargau,"1,2","1,2,3",False,True
cussate,"3,4",,False,True
liujiang,"1,2,3,5","1,2,5",False,True
machichi,3,,True,True
sesayap,"1,2,3","1,2",True,True
sotachiro,"1,2,3","1,2",False,True
myede,5,,False,True
savar,"1,2,5","1,2,5",False,True
qishui,"1,5","1,5",False,True
thalisain,3,3,False,True
bysyttakh,"1,2,3","1,2",False,True
nemby,"1,4,5",1,False,True
gryfow,"1,3",,False,True
pungo_ndongo,"1,2,3","1,2",False,True
yongxing_xingguo,"1,5","1,5",False,True
mahmudabad,3,,True,True
siona,"1,2,3,5","1,2,3,5",False,True
tochtepec,1,1,False,True
multnomah,"1,2,3,4,5","1,2,5",False,True
karajia,1,1,False,True
mfumu_bekussu,3,,False,True
saharsa,"3,4",3,False,True
saucunk,"1,2,3,5","1,2,5",False,True
nograd,3,,False,True
beisheng,3,3,False,True
bomokandi,"1,2,3,5","1,2",False,True
huanglong,"1,3,5","1,5",False,True
shchuchya,"1,2,5","1,2,5",False,True
callapa,"1,3",,False,True
mangshi,"1,2,3,5","1,2,5",False,True
oromocto,"1,3",1,False,True
mong_hsat,4,,False,True
heyang_xian,3,,False,True
pur,"1,3,5","1,3",False,True
wolmirstedt,3,,False,True
worms,3,3,False,True
dongguan,3,,True,True
jianli,"1,4,5","1,4,5",False,True
desnyanskyi_horodok,2,"2,5",False,True
sanga,"2,3,5","2,3,5",False,True
chanchacc,"1,2,3,5","1,2,3,5",False,True
lusambo_qandu,"1,3",1,False,True
sondor,"1,2,3,5","1,2,3",False,True
aowa,"1,3,5",1,False,True
becaguimec,3,,False,True
danilov,"1,3,5",1,False,True
vu_ninh,"1,4",1,False,True
quicuima,"1,2,3,5","1,2,5",False,True
tondibi,"1,3",1,False,True
houguan,"1,3",1,False,True
enookwasaneenah,1,1,False,True
qihe,3,,False,True
rongcheng,4,,False,True
harburg,3,,False,True
son_la,3,,False,True
laribandar,4,,True,True
sonepur_bihar,"3,4,5","4,5",False,True
mtowa,"1,3","1,3",False,True
baud,"2,4",2,False,True
dipalpur,3,,False,True
srisailam,3,,False,True
chitrakuta,4,,False,True
banda,"2,3,5","2,5",False,True
kutlehar,3,,False,True
peddapalli,4,,True,True
aror,"2,3","2,3",False,True
jajnagar,"1,2,3","1,2,3",False,True
baligram,"1,3",1,False,True
sonda,4,,False,True
rahon,3,,False,True
patna,"1,3,4,5","1,3,4,5",False,True
multan,3,,False,True
lalian,3,,False,True
dunga_bunga,3,,False,True
astore,1,1,False,True
lokoja,"1,2,4,5","1,2,4,5",False,True
onitsha,"1,2,5","1,2,5",False,True
wad_madani,"1,2,3,5","1,2",False,True
berber,4,,False,True
karima,4,,False,True
dabarqi,3,,False,True
assosa,"1,3",1,False,True
enjebara,3,3,False,True
kokorou,3,,False,True
kukiya,3,,False,True
siguiri,"1,2,3,5","1,2,5",False,True
bolikham,"1,4,5","1,4,5",False,True
anundsjo,3,,False,True
wuhu,"2,5","2,5",False,True
dangtu,"2,3,5","2,5",False,True
hangzhou,"2,3",2,True,True
mitchigamea,"1,3,4,5",,False,True
pingnan,4,,False,True
papun,"1,2,4,5","1,2,4,5",False,True
chernihiv,2,2,False,True
kholongsolokh,"1,4",1,False,True
yanchuan,3,,False,True
ku,"2,3",2,False,True
pustozersk,"1,2,4,5","1,2,4,5",False,True
messoyakha,3,,False,True
henley,1,1,False,True
zhebariki_khaya,4,,False,True
uyapari,5,,False,True
uftyuga,"1,2,3,5","1,2,5",False,True
katihar,"1,2,3,5","1,2,5",False,True
baodian,3,,False,True
wuzhi,"1,3",1,False,True
winyah,"1,2,3,5","1,2,5",True,True
chitina,"1,3,5","1,5",False,True
akropong,3,,True,True
cherdyn,"1,2,5","1,2,5",False,True
guwan,3,,False,True
metog,"1,4,5",1,False,True
niurba,"1,3",1,False,True
hurle,3,3,False,True
oyate_shisha,1,1,False,True
parakana,"1,5","1,5",False,True
anambe,"1,5",1,True,True
pokrovsk,5,,False,True
yongning_hengzhou,3,,False,True
agaes,2,2,False,True
dartsedo,3,,False,True
urucurituba,"4,5",5,False,True
azeevo,"1,2,3,5","1,2,3,5",False,True
enenlhet,"1,4,5","1,4,5",False,True
bolkhuny,"1,5",1,False,True
balcheta,"1,3",,True,True
kamiahpu,"2,3",2,False,True
khvorostyanka,"4,5",4,False,True
krasnoyarsk,"2,4",2,False,True
kanchanaburi,"1,2,3,5","1,2,5",False,True
passo_fundo,"1,3,5",1,False,True
caspe,"1,2,3,5","1,2,5",False,True
wutun,"1,4,5","1,5",False,True
chivilco,"1,2,3,5","1,2,3,5",False,True
xiaodandang,3,3,False,True
fugu,3,,False,True
pantian,"2,3",2,False,True
nam_thing,4,,False,True
mistutikumak,"2,3","2,3",False,True
gniew,3,,False,True
bendi,"1,2,3,4,5","1,2,5",False,True
densatil,3,,False,True
gyor,"1,4,5","1,4,5",False,True
yangshou,"3,4",,False,True
catan_lil,"1,2,3,5","1,2,5",False,True
choco,"1,2,3,5","1,2,5",True,True
sohra,"1,2,3,5","1,2,5",False,True
lagoa_vermelha,"1,2,3,5","1,2,3,5",False,True
passau,"1,3",,False,True
pinya,"1,2,5","1,2,3,5",False,True
manaos,"2,5","2,5",False,True
muene_puto,"1,2","1,2",False,True
shunde,"1,5",1,True,True
kulun_olbut,"1,3,5","1,3,5",False,True
hpa_an,4,,False,True
wengshui,"1,3,5",1,False,True
bamgweolo,"1,2,3,5","1,2,3,5",False,True
mihalt,4,,False,True
ruse,4,,False,True
beljamen,"3,5",,False,True
paranaidji,"1,4",1,False,True
kamen,3,,False,True
lamayuru,"3,5","3,5",False,True
stswecen_c,"1,3",1,False,True
viziru,4,,False,True
caiapo,"1,2","1,2",False,True
pingyin,"1,3",,False,True
tharrawaddy,"1,2,5","1,2",False,True
hajipur,"3,5",,False,True
circle,"1,4",1,False,True
madhubani,"1,3,5",1,False,True
boruma,"1,2,3,5","1,2,3,5",False,True
mehin,"1,2,4,5","1,2,5",False,True
bwambe,"1,3",1,True,True
lho_taklung,1,1,False,True
lokono,"1,2,3","1,2",False,True
bojamba,"1,2,3,5","1,2,5",False,True
ipueira,"1,2,4,5","1,2,4,5",False,True
tuma,3,,False,True
awa_brazil,"1,3",1,False,True
qianlong,3,,False,True
yuracare,"1,2,3,5","1,2,5",False,True
bauzi,"1,4",1,False,True
inhandui,"1,2,3,5","1,2,3,5",False,True
goleniow,1,,True,True
shimbay,3,3,False,True
walong,"1,2,3,5","1,2,3,5",False,True
wenxiang,3,,False,True
fimi,"3,5","3,5",False,True
uruaitis,"1,2,3,5","1,2,5",False,True
vagay,1,1,False,True
yuncheng,3,,False,True
braunau,"2,3,5","2,5",False,True
rampur_boalla,"1,2,5","1,2,5",False,True
nyemo,3,,False,True
pankararu,4,4,False,True
itonama,"2,3,4,5",2,False,True
passavant,"2,3,5",3,False,True
shidian,3,,False,True
q_espiea,"1,3",1,False,True
tapuitapera,"1,2,3","1,2",True,True
tsaukambo,"1,2,3,5","1,2,3,5",False,True
kuna,"1,2,4,5","1,2,4,5",False,True
jaintiapur,"1,3",1,False,True
ibrahimabad,"1,4",1,False,True
murom,3,,False,True
nikolsky,3,,False,True
tukuringra,"1,2,3,5","1,2,5",False,True
teliagarhi,5,5,False,True
muara_bahan,"1,2,4,5","1,2,5",False,True
van_ban,"1,2,3","1,2",False,True
bo_hai_khau,4,,True,True
tuyandina,"1,2,3","1,2",False,True
linjin,3,,False,True
mingin,4,,False,True
osaakiiwaki,5,,True,True
kuta_watu,3,,True,True
salin,"1,5","1,5",False,True
patharkandi,"1,2,3","1,2,5",False,True
charaideo,"1,2,5","1,2,5",False,True
azamgarh,"1,4",1,False,True
gonda,4,,False,True
ibirapuita,"1,2","1,2",False,True
plenita,4,,False,True
ried,3,,False,True
glaz,"1,3",1,False,True
mechet,"3,5",,False,True
shemonayevskoye,1,1,False,True
miranha,"1,3,5","1,5",False,True
turas,"1,4,5","1,4,5",False,True
edfu,4,,False,True
kharibta,3,,False,True
mbinga,"1,3,5","1,3",False,True
kutu,"1,3",1,False,True
north_yao,"1,3",1,False,True
eruh,"1,2,3","1,2",False,True
harput,"1,2,5","1,2,5",False,True
hit,3,,False,True
baqubah,"2,3",2,False,True
wasit,3,,False,True
zuwayr,4,,True,True
deir_ez_zor,3,,False,True
duhok,3,,False,True
karaja,"1,2,3,5","1,2,3,5",False,True
kaltysyany,"1,5",1,False,True
pancevo,4,4,False,True
ibotirama,"1,2,4,5","1,2,5",False,True
hongsa,"4,5",4,False,True
oheyandewa,"1,4,5","1,5",False,True
fengchuan,"1,2,4,5","1,2,5",False,True
bettiah,"1,2,3","1,2",False,True
wuntho,"1,2,5","1,2,5",False,True
chishmy,3,,False,True
norosi,"1,4,5","1,4,5",False,True
hanyuan,3,,False,True
tame,"1,2,3,5","1,2,5",False,True
chandrapur,"2,3,5","2,3,5",False,True
wicontiss,"1,3",,True,True
mabila,"1,3,5","1,3",False,True
rowta,"1,5","1,5",False,True
naser,"1,2,3,5","1,2,5",False,True
sobat,"1,2,3,4","1,2",False,True
injangyang,"1,3,4,5","1,4,5",False,True
wulong,"2,3,5","2,5",False,True
lado,4,,False,True
meshra_er_req,"1,2,3","1,2",False,True
takutu,"1,2,3,4,5","1,2,5",False,True
para_gaviao,1,1,False,True
amulaca,"2,3",2,False,True
taquarucu,"2,4,5",2,False,True
kozhevnikovo,3,,False,True
kuujjuaq,3,,True,True
longquanping,3,,False,True
curu_leufvu,3,,True,True
nioman,"3,4,5",3,False,True
dordrecht,4,,True,True
daning,3,,False,True
ust_vayenga,"1,2,4,5","1,2,5",False,True
awyu,"1,2,3","1,2",False,True
nechi,"1,2,3,5","1,2,5",False,True
uatuma,"2,4,5","2,5",False,True
ouachita,"1,2,3,5","1,2,5",False,True
dizhai,2,2,False,True
nooksack,"1,4,5",1,False,True
bula_kongo,"1,5",1,False,True
catahoula,"1,3,5","1,3,5",False,True
daguwanalahi,"2,3","2,3",False,True
pont_audemer,3,,True,True
uru_eu_wau_wau,"1,2,3,5","1,2,5",False,True
toniato,"1,4",1,False,True
piachi,3,,False,True
muli,"1,2,3,5","1,2,5",False,True
mulilimu,1,1,False,True
consha,"1,2,3,5","1,2,3,5",False,True
chillupar,"1,2,3,4,5","1,2,3,5",False,True
kapela,"1,2,3","1,2",False,True
boali,"1,2,4,5","1,2,5",False,True
qom_caia,"1,2,3,5","1,2,5",False,True
konski_vody,3,,False,True
cuitzeo,"1,3",1,False,True
allpas,"1,2,3,5","1,2,3,5",False,True
miangu,"2,5","2,5",False,True
macoupin,"3,4,5",,False,True
nikolskoye_pontic,5,,False,True
chibango,"1,3,5","1,5",False,True
atahachi,"1,2,3,5","1,2,5",False,True
okaisipi,1,"1,5",False,True
bulun,"1,4",1,False,True
willka_pampa,3,,False,True
aerzhai,3,,False,True
mykytyn_rih,5,,False,True
cocorna,"1,2,4,5","1,2,5",False,True
zazhimchar,"3,5",5,False,True
ingatambo,"1,2,3,5","1,2,3,5",False,True
petawawa,"1,3",,False,True
lafkenmapu,"1,2,3,5","1,2,5",True,True
kaniatarahontsi,"1,4,5","1,4",False,True
manhattan,3,,True,True
sawran,3,,False,True
onontchataronon,"1,3,5","1,3,5",False,True
telen,"2,3,5","2,5",False,True
awen,"1,2,3,5","1,2,5",False,True
kamach,"1,4",1,True,True
ariari,"1,2,3,5","1,2,3,5",False,True
bogra,2,2,False,True
segbwema,"1,2,3,5","1,2,3",False,True
ural_nema,3,,False,True
husaynabad,"1,3",1,False,True
matawin,3,,False,True
axawiri,3,3,False,True
sarikei,4,,True,True
arkhangelsk,"4,5",5,True,True
bertoua,"1,2,3,5","1,2,5",False,True
hagwilget,"1,2,3,5","1,2,5",False,True
wapsipinicon,"1,3,5","1,3,5",False,True
pologoye_zaymishche,1,1,False,True
obion,"1,5",1,False,True
kunovat,"2,3,5","2,5",False,True
dingbian_shunning,"1,2,3","1,2",False,True
ygana,"1,5","1,5",False,True
djundu,"2,3,5","2,5",False,True
kapitukamach,3,,False,True
chisasibi,3,,True,True
anlong,"1,3,5",,False,True
tomtor,1,1,False,True
tchakashapug,3,3,False,True
juancheng,3,,False,True
sowunusiske,4,,True,True
lutang,3,,False,True
boxing,"1,3",1,False,True
turama,1,1,False,True
bodaybo,"1,3",1,False,True
karau,4,,False,True
kehu,3,,False,True
futi,"1,4",1,False,True
mengung,"1,3,5","1,3,5",False,True
fanxian,3,,False,True
nanbu,"1,3,5","1,5",False,True
chaisri,"1,3",1,True,True
oxitlan,"1,2,5","1,2,5",False,True
fuzhou_sichuan,"3,5",3,False,True
cosamaloapan,"2,3","2,3,5",False,True
chandwar,"2,3",2,False,True
muktsar,3,,False,True
bhakkar,4,,False,True
markapur,3,,False,True
jalalpur_pirwala,3,,False,True
khewra,3,,False,True
mardan,"2,3,5","2,5",False,True
sukkur,4,4,False,True
paat,"1,4",1,False,True
udamphur,3,,False,True
yambasa,"1,3,5","1,3",False,True
wej,1,1,False,True
tulcea,"4,5",5,True,True
ed_debba,"1,2,4,5","1,2,5",False,True
karkuj,"1,2,3","1,2",False,True
dima,"2,3,5","2,5",False,True
anzourou,3,,False,True
bamako,3,,False,True
branna,"1,3",1,False,True
boubon,3,,False,True
mser,"2,3,5","2,3",False,True
tanda,"1,3,5","1,5",False,True
yauri,3,,False,True
wuro_yolde,3,,False,True
okanja,"1,2,3,5","1,2,3,5",False,True
wujiang,"2,3",2,False,True
chongde,3,,False,True
tonglu,"1,3,5","1,3,5",False,True
linhuai,1,1,False,True
maues,"1,2,5","1,2",False,True
prinzus,"1,2,3,5","1,2,5",False,True
xatingnaax,"1,4",1,False,True
palmeira,"1,2,3,4,5","1,2,4,5",False,True
kamensk,"2,4,5","2,4",False,True
banbury,1,1,False,True
ski,3,,True,True
hajo,"1,5","1,5",False,True
mabale,"1,3,5",1,False,True
chamcha,"2,4",2,False,True
vidin,4,,False,True
tengapani,"1,2,3,5","1,2,3,5",False,True
pirapora,"1,2,3,5","1,2,5",False,True
idrinskoye,"1,2,3,4","1,2,3",False,True
nixi,"1,3",1,False,True
kodak,"1,3,5",3,False,True
kengdey,"1,5","1,5",False,True
kukuro_kalapalo,"1,3",1,False,True
goly_karamysh,5,,False,True
waskaganish,"1,2,3","1,2",True,True
ragh,3,,False,True
taseyevo,"2,4",2,False,True
nyssa,"1,2,3,5","1,2,3,5",False,True
vukyl,3,,False,True
kamenka,"1,4,5","1,4,5",False,True
menzelinsk,1,1,False,True
tacshic,"1,2,4,5","1,2,4,5",False,True
abakasnk,"2,3",2,False,True
keelivtyn,"1,3",1,False,True
dongming,3,,False,True
kisomba,"1,2,3,5","1,2,5",False,True
jinkou,5,,False,True
preah_ko,"1,5","1,5",False,True
siming,"1,2,3","1,2",False,True
shunning,"2,3,5","2,5",False,True
sededema,"1,3,4",1,False,True
shamokin,1,,False,True
verkhneimbatsk,"2,5","2,5",False,True
tappan,3,,False,True
ubangi,"1,2,5","1,2,5",False,True
abyy,"1,2,3,5","1,2,3,5",False,True
debrc,3,,False,True
coligua,2,2,False,True
bera,"1,2,3,5","1,2,3,5",False,True
yuannan,3,3,False,True
butuan,"2,3",2,True,True
sulkhari,"1,2,3,5","1,2,5",False,True
guadual,"1,2,3,5","1,2,5",False,True
sonargaon,"1,2,3,4,5","1,2,3,5",False,True
kalocsa,4,,False,True
kayan_melawai,"1,2,3,5","1,2,5",False,True
acroas,"4,5",,False,True
brotas,"2,3",2,False,True
lanagashec,"2,4,5","2,4,5",False,True
utiangue,3,,False,True
iny_karaja,"1,2,3,5","1,2,3,5",False,True
gutian,3,,False,True
wabimeig,"1,2,3,5","1,2,5",False,True
batang_tembesi,"3,5",,False,True
sogra,"2,4,5","2,5",False,True
belin,3,,False,True
golino,"1,2","1,2",False,True
soltsy_kirishi,3,,False,True
vat_phou,5,5,False,True
zemukh,3,,False,True
rengat,"1,3",1,True,True
mepenes,"1,5",1,False,True
upia,"1,2,3,5","1,2,5",False,True
nadia,"1,2,3,5","1,2,3,5",False,True
kambeba,"1,4,5","1,4,5",False,True
nadleht_en,"2,3,5","2,5",False,True
pali_uttar_pradesh,"1,2,3,5","1,2,3,5",False,True
osinsky,4,4,False,True
qompi,"1,5","1,5",False,True
djee,"2,3,5",2,False,True
amol_turkmenabad,"3,4",,False,True
dingyuan,3,,False,True
ngato,"1,2,5","1,2,5",False,True
motygino,"1,3,4,5",1,False,True
veliky_beckerek,3,3,False,True
guaquire,"1,2,3,4,5","1,2,3,5",False,True
linyanti,"1,2,3,5","1,2,3,5",False,True
lelbunmapu,"1,2,3,5","1,2,3,5",False,True
udamik,"1,2,4,5","1,2,4",False,True
grayling,"2,4",2,False,True
bobangi,"2,3,4,5","2,5",False,True
bobaka,"1,2,5","1,2,5",False,True
luanda,3,,True,True
magway,"1,5","1,5",False,True
mehsi,"2,3",2,False,True
baini,3,,False,True
caete,1,,False,True
balbalan,"1,2","1,2",False,True
pikwitonei,4,4,False,True
aparri,"1,2,3","1,2,3,5",True,True
muxima,3,,True,True
buassa,3,,False,True
kyaukse,"1,2,3,5","1,2,5",False,True
sulomay,"2,5","2,5",False,True
warsaw,"2,3",2,False,True
mbegua,"1,2,5","1,2,5",False,True
daboka,"1,2,3,5","1,2,3,5",False,True
ta_shwe_htan,"2,3,4,5","2,4,5",False,True
mongpai,"1,2,4,5","1,2,5",False,True
shipai,3,,False,True
watlala,"1,3,4,5","1,4,5",False,True
pankara,"1,4","1,4,5",False,True
mabein,"3,5",5,False,True
guanipa,5,,False,True
abau,"1,2,3,5","1,2,3,5",False,True
fengcheng_fengcheng,"1,4",1,False,True
one,4,,True,True
kongwei,1,1,False,True
tingkip,"1,2,3,5","1,2,5",False,True
parma,3,,False,True
tupulicus,"1,5","1,5",False,True
lambarene,"1,3,4,5","1,5",False,True
shouzhang,3,,False,True
wenxian,3,,False,True
pium_i,"1,2,3,5","1,2,5",False,True
hequ_wuding,4,,False,True
zhuluo,3,3,False,True
manikpur,3,,False,True
lower_angara,4,4,False,True
stettin,3,,True,True
kayapo,"1,2,4,5","1,2,5",False,True
usivka,"1,3,5",,False,True
stata_ketux,"1,4,5","1,5",False,True
esteriktyaax,2,2,False,True
zigui,5,5,False,True
muara_sabak,3,,True,True
den_terek,3,,False,True
korsun,3,,False,True
qianjiang_binzhou,"1,4,5","1,5",False,True
tumatumari,"1,2,3,4,5","1,2,3,4,5",False,True
pinheiro,"1,2,3,5","1,2,3,5",False,True
gameleira,"1,2,4,5","1,2,5",False,True
votkings,3,,False,True
sanga_pumbo,"1,2,5","1,2,5",False,True
hanchuan,"1,2,3,5","1,2,5",False,True
pervomayskoye,"1,2,3,5","1,2,3,5",False,True
eseka,"2,3",2,False,True
shichah,3,,False,True
verkhneyarkeyevo,3,,False,True
chenxi,"1,3,5","1,5",False,True
stade,3,,True,True
ikongo_boa,"1,2,3","1,2",False,True
shigony,4,,False,True
itapiracaba,"1,2,3,4,5","1,2,3,5",False,True
banaro,"1,2,3,4,5","1,2,4,5",False,True
pacahuara,"1,2,4,5","1,2,5",False,True
tupinambarana,"1,2,4,5","1,2,5",False,True
thahnawate,1,,True,True
romanov,3,3,False,True
quizquiz,"1,5",1,False,True
stavropol_na_volge,4,,False,True
nalimsk,"1,4,5","1,4,5",False,True
sarh,"1,2,3,5","1,2,5",False,True
kaiabi,"1,2,3,5","1,2,3,5",False,True
tancarville,3,,True,True
asyut,4,,False,True
fuwa,3,,False,True
boeny,3,,True,True
andranoboka,"1,3",1,True,True
miandrivazo,"1,2,3","1,2",False,True
tahna,4,,False,True
west_yao,"1,2,3,5","1,2,3,5",False,True
cizre,3,,False,True
kaysun,3,,False,True
hasankeyf,"2,3,5","2,3,5",False,True
sivrice,3,,False,True
arapgir,"2,3,5","2,5",False,True
loudun,2,2,False,True
keban,"2,3",2,False,True
ar_rabb,3,3,False,True
ukbara,3,3,False,True
qadisiyyah,3,,False,True
maskanah,3,,False,True
jabar,3,,False,True
busayrah,3,,False,True
balad,3,,False,True
wyaconda,"2,4,5","2,4",False,True
bhadohi,"3,4",,False,True
yuanqu,3,,False,True
kerewo,"1,2,3,5","1,2",True,True
urmi,"2,3,5","2,5",False,True
hahawakpa,"1,3,5","1,3,5",False,True
gorodets,3,,False,True
ust_ishim,"2,3,5","2,5",False,True
calumbo,3,,True,True
dobryanka,"1,2,3,5","1,2,3,5",False,True
turu,"1,3,5","1,3,5",False,True
changning,"2,3",2,False,True
tatahuitalpan,"1,2,3,4,5","1,2,5",False,True
kaniksu,"1,2,5","1,2,5",False,True
qiyang,3,,False,True
ulukulevo,"2,3,5","2,5",False,True
muhammerah,"3,4,5","3,4,5",False,True
kwidzyn,3,,False,True
yiyang_changsha,"3,4","3,4",False,True
arakaiu,4,,True,True
plieran,"1,2,3,5","1,2,3,5",False,True
reni,"2,4",2,False,True
bayannur,3,,False,True
bor,"1,4",1,False,True
huiqi,"1,3,5","1,5",False,True
shambe,"1,3,4",1,False,True
kurung_yuryakh,"1,2,3,5","1,2,3",False,True
cuilo,"2,3,5","2,5",False,True
munduruku,"1,2,3,5","1,2,3,5",False,True
hulawen,"1,3,5","1,5",False,True
kinyama,"1,3,5","1,3,5",False,True
marimbi,"1,2,3","1,2,3,5",False,True
muang_phalan,"1,2,3,5","1,2,3,5",False,True
horodyshche,5,,False,True
ngabo,"1,3,5","1,3,5",False,True
kahwenoke,5,5,False,True
molchanovo,"3,4,5",,False,True
cokuurdaax,"1,3",1,False,True
batubenge,3,,False,True
pa_lus_sa,3,,False,True
kyaukkyi,3,,False,True
ambaca,"2,3,5","2,5",False,True
winisk,"1,2,5","1,2,5",False,True
shar,"3,5",3,False,True
chuapa,"3,4",3,False,True
aco,"1,3,5","1,5",False,True
zhalauly,3,,False,True
imakia,3,,False,True
kai_kara,"1,2,3,4,5","1,2,3,5",False,True
chiryapchi,"1,4",1,False,True
ford_liard,"1,2,3,5","1,2,3,5",False,True
xiangning,3,,False,True
abare_i,"2,3,5","2,5",False,True
wayagamac,"1,2,3","1,2",False,True
laibin,4,,False,True
apiacas,"1,2,3,4,5","1,2,3,4,5",False,True
coste,"1,2,3,5","1,2,5",False,True
yanggu_yanzhou,3,,False,True
yelabuga,"1,3,4,5","1,5",False,True
kajabi,"1,2,3,5","1,2,3,5",False,True
itapirapua,"1,3","1,3,5",False,True
troitsko_pechorsk,"1,2,3,5","1,2,5",False,True
kystatyam,"1,5",1,False,True
kolpashevo,"1,3,4,5","1,3,4",False,True
tsiripa,"1,5",1,False,True
catios,"1,2","1,2",False,True
vezhakary,5,,False,True
ipire,"1,5","1,5",False,True
wangmu,"2,3,5",2,False,True
cheboksary,4,,False,True
jembayan,4,,True,True
ulug,"2,3,5","2,3,5",False,True
hymahi,"2,5","2,5",False,True
stendal,3,3,False,True
mong_yawng,"2,4,5","2,5",False,True
kuttawa,"2,3,4",2,False,True
rajmahal,5,,False,True
nemasca,"1,3,5","1,5",False,True
mompoj,"1,2,4,5","1,2,4,5",False,True
corpen_aike,"1,3",1,True,True
noris,"1,2,3,5","1,2,5",False,True
escatawppa,"3,4,5",,False,True
kanaskipenaski,"1,2,3,5","1,2,5",False,True
bahr_salamat,"1,3,5",1,False,True
wabaseemong,"2,3,5","2,5",False,True
thawe,3,,False,True
osijek,"1,2,3","1,2,3",False,True
verkhoshizhemye,3,3,False,True
julau,"1,2,4,5","1,2,5",False,True
acanti,4,,True,True
yingli,3,,False,True
melnikovo,"3,4,5",,False,True
pampahuaylla,"2,3,4","2,3,4",False,True
luzhou,"1,2,4,5","1,2,4,5",False,True
mong_hpayak,4,4,False,True
humadea,"1,2,3,5","1,2,5",False,True
hulu_barito,"1,2,3,5","1,2,5",False,True
xingan_linjiang,"3,5",5,False,True
tchikunga,"1,2,3,5","1,2,3,5",False,True
guiping,"3,4,5",,False,True
khachimcher,"2,3",2,False,True
nyonoksa,3,,True,True
tereshka,"1,5","1,5",False,True
kuujjuarapik,"1,2,3","1,2",True,True
chyorny_yar,5,,False,True
nakshaparvat,"1,3,5","1,3,5",False,True
waahukaahaanu,"2,3,5","2,5",False,True
spithota,1,1,False,True
ogoowe_kongo,"1,2,4,5","1,2,5",True,True
nagatinong,"2,3,5","2,3,5",False,True
wihlink,"1,3",,False,True
kaya_paha,3,,False,True
silkari,"1,2,3","1,2,3",False,True
adixoodagoorahareesh,"2,3",2,False,True
ahkwesasne_ny,"1,4,5","1,4,5",False,True
tunica,"1,3,5","1,3",False,True
beryozovo,"1,2,3,5","1,2,5",False,True
edea,"1,2,3,5","1,2,5",False,True
etiwan,3,,True,True
hoveyzeh,"2,5",2,False,True
tobolsk,"1,2,3,4,5","1,2,5",False,True
juniata,"1,3,5","1,5",False,True
ycuamandiyu,"1,2,4,5","1,2,5",False,True
kichwa,"1,2,3,5","1,2,5",False,True
sangay,"1,2,3,5","1,2,5",False,True
chaira,"1,2,3,5","1,2,5",False,True
cauroma,3,3,False,True
suamprabon,"1,2,3,4,5","1,2,5",False,True
kizel,"1,3",1,False,True
tayxlama,"1,2,4,5","1,2",False,True
bosobolo,"1,2,3,4,5","1,2,5",False,True
mitsogo_kongo,"1,2,3,4,5","1,2,3,5",False,True
umatilla,4,,False,True
shuryshkar,"1,3,5",1,False,True
acham,"1,2,3,5","1,2,3,5",False,True
napo,"1,2,3,5","1,2,3,5",False,True
kahinga,"1,2,3,5","1,2,5",False,True
jebba,"1,3,5","1,3,5",False,True
dasu,3,,False,True
kasur,3,,False,True
rajamahendry,4,,False,True
gilgit,1,1,False,True
piran_i_kaliyar,3,3,False,True
raikot,3,,False,True
harrow,1,1,False,True
dubbi,"3,4","3,4",False,True
kanauj,3,3,False,True
dina,"2,3",2,False,True
neva,"3,4",3,True,True
koknese,"1,3,5","1,5",False,True
bopolu,"1,2,3,5","1,2,3,5",False,True
maldarede,"1,3",1,False,True
solatunum,"1,2,3,5","1,2,3,5",False,True
guelengdeng,3,,False,True
aro,"1,2,4,5","1,2,5",False,True
turukhansk,"1,2,4,5","1,2,5",False,True
kalabsha,4,,False,True
wangjiang,"1,5","1,5",False,True
shangjing,"1,3,5","1,3,5",False,True
zoe,"2,3,4,5","2,3,4,5",False,True
njoko,3,,False,True
guarico,"1,3",1,False,True
barinas,"1,3,5","1,3,5",False,True
quigate,"1,2,3,5","1,2,5",False,True
katima,"1,3","1,3",False,True
lalek_cotaa,"1,5","1,5",False,True
xoko,"1,4",,False,True
mardankuyik,3,,False,True
cherven,"4,5",,False,True
karawala,"1,2,3,5","1,2,5",True,True
rejang,"1,3,4,5","1,3,5",False,True
luodian,"1,2,3,5","1,2,3,5",False,True
jinshajiang,3,,False,True
ningpu,3,,False,True
kazari,3,,False,True
tsay_iona,"1,3,5","1,5",False,True
shushenskoye,3,,False,True
zongyang,"1,5","1,5",False,True
ilok,4,,False,True
sintang,"2,3,4,5","2,5",False,True
jaskis,3,3,False,True
dejiang,3,,False,True
baleh,"1,2,3,5","1,2,3,5",False,True
unnao,3,,False,True
heqing,3,,False,True
tongan_lijiang,3,,False,True
chirowe,"2,3",2,False,True
chestowee,3,,False,True
muene_ndinga,2,2,False,True
kassali,"1,3",1,False,True
artyk_ata,3,,False,True
tuzdysor,3,,False,True
rouyuan,"1,3",1,False,True
cundi,3,,False,True
nenlhet,"1,4,5","1,4,5",False,True
awka_etiti,"1,4",1,False,True
durjaya,"1,5","1,5",False,True
nistam,2,2,False,True
bumi_ayu,2,"2,3,5",False,True
fisque_menuco,"1,2,3","1,2",False,True
pilda,5,,False,True
szolnok,3,,False,True
guana,4,,False,True
luquan,"1,2,4","1,2",False,True
kusu_mangbetu,"1,3,4,5","1,5",False,True
kuje,"1,4,5","1,4,5",False,True
juris,"2,5","2,5",False,True
areia,"1,2,3,5","1,2,5",False,True
tora,"1,2,3,5","1,2,5",False,True
gradiski_brod,"1,3,5",1,False,True
ingariko,"1,2,3","1,2",False,True
phyu,3,,False,True
loeme,3,,False,True
amundava,"1,2,3,5","1,2,3",False,True
charang,"1,4",1,False,True
takuru_puku,"2,5","2,5",False,True
smolenskoye,"2,3,5","2,3,5",False,True
donge,1,,False,True
ust_vym,"1,2,3,5","1,2,3,5",False,True
zimnyatsky,"1,3",1,False,True
nakaigetergehe,5,,False,True
chongshan,"1,3",1,False,True
umbu,"1,2,3,5","1,2,3,5",False,True
macuxi,"1,2,3,4,5","1,2,3,5",False,True
zwolen,"2,3","2,3",False,True
ibicui,"1,3,5","1,5",False,True
ratchaburi,"1,3",1,True,True
baniachang,"1,3,4,5","1,4,5",False,True
movima,"1,2,4,5","1,2,4,5",False,True
manjung,"1,2,3,5","1,2,5",True,True
pashino,"2,3,5","2,3,5",False,True
borun,"1,3","1,5",False,True
ulakhan_kyuyol,"1,3",1,False,True
zarate,"1,4,5","1,5",False,True
kaxarari,"3,5",,False,True
menglei,"1,3","1,3",False,True
itarap,"1,2,5","1,2,5",False,True
dungu,"1,2,3,5","1,2,3,5",False,True
calcasieu,"1,3,5","1,5",False,True
caraja,"1,4,5","1,4,5",False,True
yshyr,"1,2,4,5","1,2,4,5",False,True
malalis,3,,False,True
timkino,1,1,False,True
jiyuan,3,,False,True
yarkino,"1,4,5","1,4,5",False,True
kinja,"1,2,3,4,5","1,2,5",False,True
muromtsevo,"1,3,5",1,False,True
good_hope,"1,5","1,5",False,True
waldshut,1,,False,True
kuhikugu,"1,2,3,5","1,2,3,5",False,True
kaiwa,"2,3,4,5",2,False,True
sao_leopoldo,"2,3,4","2,3,4",False,True
tawehash,"1,2,3,5","1,2,3,5",False,True
dzerzhinskoye,"2,4,5","2,4,5",False,True
nyachukha,"2,3","2,3",False,True
jerichow,"1,3","1,3",False,True
para,"1,2,4,5","1,2,4,5",False,True
hinsepu,"1,2,3,5","1,2,3,5",False,True
kuchugur,"3,5",,False,True
angoram,"1,3,4,5","1,4,5",True,True
chateaubriant,3,,False,True
guarasugwa,"1,2,3,5","1,2,3",False,True
apalachee,"1,2,3,5","1,2,5",False,True
yendyr,"1,4,5","1,4,5",False,True
satere_mawe,"1,5",1,False,True
cherkasy,"3,5",,False,True
melk,3,,False,True
tocantis,4,,False,True
wuchang,"1,5","1,5",False,True
meizhou,3,,False,True
berdsk,3,,False,True
rikbaktsa,3,3,False,True
cootcla,"1,3",1,False,True
minenga,"2,3","2,3",False,True
djeoromitxi,"1,2,3,5","1,2,5",False,True
thuan_binh,"1,3,4,5","1,3,5",False,True
wanzhou,5,,False,True
ikom,"1,2,3,5","1,2,3,5",False,True
karasor,3,,False,True
pechora,"1,2,3,5","1,2,3,5",False,True
kamimbe,"2,3",2,False,True
huichuan_dechang,4,,False,True
omsk,"1,3,5","1,3,5",False,True
awatixa,3,,False,True
bitki,5,5,False,True
jiparana,"1,2,3,5","1,2,3",False,True
adony,4,,False,True
inga,"1,2,3,5","1,2,5",False,True
pyras,"2,5","2,5",False,True
waiwai,"1,2,3,4,5","1,2,3,4",False,True
muang_sua,"1,2,4","1,2",False,True
cairo,3,,False,True
akhmim,4,,False,True
marovoay,3,,False,True
tsimanandrafozana,"2,3",2,True,True
east_yao,"1,2,3,5","1,2,5",False,True
dluk,3,,False,True
siverek,3,,False,True
al_anbar,3,3,False,True
tikrit,3,,False,True
al_qatr,3,,False,True
peranap,"1,2,3,5","1,2,5",False,True
kabambare,1,1,False,True
qollaxalec,"2,5",2,False,True
saygatsky,"1,3,5","1,3,5",False,True
rumu,"1,3","1,3",False,True
balagansk,4,,False,True
dudinka,"1,2,5","1,2,5",False,True
guarapuava,"1,2,3","1,2",False,True
katen,"1,2,3,5","1,2,5",False,True
louviers,"1,2,3,5","1,2,3,5",False,True
tavan,3,,False,True
kazan,4,,False,True
oskemen,"1,3",1,False,True
benfeld,"1,3",1,False,True
bardak,"1,2,5","1,2",False,True
shish,"1,3,5","1,3,5",False,True
peewareewa,4,,False,True
ofaie,"1,2,4,5","1,2,4,5",False,True
namau,"2,3",2,True,True
thuan_chau,"1,3,5","1,3,5",False,True
xinjian,"2,4,5","2,4,5",False,True
elcui,1,,False,True
rejaf,"1,4",1,False,True
zenzevatka,5,,False,True
towa_panka,3,,False,True
nemaha,"1,3,5",1,False,True
noanama,"2,3,5","2,5",False,True
xakriaba,1,,False,True
firabr,"1,3,5","1,5",False,True
eexiwa,4,,False,True
ducheng,"1,4,5","1,5",False,True
irtysh,"1,2,4,5","1,2,5",False,True
mughan,"2,3","2,3",False,True
pacaha,"2,5","2,5",False,True
poti,"1,2","1,2",False,True
jiayu,"1,5","1,5",False,True
takawng,"3,4",,False,True
olonets,3,3,False,True
lukuga,"3,4,5",,False,True
jongkong,"1,2,3,4,5","1,2,3,5",False,True
buriti,"1,2,3,4","1,2,3",False,True
anoixi,"1,3",1,False,True
vasilyeva_sloboda,3,,False,True
zyryan,"1,2,3,5","1,2,5",False,True
zhelezin,3,,False,True
tuxa,"1,4,5",,False,True
ichera,"1,3,5",3,False,True
kombai,"1,2,3,5","1,2,5",False,True
jaguarari,4,4,False,True
longping_pingle,"2,3",2,False,True
upper_angara,4,4,False,True
thai_binh,"1,4",1,False,True
vang_vieng,"1,2,3,4,5","1,2,3,5",False,True
iranmranhre,"1,2,4,5","1,2,4,5",False,True
cutzamala,"1,3,5","1,3,5",False,True
wujing,3,,False,True
bikrampur,"1,4,5","1,4",False,True
poughkeepsie,1,1,False,True
xupu,"1,3,5","1,3,5",False,True
mako,3,,False,True
auwe,"1,2,3,4,5","1,2,5",False,True
sarai_al_jadid,5,,False,True
sekadau,"1,4,5","1,4,5",False,True
tchitogama,3,,False,True
khatas,"1,4",1,False,True
pairindi,1,1,False,True
gongshan,"1,2,3","1,2",False,True
oril,5,5,False,True
parkateje,4,,False,True
atanari,"1,2,3,4,5","1,2,3,4,5",False,True
timbu,"1,2,5","1,2",False,True
xavante,"1,3,5","1,3,5",False,True
beami,"1,2,3,5","1,2,3,5",False,True
kasevo,"1,3,5","1,3,5",False,True
duyang,3,,False,True
yjxa,"1,2,3,5","1,2,3,5",False,True
nguyi,"1,2,4","1,2",True,True
itihumma,"1,5",1,False,True
patom,"2,4,5","2,5",False,True
potyguara,"1,2,3","1,2",False,True
arua,"2,5","2,5",False,True
kanisianas,"1,4,5",1,False,True
kwetabohigan,"2,3,5","2,3,5",False,True
tovisq_ol,"1,2,3,5","1,2,3,5",False,True
nicalaax,3,,False,True
captina,3,,False,True
khargytyr,"1,3",1,False,True
guaritico,"1,3",1,False,True
aekyom,"1,2,3,5","1,2",False,True
maia_papua,"1,3,5","1,3",False,True
monsol,"1,2,5","1,5",False,True
tuvicha_mini,3,,True,True
guenoa,"1,2,3,5","1,2,3,5",False,True
lebyazhye,3,,False,True
daule,"2,3,5","2,3,5",False,True
katingan,3,,False,True
shake_kongo,"1,2,3,5","1,2,5",False,True
urka,3,,False,True
changsha,"1,4,5","1,4,5",False,True
pirca_pirca,"1,3",1,False,True
tygde,3,,False,True
huangpi,5,,False,True
sutara,"1,4",1,False,True
imaapik,"1,3",1,False,True
jeguakava,"1,2,4","1,2,4,5",False,True
awajun,"1,2,4,5","1,2,4,5",False,True
batang_tebo,"1,2,3,5","1,2,5",False,True
banua_lawas,"1,2,4,5","1,2,5",False,True
plock,3,,False,True
akbarpur,"1,4",1,False,True
yans,3,,False,True
zambesia_katongo,"1,3",1,False,True
kosi,3,,False,True
kham_bahar,3,3,False,True
pagashi,3,,False,True
peoria,"1,2,3","1,2",False,True
xucheng,"1,3",1,False,True
attaock,"1,3",1,False,True
sangha,"2,3,5",2,False,True
rongshui,"1,2,3","1,2",False,True
allegheny,"1,2,3,5","1,2,5",False,True
yiling,5,,False,True
longzhou_longzhou,"1,2,3,5","1,2,3,5",False,True
katha,"1,4",1,False,True
bhimber,3,,False,True
bhera,3,,False,True
mirat,3,,False,True
rohri,4,4,False,True
channan_pir,3,,False,True
eidsvoll,3,,False,True
