region,crop,longitude,latitude,spatial_status,role,previous_role,source,source_family,published_yield_t_ha,cropping_coefficient,anchor_year,anchor_cropping,harvest_t_ha_inferred,observation_status,harvest_t_ha_lower_inferred,harvest_t_ha_upper_inferred,interval_status,cropping_interpretation,sampled_cells,conditionally_viable_cells,sampling_contract,scenario_samples_dm,LRLM_median_dm,LRLM_p10_dm,LRLM_p90_dm,HRLM_median_dm,HRLM_p10_dm,HRLM_p90_dm,HILM_median_dm,HILM_p10_dm,HILM_p90_dm,upper_median_dm,upper_p10_dm,upper_p90_dm
Latium,WHE,12.7,41.8,approximate 1-degree sampling box; not verified NGA boundary,authoritative_seshat_anchor,calibration,seshat,Seshat2021,0.981885765124034,0.5,-900,0.23,0.45166745195705565,"historical model estimate, not a direct measured yield",0.37697438831487884,0.5263605155992324,Earliest historical yield-anchor bounds propagated through the published linear normalization; other model uncertainty is not included,"remove cropping_t / cropping_anchor, NOT cropping_t alone; anchor harvested-area interpretation remains explicit",121,101,"same feasible crop-cell subset for all scenarios; per-cropped-hectare comparison, not all-land mean","{""LRLM"": [1279.0, 2085.0, 2082.0, 1333.0, 1324.0, 2074.0, 2058.0, 2065.0, 1359.0, 1331.0, 1286.0, 2043.0, 2034.0, 2030.0, 1419.0, 985.0, 1907.0, 1937.0, 1947.0, 1922.0, 1933.0, 1915.0, 2183.0, 1293.0, 1007.0, 985.0, 1889.0, 1863.0, 1938.0, 1868.0, 1892.0, 1917.0, 1408.0, 694.0, 1898.0, 989.0, 2057.0, 1940.0, 448.0, 738.0, 677.0, 701.0, 736.0, 757.0, 696.0, 2742.0, 1962.0, 2046.0, 604.0, 442.0, 739.0, 725.0, 755.0, 705.0, 911.0, 879.0, 2898.0, 1923.0, 2062.0, 459.0, 948.0, 748.0, 748.0, 797.0, 703.0, 919.0, 724.0, 760.0, 717.0, 738.0, 694.0, 712.0, 858.0, 794.0, 746.0, 926.0, 877.0, 918.0, 944.0, 678.0, 710.0, 658.0, 624.0, 717.0, 758.0, 738.0, 918.0, 926.0, 897.0, 906.0, 606.0, 661.0, 642.0, 1595.0, 1608.0, 915.0, 944.0, 923.0, 900.0, 804.0, 760.0], ""HRLM"": [3586.0, 7017.0, 6902.0, 3541.0, 3494.0, 7262.0, 7064.0, 6847.0, 3529.0, 3521.0, 3715.0, 7338.0, 7112.0, 6752.0, 3447.0, 3291.0, 5888.0, 7119.0, 6485.0, 7115.0, 6965.0, 5060.0, 5196.0, 2562.0, 3165.0, 3286.0, 5418.0, 4910.0, 6310.0, 6374.0, 6670.0, 6820.0, 3412.0, 2512.0, 6935.0, 3161.0, 6213.0, 5325.0, 1666.0, 2253.0, 2312.0, 2284.0, 2436.0, 2570.0, 2517.0, 10316.0, 6133.0, 7412.0, 1799.0, 1751.0, 1857.0, 2302.0, 2585.0, 2324.0, 3259.0, 3518.0, 10936.0, 4699.0, 6930.0, 1735.0, 3364.0, 1804.0, 2480.0, 2923.0, 2589.0, 3479.0, 2523.0, 2531.0, 1995.0, 1930.0, 2400.0, 3157.0, 3230.0, 2746.0, 2845.0, 3152.0, 3379.0, 3305.0, 3338.0, 2241.0, 2415.0, 2247.0, 3043.0, 3003.0, 2683.0, 2836.0, 3366.0, 3165.0, 3397.0, 3479.0, 2020.0, 2354.0, 2243.0, 6482.0, 6557.0, 3242.0, 3425.0, 3427.0, 3404.0, 2925.0, 2652.0], ""HILM"": [3865.0, 7017.0, 6902.0, 3894.0, 3868.0, 7394.0, 7074.0, 6847.0, 3911.0, 3877.0, 3856.0, 7338.0, 7112.0, 6752.0, 3447.0, 3740.0, 7363.0, 7320.0, 7330.0, 7083.0, 6952.0, 5068.0, 5473.0, 2741.0, 3772.0, 3746.0, 7420.0, 7336.0, 7329.0, 7139.0, 6670.0, 6820.0, 3412.0, 2766.0, 6935.0, 3732.0, 7444.0, 7328.0, 3038.0, 3077.0, 2944.0, 2628.0, 2637.0, 2749.0, 2620.0, 10316.0, 7449.0, 7452.0, 3045.0, 2960.0, 2954.0, 3015.0, 2891.0, 2622.0, 3665.0, 4510.0, 10936.0, 7361.0, 7338.0, 2920.0, 3444.0, 2870.0, 2981.0, 3096.0, 2852.0, 3935.0, 3288.0, 3332.0, 3009.0, 2935.0, 2903.0, 3352.0, 3311.0, 2981.0, 2964.0, 4320.0, 4396.0, 4310.0, 4405.0, 2749.0, 2843.0, 2823.0, 3387.0, 3351.0, 2957.0, 2989.0, 4016.0, 4367.0, 4424.0, 4567.0, 2740.0, 2919.0, 2850.0, 6881.0, 6998.0, 4116.0, 4244.0, 4230.0, 4451.0, 3914.0, 3375.0]}",923.0,678.0,2046.0,3338.0,2243.0,6965.0,3868.0,2843.0,7338.0,3868.0,2843.0,7338.0
Paris Basin,WHE,2.3,48.8,approximate 1-degree sampling box; not verified NGA boundary,authoritative_seshat_anchor,geographical_holdout,seshat,Seshat2021,1.54390331662083,0.67,-1500,0.5,1.1521666541946491,"historical model estimate, not a direct measured yield",1.1133295759633688,1.1910037324259293,Earliest historical yield-anchor bounds propagated through the published linear normalization; other model uncertainty is not included,"remove cropping_t / cropping_anchor, NOT cropping_t alone; anchor harvested-area interpretation remains explicit",121,111,"same feasible crop-cell subset for all scenarios; per-cropped-hectare comparison, not all-land mean","{""LRLM"": [2568.0, 2552.0, 2554.0, 2539.0, 2505.0, 2504.0, 2476.0, 2462.0, 2450.0, 2376.0, 2344.0, 2559.0, 2542.0, 2544.0, 2528.0, 2494.0, 2498.0, 2467.0, 2457.0, 2401.0, 2327.0, 2398.0, 2532.0, 2514.0, 2499.0, 2437.0, 2497.0, 2487.0, 2455.0, 2448.0, 2412.0, 2366.0, 2310.0, 2347.0, 2313.0, 2320.0, 2329.0, 2317.0, 2332.0, 2298.0, 2397.0, 2416.0, 2383.0, 2398.0, 2278.0, 2283.0, 2297.0, 2302.0, 2307.0, 2308.0, 2406.0, 2382.0, 2327.0, 2321.0, 2290.0, 2279.0, 2258.0, 2266.0, 2264.0, 2334.0, 2309.0, 2252.0, 2225.0, 2346.0, 2286.0, 2232.0, 2364.0, 2350.0, 2314.0, 2314.0, 2248.0, 2244.0, 2338.0, 2347.0, 2339.0, 2339.0, 2315.0, 2313.0, 2298.0, 2312.0, 2316.0, 2305.0, 2361.0, 2505.0, 2354.0, 2468.0, 2321.0, 2306.0, 2321.0, 2272.0, 2315.0, 2336.0, 2324.0, 2309.0, 2295.0, 2362.0, 2459.0, 2285.0, 2285.0, 2301.0, 2389.0, 2309.0, 2289.0, 2271.0, 2271.0, 2292.0, 2276.0, 2252.0, 2249.0, 2262.0, 2280.0], ""HRLM"": [8453.0, 8468.0, 8490.0, 8573.0, 8644.0, 8640.0, 8687.0, 8821.0, 8817.0, 8936.0, 8979.0, 8454.0, 8498.0, 8498.0, 8440.0, 8644.0, 8716.0, 8617.0, 8771.0, 9004.0, 8939.0, 8959.0, 8599.0, 8622.0, 8562.0, 8537.0, 8579.0, 8720.0, 8706.0, 8744.0, 8870.0, 8866.0, 8967.0, 8812.0, 7661.0, 7549.0, 7493.0, 7580.0, 7540.0, 7474.0, 8779.0, 8782.0, 8928.0, 8956.0, 8961.0, 9032.0, 7590.0, 7656.0, 7665.0, 7446.0, 8808.0, 8838.0, 9140.0, 9119.0, 9057.0, 8891.0, 9089.0, 7631.0, 7535.0, 8670.0, 8794.0, 9194.0, 9108.0, 9219.0, 9080.0, 9152.0, 8258.0, 8708.0, 8943.0, 9175.0, 9054.0, 9120.0, 8633.0, 8636.0, 8645.0, 8723.0, 8899.0, 9129.0, 9276.0, 9333.0, 9276.0, 9205.0, 8911.0, 8541.0, 8762.0, 8407.0, 9095.0, 9211.0, 9206.0, 9342.0, 9255.0, 9193.0, 9162.0, 9228.0, 9272.0, 8833.0, 8678.0, 8983.0, 9194.0, 9280.0, 9099.0, 9230.0, 9347.0, 9209.0, 9235.0, 9291.0, 9131.0, 8896.0, 9112.0, 9354.0, 9335.0], ""HILM"": [10084.0, 10011.0, 10129.0, 10088.0, 10024.0, 10017.0, 10020.0, 9965.0, 9933.0, 9617.0, 9155.0, 10009.0, 10039.0, 10105.0, 10136.0, 10156.0, 10132.0, 9995.0, 9972.0, 9654.0, 9360.0, 9864.0, 9995.0, 10050.0, 9963.0, 9363.0, 10083.0, 10161.0, 9984.0, 9923.0, 9732.0, 9800.0, 9154.0, 8930.0, 8753.0, 8719.0, 8663.0, 8676.0, 8611.0, 8606.0, 9578.0, 9782.0, 9581.0, 9767.0, 8828.0, 8773.0, 8691.0, 8712.0, 8729.0, 8584.0, 9833.0, 9501.0, 9370.0, 9254.0, 9235.0, 8735.0, 8681.0, 8638.0, 8629.0, 9192.0, 9105.0, 9159.0, 9104.0, 9370.0, 9333.0, 8897.0, 9381.0, 9742.0, 9828.0, 9995.0, 9241.0, 8850.0, 9270.0, 9454.0, 9715.0, 9677.0, 9660.0, 9902.0, 9798.0, 9854.0, 9881.0, 9829.0, 9641.0, 9371.0, 9617.0, 8876.0, 9301.0, 9846.0, 9963.0, 9944.0, 9833.0, 9887.0, 9875.0, 9963.0, 9858.0, 9636.0, 9068.0, 9660.0, 9791.0, 9898.0, 9646.0, 9876.0, 9971.0, 9679.0, 9522.0, 9765.0, 9818.0, 9657.0, 9748.0, 9833.0, 9851.0]}",2329.0,2271.0,2505.0,8866.0,7665.0,9235.0,9715.0,8729.0,10024.0,9715.0,8753.0,10024.0
Upper Egypt,WHE,32.6,25.7,approximate 1-degree sampling box; not verified NGA boundary,authoritative_seshat_anchor,calibration,seshat,Seshat2021,1.41027672479151,1.0,-4200,1.0,1.41027672479151,"historical model estimate, not a direct measured yield",1.128221379833208,1.6923320697498119,Earliest historical yield-anchor bounds propagated through the published linear normalization; other model uncertainty is not included,"remove cropping_t / cropping_anchor, NOT cropping_t alone; anchor harvested-area interpretation remains explicit",121,76,"same feasible crop-cell subset for all scenarios; per-cropped-hectare comparison, not all-land mean","{""LRLM"": [0.0, 0.0, 0.0, 0.0, 0.0, 0.0, 0.0, 0.0, 0.0, 0.0, 0.0, 0.0, 0.0, 0.0, 0.0, 0.0, 0.0, 0.0, 0.0, 0.0, 0.0, 0.0, 0.0, 0.0, 0.0, 0.0, 0.0, 0.0, 0.0, 0.0, 0.0, 0.0, 0.0, 0.0, 0.0, 0.0, 0.0, 0.0, 0.0, 0.0, 0.0, 0.0, 0.0, 0.0, 0.0, 0.0, 0.0, 0.0, 0.0, 0.0, 0.0, 0.0, 0.0, 0.0, 0.0, 0.0, 0.0, 0.0, 0.0, 0.0, 0.0, 0.0, 0.0, 0.0, 0.0, 0.0, 0.0, 0.0, 0.0, 0.0, 0.0, 0.0, 0.0, 0.0, 0.0, 0.0], ""HRLM"": [0.0, 0.0, 0.0, 0.0, 0.0, 0.0, 0.0, 0.0, 0.0, 0.0, 0.0, 0.0, 0.0, 0.0, 0.0, 0.0, 0.0, 0.0, 0.0, 0.0, 0.0, 0.0, 0.0, 0.0, 0.0, 0.0, 0.0, 0.0, 0.0, 0.0, 0.0, 0.0, 0.0, 0.0, 0.0, 0.0, 0.0, 0.0, 0.0, 0.0, 0.0, 0.0, 0.0, 0.0, 0.0, 0.0, 0.0, 0.0, 0.0, 0.0, 0.0, 0.0, 0.0, 0.0, 0.0, 0.0, 0.0, 0.0, 0.0, 0.0, 0.0, 0.0, 0.0, 0.0, 0.0, 0.0, 0.0, 0.0, 0.0, 0.0, 0.0, 0.0, 0.0, 0.0, 0.0, 0.0], ""HILM"": [5247.0, 5123.0, 5136.0, 5423.0, 5280.0, 5316.0, 7109.0, 5152.0, 5166.0, 5450.0, 5367.0, 7029.0, 6052.0, 5221.0, 5367.0, 5920.0, 5639.0, 7431.0, 6419.0, 2780.0, 5353.0, 6404.0, 6045.0, 5877.0, 5799.0, 5215.0, 5232.0, 2677.0, 6273.0, 6832.0, 5350.0, 5219.0, 5222.0, 5366.0, 7268.0, 6936.0, 5671.0, 5249.0, 5246.0, 5409.0, 7225.0, 6566.0, 6593.0, 7107.0, 7009.0, 6144.0, 5240.0, 5219.0, 5306.0, 5351.0, 5666.0, 6540.0, 3055.0, 2544.0, 6269.0, 6516.0, 5382.0, 5239.0, 5267.0, 5959.0, 5864.0, 6415.0, 5507.0, 5336.0, 5386.0, 5369.0, 5401.0, 5648.0, 5906.0, 6561.0, 6759.0, 5966.0, 5245.0, 5251.0, 5450.0, 5923.0]}",0.0,0.0,0.0,0.0,0.0,0.0,5436.5,5190.5,6884.0,5436.5,5190.5,6884.0
Niger Inland Delta,RCW,-4.5,14.8,approximate 1-degree sampling box; not verified NGA boundary,authoritative_seshat_anchor,calibration,seshat,Seshat2021,0.476911740890688,0.2,2000,1.0,2.3845587044534398,"historical model estimate, not a direct measured yield",2.3845587044534398,2.3845587044534398,Earliest historical yield-anchor bounds propagated through the published linear normalization; other model uncertainty is not included,"remove cropping_t / cropping_anchor, NOT cropping_t alone; anchor harvested-area interpretation remains explicit",121,121,"same feasible crop-cell subset for all scenarios; per-cropped-hectare comparison, not all-land mean","{""LRLM"": [0.0, 0.0, 0.0, 0.0, 0.0, 0.0, 0.0, 0.0, 0.0, 0.0, 0.0, 0.0, 0.0, 0.0, 0.0, 0.0, 0.0, 0.0, 0.0, 0.0, 0.0, 0.0, 0.0, 0.0, 0.0, 0.0, 0.0, 0.0, 0.0, 0.0, 0.0, 0.0, 0.0, 0.0, 0.0, 0.0, 0.0, 0.0, 0.0, 0.0, 0.0, 0.0, 0.0, 0.0, 0.0, 0.0, 0.0, 0.0, 0.0, 0.0, 0.0, 0.0, 0.0, 0.0, 0.0, 0.0, 0.0, 0.0, 0.0, 0.0, 0.0, 0.0, 0.0, 0.0, 0.0, 0.0, 0.0, 0.0, 0.0, 0.0, 0.0, 0.0, 0.0, 0.0, 0.0, 0.0, 0.0, 0.0, 0.0, 0.0, 0.0, 0.0, 0.0, 0.0, 0.0, 0.0, 0.0, 0.0, 0.0, 0.0, 0.0, 0.0, 0.0, 0.0, 0.0, 0.0, 0.0, 0.0, 0.0, 0.0, 0.0, 0.0, 0.0, 0.0, 0.0, 0.0, 0.0, 0.0, 0.0, 0.0, 0.0, 0.0, 0.0, 0.0, 0.0, 0.0, 0.0, 0.0, 0.0, 0.0, 0.0], ""HRLM"": [0.0, 0.0, 0.0, 0.0, 0.0, 0.0, 0.0, 0.0, 0.0, 0.0, 0.0, 0.0, 0.0, 0.0, 0.0, 0.0, 0.0, 0.0, 0.0, 0.0, 0.0, 0.0, 0.0, 0.0, 0.0, 0.0, 0.0, 0.0, 0.0, 0.0, 0.0, 0.0, 0.0, 0.0, 0.0, 0.0, 0.0, 0.0, 0.0, 0.0, 0.0, 0.0, 0.0, 0.0, 0.0, 0.0, 0.0, 0.0, 0.0, 0.0, 0.0, 0.0, 0.0, 0.0, 0.0, 0.0, 0.0, 0.0, 0.0, 0.0, 0.0, 0.0, 0.0, 0.0, 0.0, 0.0, 0.0, 0.0, 0.0, 0.0, 0.0, 0.0, 0.0, 0.0, 0.0, 0.0, 0.0, 0.0, 0.0, 0.0, 0.0, 0.0, 0.0, 0.0, 0.0, 0.0, 0.0, 0.0, 0.0, 0.0, 0.0, 0.0, 0.0, 0.0, 0.0, 0.0, 0.0, 0.0, 0.0, 0.0, 0.0, 0.0, 0.0, 0.0, 0.0, 0.0, 0.0, 0.0, 0.0, 0.0, 0.0, 0.0, 0.0, 0.0, 0.0, 0.0, 0.0, 0.0, 0.0, 0.0, 0.0], ""HILM"": [9207.0, 9175.0, 9152.0, 9162.0, 9188.0, 9197.0, 9192.0, 9183.0, 6433.0, 6405.0, 3557.0, 9239.0, 9191.0, 9166.0, 9154.0, 9163.0, 9193.0, 6407.0, 6407.0, 6423.0, 6419.0, 3569.0, 9274.0, 9214.0, 9176.0, 9155.0, 9150.0, 9175.0, 9199.0, 6418.0, 6426.0, 6386.0, 6239.0, 9315.0, 9239.0, 9195.0, 9196.0, 9177.0, 9169.0, 9197.0, 9250.0, 6451.0, 8609.0, 8590.0, 9344.0, 9264.0, 9180.0, 9212.0, 9197.0, 9182.0, 9198.0, 9256.0, 9297.0, 8622.0, 8587.0, 9376.0, 9309.0, 9192.0, 9172.0, 9204.0, 9193.0, 9205.0, 9255.0, 9313.0, 8625.0, 8607.0, 9415.0, 9357.0, 9246.0, 9181.0, 9198.0, 9200.0, 6425.0, 9293.0, 9342.0, 6507.0, 8636.0, 9454.0, 9407.0, 9313.0, 9234.0, 9210.0, 6416.0, 6434.0, 6478.0, 6526.0, 6528.0, 8667.0, 9492.0, 9477.0, 9439.0, 9341.0, 9306.0, 6453.0, 6453.0, 6477.0, 6511.0, 6521.0, 6530.0, 9518.0, 9507.0, 9482.0, 9437.0, 9385.0, 6508.0, 6491.0, 6490.0, 6497.0, 6517.0, 6541.0, 9534.0, 9530.0, 9515.0, 9495.0, 9476.0, 6565.0, 6551.0, 6550.0, 6544.0, 6523.0, 6549.0]}",0.0,0.0,0.0,0.0,0.0,0.0,9181.0,6426.0,9437.0,9181.0,6426.0,9437.0
Susiana,WHE,48.3,32.2,approximate 1-degree sampling box; not verified NGA boundary,authoritative_seshat_anchor,calibration,seshat,Seshat2021,0.779401027582477,0.5,-2000,0.5,0.779401027582477,"historical model estimate, not a direct measured yield",0.5772595997836669,0.9815424553812873,Earliest historical yield-anchor bounds propagated through the published linear normalization; other model uncertainty is not included,"remove cropping_t / cropping_anchor, NOT cropping_t alone; anchor harvested-area interpretation remains explicit",121,120,"same feasible crop-cell subset for all scenarios; per-cropped-hectare comparison, not all-land mean","{""LRLM"": [711.0, 748.0, 756.0, 766.0, 898.0, 922.0, 1114.0, 1258.0, 1282.0, 1305.0, 228.0, 690.0, 753.0, 775.0, 787.0, 982.0, 1068.0, 1203.0, 1299.0, 1306.0, 1319.0, 228.0, 695.0, 793.0, 808.0, 844.0, 1084.0, 0.0, 1233.0, 1317.0, 1329.0, 1330.0, 770.0, 807.0, 891.0, 1020.0, 0.0, 0.0, 1297.0, 1330.0, 1334.0, 1339.0, 1345.0, 948.0, 979.0, 0.0, 1208.0, 1288.0, 1352.0, 1362.0, 1358.0, 1334.0, 1348.0, 1367.0, 971.0, 1078.0, 1275.0, 1293.0, 1299.0, 1353.0, 1337.0, 1354.0, 1349.0, 1344.0, 1358.0, 1325.0, 1327.0, 1316.0, 1353.0, 1376.0, 1393.0, 1391.0, 1389.0, 1376.0, 1359.0, 1352.0, 1338.0, 1341.0, 1337.0, 1357.0, 1370.0, 1386.0, 1388.0, 1367.0, 1358.0, 1396.0, 1432.0, 1324.0, 1324.0, 1319.0, 1342.0, 1359.0, 1386.0, 1375.0, 1382.0, 1416.0, 1447.0, 1450.0, 1345.0, 1338.0, 1329.0, 1340.0, 1347.0, 1417.0, 1427.0, 1432.0, 1442.0, 1433.0, 1449.0, 1354.0, 1352.0, 1355.0, 1368.0, 1371.0, 1441.0, 1442.0, 1442.0, 1438.0, 1427.0, 1482.0], ""HRLM"": [2535.0, 2686.0, 2450.0, 2431.0, 2910.0, 3047.0, 3587.0, 5043.0, 5144.0, 5276.0, 2272.0, 2479.0, 2350.0, 2394.0, 2456.0, 3134.0, 3453.0, 4858.0, 5314.0, 5330.0, 5567.0, 2213.0, 2179.0, 2455.0, 2530.0, 2718.0, 3496.0, 3647.0, 4941.0, 5421.0, 5637.0, 5849.0, 2422.0, 2501.0, 2846.0, 3189.0, 3645.0, 4264.0, 5289.0, 5638.0, 6100.0, 6208.0, 6231.0, 3610.0, 3401.0, 3584.0, 4562.0, 5184.0, 5889.0, 6073.0, 6239.0, 6367.0, 6378.0, 6325.0, 3412.0, 3305.0, 5026.0, 5183.0, 5303.0, 6086.0, 6177.0, 6301.0, 6374.0, 6358.0, 6300.0, 5224.0, 5267.0, 6145.0, 6257.0, 6371.0, 6410.0, 6379.0, 6403.0, 6421.0, 6334.0, 6294.0, 5377.0, 5567.0, 6231.0, 6242.0, 6297.0, 6387.0, 6447.0, 6378.0, 6358.0, 4883.0, 5076.0, 6017.0, 6186.0, 4962.0, 6287.0, 6212.0, 6415.0, 6416.0, 6470.0, 6560.0, 5191.0, 5350.0, 4932.0, 4889.0, 4905.0, 4929.0, 6339.0, 6492.0, 5187.0, 5193.0, 5189.0, 5308.0, 5348.0, 4934.0, 4985.0, 4910.0, 4924.0, 4972.0, 5113.0, 5148.0, 5178.0, 5237.0, 5312.0, 5445.0], ""HILM"": [6327.0, 6301.0, 6339.0, 6396.0, 5360.0, 5332.0, 5279.0, 6321.0, 6285.0, 6243.0, 5743.0, 6243.0, 6399.0, 5378.0, 5358.0, 5330.0, 5295.0, 6370.0, 6376.0, 6328.0, 6318.0, 5770.0, 5939.0, 5391.0, 5363.0, 5334.0, 5302.0, 5308.0, 6408.0, 6410.0, 6393.0, 6378.0, 5891.0, 5349.0, 5383.0, 5361.0, 5351.0, 5376.0, 6489.0, 6487.0, 6494.0, 6492.0, 6376.0, 6519.0, 6524.0, 5388.0, 6524.0, 6518.0, 6580.0, 6619.0, 6604.0, 6578.0, 6542.0, 6469.0, 6512.0, 6565.0, 6582.0, 6550.0, 6519.0, 6581.0, 6602.0, 6583.0, 6541.0, 6488.0, 6346.0, 6586.0, 6556.0, 6509.0, 6466.0, 6504.0, 6539.0, 6558.0, 6482.0, 6424.0, 6334.0, 6294.0, 6565.0, 6533.0, 6515.0, 6416.0, 6434.0, 6477.0, 6468.0, 6380.0, 6367.0, 5210.0, 5390.0, 6551.0, 6624.0, 5315.0, 6528.0, 6540.0, 6476.0, 6416.0, 6470.0, 6611.0, 5406.0, 5412.0, 5373.0, 5311.0, 5377.0, 5400.0, 6704.0, 6660.0, 5586.0, 5561.0, 5543.0, 5714.0, 5906.0, 5424.0, 5436.0, 5422.0, 5472.0, 5530.0, 5424.0, 5478.0, 5522.0, 5584.0, 5693.0, 5955.0]}",1337.0,765.0,1427.5,5230.5,2527.1,6378.0,6368.5,5357.3,6578.2,6368.5,5357.3,6578.2
Konya Plain,WHE,32.5,37.9,approximate 1-degree sampling box; not verified NGA boundary,authoritative_seshat_anchor,calibration,seshat,Seshat2021,0.833333333333333,0.33,1600,0.33,0.833333333333333,"historical model estimate, not a direct measured yield",0.833333333333333,0.833333333333333,Earliest historical yield-anchor bounds propagated through the published linear normalization; other model uncertainty is not included,"remove cropping_t / cropping_anchor, NOT cropping_t alone; anchor harvested-area interpretation remains explicit",121,120,"same feasible crop-cell subset for all scenarios; per-cropped-hectare comparison, not all-land mean","{""LRLM"": [1148.0, 898.0, 609.0, 958.0, 725.0, 691.0, 369.0, 374.0, 530.0, 491.0, 163.0, 139.0, 847.0, 771.0, 873.0, 411.0, 269.0, 527.0, 500.0, 489.0, 497.0, 651.0, 373.0, 603.0, 647.0, 753.0, 476.0, 373.0, 423.0, 424.0, 454.0, 484.0, 609.0, 738.0, 788.0, 777.0, 771.0, 440.0, 399.0, 393.0, 356.0, 359.0, 389.0, 833.0, 608.0, 538.0, 551.0, 759.0, 546.0, 397.0, 382.0, 0.0, 0.0, 435.0, 1036.0, 960.0, 882.0, 883.0, 867.0, 503.0, 455.0, 0.0, 392.0, 395.0, 396.0, 549.0, 598.0, 874.0, 884.0, 868.0, 598.0, 406.0, 439.0, 409.0, 406.0, 560.0, 830.0, 1130.0, 1120.0, 858.0, 1166.0, 534.0, 680.0, 546.0, 535.0, 547.0, 452.0, 1069.0, 989.0, 973.0, 1057.0, 1085.0, 605.0, 617.0, 609.0, 643.0, 636.0, 628.0, 734.0, 418.0, 931.0, 591.0, 789.0, 606.0, 638.0, 636.0, 613.0, 595.0, 627.0, 609.0, 595.0, 592.0, 553.0, 706.0, 602.0, 662.0, 591.0, 598.0, 642.0, 653.0], ""HRLM"": [4075.0, 3613.0, 1430.0, 3296.0, 2473.0, 2376.0, 788.0, 775.0, 2159.0, 2187.0, 469.0, 389.0, 1325.0, 3139.0, 3361.0, 954.0, 2375.0, 2322.0, 1753.0, 2136.0, 2140.0, 2133.0, 647.0, 3007.0, 3075.0, 2942.0, 2141.0, 2021.0, 1941.0, 1770.0, 1668.0, 1791.0, 3004.0, 2941.0, 3151.0, 3102.0, 2942.0, 2131.0, 1938.0, 1240.0, 1585.0, 1661.0, 1790.0, 3021.0, 3011.0, 1241.0, 3007.0, 3008.0, 2224.0, 1920.0, 1709.0, 1591.0, 1555.0, 1840.0, 3575.0, 3638.0, 2946.0, 3605.0, 3441.0, 2465.0, 2344.0, 2207.0, 1451.0, 1723.0, 1881.0, 3126.0, 1220.0, 3494.0, 3525.0, 3435.0, 1800.0, 2281.0, 2212.0, 1924.0, 1908.0, 2058.0, 3298.0, 4178.0, 3873.0, 3403.0, 4309.0, 2516.0, 2278.0, 2328.0, 1993.0, 2065.0, 2132.0, 3312.0, 3277.0, 3813.0, 3990.0, 3609.0, 2520.0, 2459.0, 2015.0, 2337.0, 2476.0, 2314.0, 3544.0, 1267.0, 3532.0, 3862.0, 3708.0, 2169.0, 2520.0, 2465.0, 2293.0, 2392.0, 1980.0, 2272.0, 2350.0, 2170.0, 2808.0, 2692.0, 2201.0, 2284.0, 2148.0, 1846.0, 2537.0, 2576.0], ""HILM"": [11570.0, 11233.0, 5751.0, 11635.0, 11348.0, 11331.0, 4981.0, 4976.0, 10848.0, 10981.0, 3110.0, 3038.0, 11365.0, 11439.0, 11406.0, 5063.0, 11412.0, 11420.0, 8787.0, 11401.0, 11351.0, 9338.0, 4391.0, 11250.0, 11117.0, 11394.0, 11296.0, 11389.0, 11344.0, 11334.0, 11339.0, 11332.0, 10487.0, 9813.0, 11191.0, 11150.0, 10908.0, 11408.0, 11421.0, 6109.0, 11330.0, 11336.0, 11366.0, 10294.0, 10406.0, 5240.0, 11066.0, 10987.0, 11386.0, 11396.0, 11387.0, 11349.0, 11362.0, 11314.0, 11463.0, 10971.0, 11012.0, 11223.0, 11075.0, 11371.0, 11384.0, 11398.0, 11390.0, 11378.0, 11563.0, 9299.0, 4374.0, 10512.0, 10375.0, 11076.0, 9111.0, 11380.0, 11408.0, 11422.0, 11403.0, 11067.0, 10336.0, 11134.0, 10973.0, 10424.0, 10936.0, 10872.0, 11044.0, 11407.0, 11327.0, 11615.0, 10923.0, 11310.0, 10627.0, 10905.0, 10883.0, 11253.0, 10744.0, 10707.0, 8731.0, 10783.0, 10922.0, 10740.0, 11365.0, 4854.0, 10714.0, 11317.0, 11298.0, 8699.0, 10700.0, 10705.0, 10686.0, 10759.0, 8727.0, 11374.0, 11230.0, 11293.0, 11278.0, 10651.0, 8709.0, 10715.0, 10701.0, 8692.0, 11210.0, 11354.0]}",600.0,381.2,933.7000000000003,2318.0,1448.9,3578.0000000000005,11125.5,8698.3,11407.1,11125.5,8698.3,11407.1
Yemeni Coastal Plain,WHE,43.0,14.5,approximate 1-degree sampling box; not verified NGA boundary,authoritative_seshat_anchor,calibration,seshat,Seshat2021,0.739681578947368,1.0,2000,1.0,0.739681578947368,"historical model estimate, not a direct measured yield",0.739681578947368,0.739681578947368,Earliest historical yield-anchor bounds propagated through the published linear normalization; other model uncertainty is not included,"remove cropping_t / cropping_anchor, NOT cropping_t alone; anchor harvested-area interpretation remains explicit",121,0,"same feasible crop-cell subset for all scenarios; per-cropped-hectare comparison, not all-land mean","{""LRLM"": [], ""HRLM"": [], ""HILM"": []}",,,,,,,,,,,,
Kachi Plain,WHE,67.5,28.5,approximate 1-degree sampling box; not verified NGA boundary,authoritative_seshat_anchor,calibration,seshat,Seshat2021,0.913333333333334,0.33,1600,0.33,0.913333333333334,"historical model estimate, not a direct measured yield",0.913333333333334,0.913333333333334,Earliest historical yield-anchor bounds propagated through the published linear normalization; other model uncertainty is not included,"remove cropping_t / cropping_anchor, NOT cropping_t alone; anchor harvested-area interpretation remains explicit",121,121,"same feasible crop-cell subset for all scenarios; per-cropped-hectare comparison, not all-land mean","{""LRLM"": [0.0, 0.0, 0.0, 0.0, 0.0, 0.0, 0.0, 0.0, 0.0, 0.0, 0.0, 0.0, 0.0, 0.0, 0.0, 0.0, 0.0, 0.0, 0.0, 0.0, 0.0, 0.0, 0.0, 0.0, 0.0, 0.0, 0.0, 0.0, 0.0, 0.0, 0.0, 0.0, 0.0, 0.0, 0.0, 0.0, 0.0, 0.0, 0.0, 0.0, 0.0, 0.0, 0.0, 0.0, 0.0, 0.0, 0.0, 0.0, 0.0, 0.0, 0.0, 0.0, 0.0, 0.0, 0.0, 137.0, 0.0, 0.0, 0.0, 0.0, 0.0, 0.0, 0.0, 0.0, 0.0, 0.0, 323.0, 249.0, 0.0, 0.0, 0.0, 0.0, 0.0, 0.0, 0.0, 0.0, 0.0, 295.0, 338.0, 237.0, 0.0, 0.0, 0.0, 0.0, 0.0, 0.0, 0.0, 0.0, 357.0, 318.0, 0.0, 0.0, 0.0, 0.0, 0.0, 0.0, 0.0, 0.0, 0.0, 340.0, 495.0, 447.0, 0.0, 0.0, 0.0, 0.0, 0.0, 0.0, 0.0, 0.0, 349.0, 657.0, 664.0, 236.0, 0.0, 0.0, 0.0, 0.0, 0.0, 0.0, 0.0], ""HRLM"": [0.0, 0.0, 0.0, 0.0, 0.0, 0.0, 0.0, 0.0, 0.0, 0.0, 0.0, 0.0, 0.0, 0.0, 0.0, 0.0, 0.0, 0.0, 0.0, 0.0, 0.0, 0.0, 0.0, 0.0, 0.0, 0.0, 0.0, 0.0, 0.0, 0.0, 0.0, 0.0, 0.0, 0.0, 0.0, 0.0, 0.0, 0.0, 0.0, 0.0, 0.0, 0.0, 0.0, 0.0, 0.0, 0.0, 0.0, 0.0, 0.0, 0.0, 0.0, 0.0, 0.0, 0.0, 0.0, 0.0, 0.0, 0.0, 0.0, 0.0, 0.0, 0.0, 0.0, 0.0, 0.0, 0.0, 819.0, 656.0, 0.0, 0.0, 0.0, 0.0, 0.0, 0.0, 0.0, 0.0, 0.0, 857.0, 759.0, 0.0, 0.0, 0.0, 0.0, 0.0, 0.0, 0.0, 0.0, 0.0, 962.0, 763.0, 0.0, 0.0, 0.0, 0.0, 0.0, 0.0, 0.0, 0.0, 0.0, 1222.0, 1708.0, 1529.0, 0.0, 0.0, 0.0, 0.0, 0.0, 0.0, 0.0, 0.0, 1191.0, 2266.0, 2316.0, 0.0, 0.0, 0.0, 0.0, 0.0, 0.0, 0.0, 0.0], ""HILM"": [5944.0, 5891.0, 5815.0, 5560.0, 5521.0, 4576.0, 4717.0, 4848.0, 4880.0, 4903.0, 4961.0, 6274.0, 5677.0, 5913.0, 5514.0, 5414.0, 4879.0, 4860.0, 4888.0, 4926.0, 4992.0, 5003.0, 6285.0, 5921.0, 5112.0, 5785.0, 4775.0, 4936.0, 4977.0, 4929.0, 4904.0, 5007.0, 5097.0, 6256.0, 6033.0, 5083.0, 6396.0, 4621.0, 4986.0, 5118.0, 4998.0, 4901.0, 4965.0, 5147.0, 6301.0, 6270.0, 4735.0, 5482.0, 4911.0, 5078.0, 5259.0, 5126.0, 4951.0, 4988.0, 5149.0, 6518.0, 5904.0, 5695.0, 5352.0, 5035.0, 5217.0, 5347.0, 5266.0, 5158.0, 5112.0, 5186.0, 6705.0, 6275.0, 5222.0, 4983.0, 4948.0, 5233.0, 5399.0, 5401.0, 5450.0, 5456.0, 5403.0, 6482.0, 6631.0, 6034.0, 5358.0, 4927.0, 5252.0, 5397.0, 5391.0, 5460.0, 5564.0, 5590.0, 6713.0, 6528.0, 5801.0, 5966.0, 5052.0, 5168.0, 5358.0, 5403.0, 5402.0, 5507.0, 5666.0, 6451.0, 6305.0, 6035.0, 5380.0, 5935.0, 5014.0, 5286.0, 5359.0, 5380.0, 5502.0, 5655.0, 6370.0, 6654.0, 6475.0, 5490.0, 5649.0, 4964.0, 5205.0, 5313.0, 5340.0, 5457.0, 5599.0]}",0.0,0.0,237.0,0.0,0.0,0.0,5359.0,4904.0,6301.0,5359.0,4904.0,6301.0
Deccan,WHE,76.0,17.0,approximate 1-degree sampling box; not verified NGA boundary,authoritative_seshat_anchor,calibration,seshat,Seshat2021,0.761666666666667,0.5,1900,0.5,0.761666666666667,"historical model estimate, not a direct measured yield",0.761666666666667,0.761666666666667,Earliest historical yield-anchor bounds propagated through the published linear normalization; other model uncertainty is not included,"remove cropping_t / cropping_anchor, NOT cropping_t alone; anchor harvested-area interpretation remains explicit",121,0,"same feasible crop-cell subset for all scenarios; per-cropped-hectare comparison, not all-land mean","{""LRLM"": [], ""HRLM"": [], ""HILM"": []}",,,,,,,,,,,,
Garo Hills,RCW,90.3,25.5,approximate 1-degree sampling box; not verified NGA boundary,authoritative_seshat_anchor,calibration,seshat,Seshat2021,0.283102226720648,0.125,2000,1.0,2.264817813765184,"historical model estimate, not a direct measured yield",2.264817813765184,2.264817813765184,Earliest historical yield-anchor bounds propagated through the published linear normalization; other model uncertainty is not included,"remove cropping_t / cropping_anchor, NOT cropping_t alone; anchor harvested-area interpretation remains explicit",121,121,"same feasible crop-cell subset for all scenarios; per-cropped-hectare comparison, not all-land mean","{""LRLM"": [1937.0, 1946.0, 1934.0, 1917.0, 1924.0, 1921.0, 1914.0, 1916.0, 1907.0, 1908.0, 1904.0, 1945.0, 1957.0, 1922.0, 1925.0, 1927.0, 1927.0, 1924.0, 1928.0, 1991.0, 1829.0, 1812.0, 1967.0, 1943.0, 1918.0, 1914.0, 1919.0, 1906.0, 1871.0, 2043.0, 2021.0, 2024.0, 2013.0, 1965.0, 1930.0, 1863.0, 2028.0, 2040.0, 2031.0, 2029.0, 2043.0, 2037.0, 2036.0, 2074.0, 1944.0, 1893.0, 1834.0, 2044.0, 2047.0, 2037.0, 2046.0, 2082.0, 2046.0, 1944.0, 2058.0, 1970.0, 1933.0, 1866.0, 2050.0, 2070.0, 2032.0, 1830.0, 1797.0, 1828.0, 1869.0, 1926.0, 1688.0, 1967.0, 2048.0, 2097.0, 2118.0, 1989.0, 1963.0, 1827.0, 1846.0, 1823.0, 1968.0, 1677.0, 1961.0, 2038.0, 2072.0, 2106.0, 2128.0, 1975.0, 1871.0, 1789.0, 1915.0, 2108.0, 1706.0, 1951.0, 1878.0, 2056.0, 2075.0, 2091.0, 2108.0, 2099.0, 2115.0, 2142.0, 2105.0, 1882.0, 1664.0, 1927.0, 1876.0, 1885.0, 2067.0, 2091.0, 2102.0, 2211.0, 2128.0, 2068.0, 1931.0, 1817.0, 1953.0, 1958.0, 1941.0, 1929.0, 2067.0, 2078.0, 2158.0, 2214.0, 2199.0], ""HRLM"": [6739.0, 7020.0, 6968.0, 6949.0, 6954.0, 6934.0, 6907.0, 6901.0, 6880.0, 6869.0, 6873.0, 6731.0, 7021.0, 6960.0, 6943.0, 6954.0, 6932.0, 6907.0, 6927.0, 6949.0, 7188.0, 7227.0, 6803.0, 6969.0, 6923.0, 6970.0, 7015.0, 6998.0, 7009.0, 7040.0, 6906.0, 6956.0, 7051.0, 6759.0, 6985.0, 6986.0, 6982.0, 6986.0, 6945.0, 6946.0, 6978.0, 6955.0, 6962.0, 7296.0, 6725.0, 7046.0, 7027.0, 6986.0, 6996.0, 6962.0, 6999.0, 7184.0, 7207.0, 7428.0, 7127.0, 6696.0, 6874.0, 7103.0, 7016.0, 7064.0, 7385.0, 7784.0, 7733.0, 7276.0, 7107.0, 7053.0, 6687.0, 6727.0, 7042.0, 7168.0, 7287.0, 7373.0, 7414.0, 7329.0, 7314.0, 7279.0, 7250.0, 6643.0, 6663.0, 7005.0, 7081.0, 7189.0, 7262.0, 7333.0, 7249.0, 7258.0, 7324.0, 7243.0, 6962.0, 6621.0, 6922.0, 7137.0, 7197.0, 7150.0, 7204.0, 7167.0, 7232.0, 7321.0, 7195.0, 6967.0, 5321.0, 6655.0, 6777.0, 7150.0, 7139.0, 7146.0, 7183.0, 7624.0, 7331.0, 7091.0, 6957.0, 6974.0, 6629.0, 6668.0, 6757.0, 6990.0, 7080.0, 7102.0, 7511.0, 7601.0, 7549.0], ""HILM"": [7661.0, 7915.0, 7873.0, 7847.0, 7821.0, 7793.0, 7760.0, 7728.0, 7704.0, 7686.0, 7670.0, 7622.0, 7901.0, 7847.0, 7821.0, 7797.0, 7770.0, 7739.0, 7706.0, 7741.0, 8014.0, 8040.0, 7614.0, 7891.0, 7842.0, 7824.0, 7806.0, 7785.0, 7763.0, 7725.0, 7599.0, 7646.0, 7791.0, 7562.0, 7870.0, 7847.0, 7755.0, 7708.0, 7664.0, 7655.0, 7629.0, 7613.0, 7620.0, 7843.0, 7513.0, 7887.0, 7846.0, 7710.0, 7692.0, 7659.0, 7674.0, 7769.0, 7774.0, 7954.0, 7766.0, 7464.0, 7623.0, 7860.0, 7723.0, 7739.0, 7902.0, 8155.0, 8093.0, 7812.0, 7722.0, 7709.0, 7456.0, 7496.0, 7813.0, 7870.0, 7913.0, 7931.0, 7907.0, 7865.0, 7853.0, 7829.0, 7836.0, 7430.0, 7449.0, 7800.0, 7823.0, 7843.0, 7910.0, 7935.0, 7834.0, 7834.0, 7875.0, 7872.0, 7823.0, 7432.0, 7724.0, 7916.0, 7915.0, 7843.0, 7873.0, 7787.0, 7834.0, 7888.0, 7868.0, 7842.0, 5990.0, 7466.0, 7563.0, 7921.0, 7885.0, 7852.0, 7833.0, 8320.0, 7968.0, 7813.0, 7830.0, 7850.0, 7453.0, 7467.0, 7538.0, 7763.0, 7838.0, 7782.0, 8224.0, 8341.0, 8335.0]}",1957.0,1830.0,2105.0,7009.0,6739.0,7329.0,7813.0,7562.0,7921.0,7813.0,7562.0,7921.0
Cambodian Basin,RCW,104.0,13.4,approximate 1-degree sampling box; not verified NGA boundary,authoritative_seshat_anchor,calibration,seshat,Seshat2021,1.46,1.0,1200,1.0,1.46,"historical model estimate, not a direct measured yield",1.46,1.46,Earliest historical yield-anchor bounds propagated through the published linear normalization; other model uncertainty is not included,"remove cropping_t / cropping_anchor, NOT cropping_t alone; anchor harvested-area interpretation remains explicit",121,115,"same feasible crop-cell subset for all scenarios; per-cropped-hectare comparison, not all-land mean","{""LRLM"": [2293.0, 2287.0, 2163.0, 1753.0, 1715.0, 2369.0, 2358.0, 2332.0, 2323.0, 2309.0, 2290.0, 2290.0, 2119.0, 1692.0, 2367.0, 2342.0, 2319.0, 2307.0, 1399.0, 2182.0, 2169.0, 1666.0, 2349.0, 2334.0, 2022.0, 2016.0, 2302.0, 1111.0, 2102.0, 1718.0, 1702.0, 1815.0, 2330.0, 2322.0, 1191.0, 1119.0, 1270.0, 1115.0, 1695.0, 2113.0, 1722.0, 2095.0, 1748.0, 1445.0, 1273.0, 1121.0, 1121.0, 1201.0, 1152.0, 2078.0, 2098.0, 2224.0, 1423.0, 1198.0, 1233.0, 1118.0, 1118.0, 1117.0, 1228.0, 1227.0, 2046.0, 2104.0, 1419.0, 1331.0, 1102.0, 1115.0, 1207.0, 1268.0, 1160.0, 1305.0, 1343.0, 1295.0, 1332.0, 1447.0, 1227.0, 1135.0, 1219.0, 1144.0, 1129.0, 1227.0, 1334.0, 1346.0, 1269.0, 1263.0, 1338.0, 1366.0, 1173.0, 1124.0, 1116.0, 1113.0, 1162.0, 1340.0, 1331.0, 1736.0, 1299.0, 1049.0, 1206.0, 1192.0, 1127.0, 1122.0, 1120.0, 1126.0, 1176.0, 1283.0, 1707.0, 1781.0, 2171.0, 1056.0, 1109.0, 1127.0, 1121.0, 1125.0, 1126.0, 1219.0, 1125.0], ""HRLM"": [7236.0, 7298.0, 6687.0, 5232.0, 5835.0, 7554.0, 7517.0, 7436.0, 7415.0, 6938.0, 7294.0, 7294.0, 5668.0, 5719.0, 7555.0, 7469.0, 7402.0, 7347.0, 6718.0, 7387.0, 6390.0, 5499.0, 7494.0, 7186.0, 6775.0, 6726.0, 6781.0, 6745.0, 7039.0, 6812.0, 5612.0, 5473.0, 7038.0, 6782.0, 6748.0, 6737.0, 6729.0, 6786.0, 6975.0, 7003.0, 6705.0, 5600.0, 6556.0, 6744.0, 6742.0, 6752.0, 6748.0, 6735.0, 6803.0, 6681.0, 6891.0, 7092.0, 5973.0, 6661.0, 6700.0, 6720.0, 6731.0, 6727.0, 6726.0, 6790.0, 6714.0, 6904.0, 5932.0, 6619.0, 6652.0, 6690.0, 6720.0, 6721.0, 6718.0, 6713.0, 5327.0, 5358.0, 5617.0, 5959.0, 6659.0, 6674.0, 6747.0, 6887.0, 6723.0, 6720.0, 6734.0, 5338.0, 5405.0, 5577.0, 6118.0, 5946.0, 6168.0, 6788.0, 6792.0, 6780.0, 6776.0, 5313.0, 6782.0, 5121.0, 5559.0, 6215.0, 5926.0, 6712.0, 6798.0, 6813.0, 6821.0, 6814.0, 6800.0, 6760.0, 5320.0, 6681.0, 7211.0, 6242.0, 5643.0, 6806.0, 6817.0, 6832.0, 6812.0, 6783.0, 6756.0], ""HILM"": [7909.0, 8044.0, 8105.0, 8174.0, 8202.0, 8185.0, 8139.0, 8032.0, 7941.0, 7474.0, 7999.0, 8075.0, 8154.0, 8199.0, 8158.0, 8082.0, 7966.0, 7897.0, 7231.0, 8006.0, 8104.0, 8206.0, 8136.0, 7797.0, 7347.0, 7295.0, 7330.0, 7202.0, 7983.0, 8076.0, 8161.0, 8189.0, 7659.0, 7351.0, 7307.0, 7303.0, 7260.0, 7240.0, 7941.0, 8000.0, 7914.0, 7669.0, 7629.0, 7358.0, 7333.0, 7285.0, 7295.0, 7255.0, 7297.0, 7938.0, 7365.0, 7275.0, 7320.0, 7328.0, 7276.0, 7275.0, 7279.0, 7287.0, 7273.0, 7286.0, 8207.0, 7523.0, 7260.0, 7266.0, 7260.0, 7226.0, 7254.0, 7278.0, 7297.0, 7298.0, 5751.0, 7262.0, 7282.0, 7264.0, 7247.0, 7247.0, 7285.0, 7426.0, 7295.0, 7330.0, 7350.0, 5789.0, 7248.0, 7260.0, 7265.0, 7271.0, 7320.0, 7303.0, 7312.0, 7327.0, 7356.0, 5770.0, 7392.0, 7453.0, 7241.0, 7220.0, 7248.0, 7298.0, 7318.0, 7345.0, 7369.0, 7378.0, 7372.0, 7372.0, 8218.0, 7870.0, 7639.0, 7247.0, 7278.0, 7339.0, 7357.0, 7385.0, 7380.0, 7367.0, 7375.0]}",1332.0,1118.4,2308.2,6735.0,5586.2,7294.0,7345.0,7247.4,8137.8,7345.0,7247.4,8137.8
Central Java,RCW,110.4,-7.5,approximate 1-degree sampling box; not verified NGA boundary,authoritative_seshat_anchor,geographical_holdout,seshat,Seshat2021,1.42735849056604,0.5,1600,0.5,1.42735849056604,"historical model estimate, not a direct measured yield",1.2688679245283039,1.5858490566037762,Earliest historical yield-anchor bounds propagated through the published linear normalization; other model uncertainty is not included,"remove cropping_t / cropping_anchor, NOT cropping_t alone; anchor harvested-area interpretation remains explicit",121,114,"same feasible crop-cell subset for all scenarios; per-cropped-hectare comparison, not all-land mean","{""LRLM"": [1205.0, 1334.0, 1846.0, 1849.0, 1668.0, 763.0, 634.0, 753.0, 1173.0, 1304.0, 1196.0, 1122.0, 1420.0, 1864.0, 1844.0, 1686.0, 1673.0, 1592.0, 785.0, 935.0, 843.0, 1267.0, 1169.0, 1364.0, 1821.0, 1833.0, 1826.0, 1712.0, 682.0, 737.0, 856.0, 1087.0, 676.0, 674.0, 1182.0, 1274.0, 1296.0, 754.0, 712.0, 744.0, 534.0, 774.0, 484.0, 542.0, 733.0, 543.0, 801.0, 1304.0, 736.0, 699.0, 743.0, 802.0, 603.0, 504.0, 536.0, 330.0, 1101.0, 1311.0, 1321.0, 1441.0, 703.0, 727.0, 1391.0, 1210.0, 1508.0, 245.0, 984.0, 1616.0, 684.0, 740.0, 717.0, 718.0, 1263.0, 1564.0, 1535.0, 1484.0, 1256.0, 595.0, 656.0, 748.0, 741.0, 747.0, 1521.0, 1516.0, 176.0, 1491.0, 1526.0, 612.0, 709.0, 746.0, 700.0, 612.0, 1409.0, 1139.0, 1008.0, 1932.0, 1994.0, 1760.0, 759.0, 2057.0, 683.0, 2015.0, 2009.0, 1673.0, 981.0, 1720.0, 1993.0, 2067.0, 2423.0, 2095.0, 2075.0, 2018.0, 2027.0, 1879.0], ""HRLM"": [6196.0, 6432.0, 7695.0, 7615.0, 7113.0, 3757.0, 7424.0, 6272.0, 6259.0, 6187.0, 5912.0, 5894.0, 5976.0, 7576.0, 7605.0, 7256.0, 5394.0, 7298.0, 5833.0, 5856.0, 6001.0, 5945.0, 6017.0, 5972.0, 7923.0, 7920.0, 7968.0, 7984.0, 7531.0, 1824.0, 0.0, 3538.0, 918.0, 3452.0, 5652.0, 7968.0, 7928.0, 7935.0, 7583.0, 7813.0, 2972.0, 3161.0, 2703.0, 3337.0, 4369.0, 7272.0, 6912.0, 7643.0, 7637.0, 7487.0, 7518.0, 4778.0, 4895.0, 4066.0, 4325.0, 3611.0, 6237.0, 7628.0, 7746.0, 7620.0, 7580.0, 6360.0, 5215.0, 3693.0, 3333.0, 3342.0, 4068.0, 6808.0, 7878.0, 7755.0, 7718.0, 8360.0, 3764.0, 2629.0, 6051.0, 3834.0, 6643.0, 7937.0, 7819.0, 7789.0, 7645.0, 8791.0, 4909.0, 3702.0, 6044.0, 3378.0, 6783.0, 7740.0, 7692.0, 8748.0, 8361.0, 8186.0, 5013.0, 4303.0, 6999.0, 7808.0, 7765.0, 7060.0, 7838.0, 7622.0, 6981.0, 6827.0, 6720.0, 4344.0, 6667.0, 7505.0, 7874.0, 7953.0, 6745.0, 8029.0, 7281.0, 6856.0, 6604.0, 6608.0], ""HILM"": [6557.0, 6791.0, 8126.0, 8078.0, 8193.0, 5289.0, 8572.0, 6594.0, 6583.0, 6496.0, 6183.0, 6140.0, 6205.0, 7887.0, 7972.0, 8004.0, 6665.0, 8086.0, 6076.0, 6106.0, 6247.0, 6177.0, 6215.0, 6151.0, 8202.0, 8242.0, 8372.0, 8460.0, 8309.0, 4649.0, 4808.0, 4069.0, 3907.0, 5694.0, 5848.0, 8314.0, 8318.0, 8378.0, 8348.0, 8262.0, 3826.0, 4084.0, 3902.0, 5578.0, 5664.0, 7581.0, 8763.0, 8574.0, 8423.0, 8405.0, 8298.0, 5556.0, 5661.0, 5687.0, 5642.0, 5688.0, 6955.0, 9017.0, 8808.0, 8515.0, 8473.0, 8397.0, 5639.0, 3790.0, 7055.0, 6822.0, 6785.0, 8753.0, 8768.0, 9077.0, 9001.0, 8918.0, 3764.0, 5987.0, 7741.0, 6946.0, 8265.0, 8738.0, 9397.0, 9442.0, 9366.0, 9363.0, 6668.0, 6024.0, 7913.0, 6724.0, 8421.0, 8969.0, 9256.0, 9296.0, 8843.0, 8625.0, 5405.0, 8260.0, 8457.0, 8898.0, 8675.0, 8605.0, 9178.0, 8759.0, 8048.0, 7883.0, 7771.0, 7198.0, 8435.0, 9061.0, 9529.0, 9306.0, 8811.0, 8317.0, 7520.0, 7860.0, 7603.0, 7654.0]}",1171.0,612.0,1916.1000000000001,6795.5,3477.8,7932.9,7988.0,5562.6,9012.2,7988.0,5562.6,9012.2
Middle Yellow River Valley,WHE,112.0,35.0,approximate 1-degree sampling box; not verified NGA boundary,authoritative_seshat_anchor,calibration,seshat,Seshat2021,0.929293021870382,1.0,-3900,0.2,0.18585860437407642,"historical model estimate, not a direct measured yield",0.18585860437407642,0.18585860437407642,Earliest historical yield-anchor bounds propagated through the published linear normalization; other model uncertainty is not included,"remove cropping_t / cropping_anchor, NOT cropping_t alone; anchor harvested-area interpretation remains explicit",121,121,"same feasible crop-cell subset for all scenarios; per-cropped-hectare comparison, not all-land mean","{""LRLM"": [1782.0, 1621.0, 1489.0, 1236.0, 1186.0, 1279.0, 1408.0, 1607.0, 1562.0, 1564.0, 1341.0, 1599.0, 1556.0, 1457.0, 1359.0, 1274.0, 1329.0, 1431.0, 1391.0, 1326.0, 1235.0, 580.0, 1574.0, 1557.0, 1546.0, 1385.0, 1311.0, 1331.0, 1347.0, 1344.0, 1291.0, 1238.0, 1146.0, 1398.0, 1822.0, 1567.0, 1370.0, 1412.0, 1338.0, 1552.0, 1297.0, 1333.0, 1270.0, 1100.0, 1561.0, 1818.0, 1807.0, 2037.0, 1942.0, 1360.0, 1232.0, 1296.0, 1554.0, 1387.0, 1061.0, 1748.0, 1772.0, 1612.0, 1801.0, 1847.0, 1420.0, 1215.0, 1286.0, 1332.0, 1253.0, 1131.0, 2380.0, 1912.0, 1817.0, 1180.0, 1075.0, 1316.0, 1748.0, 1741.0, 2138.0, 1866.0, 1266.0, 1938.0, 1750.0, 1382.0, 1267.0, 1298.0, 1911.0, 2293.0, 2296.0, 2658.0, 2613.0, 1761.0, 1921.0, 1315.0, 1239.0, 2368.0, 2182.0, 2722.0, 2798.0, 2965.0, 2909.0, 2677.0, 1763.0, 1487.0, 1883.0, 2198.0, 2900.0, 2875.0, 2721.0, 2834.0, 2815.0, 2641.0, 2442.0, 1884.0, 1204.0, 1442.0, 2096.0, 2823.0, 2825.0, 2790.0, 2566.0, 2478.0, 2059.0, 1678.0, 1804.0], ""HRLM"": [5214.0, 4880.0, 4488.0, 3849.0, 3606.0, 3866.0, 4105.0, 4437.0, 4137.0, 3953.0, 3794.0, 5027.0, 4789.0, 4367.0, 4200.0, 3780.0, 3791.0, 4015.0, 3894.0, 3722.0, 3692.0, 2525.0, 4703.0, 4607.0, 4573.0, 4276.0, 4058.0, 4354.0, 3705.0, 3764.0, 3717.0, 3451.0, 3767.0, 4546.0, 4903.0, 4641.0, 4628.0, 4720.0, 3752.0, 3871.0, 3970.0, 3800.0, 3753.0, 3130.0, 4401.0, 5099.0, 6496.0, 6520.0, 6458.0, 4223.0, 3977.0, 3972.0, 4200.0, 3924.0, 3105.0, 4892.0, 4974.0, 5089.0, 4836.0, 5184.0, 4254.0, 3841.0, 3839.0, 3729.0, 3716.0, 3265.0, 7284.0, 6555.0, 5021.0, 3853.0, 3447.0, 4432.0, 5285.0, 5687.0, 6233.0, 5999.0, 3768.0, 6457.0, 4723.0, 4463.0, 4215.0, 4243.0, 5247.0, 6846.0, 6993.0, 8954.0, 8238.0, 5541.0, 5555.0, 4651.0, 4493.0, 7209.0, 6830.0, 9518.0, 9737.0, 10644.0, 10112.0, 7747.0, 6422.0, 4567.0, 5464.0, 6878.0, 9292.0, 8917.0, 9425.0, 10115.0, 9793.0, 8690.0, 7293.0, 4935.0, 3816.0, 4543.0, 6853.0, 9329.0, 10149.0, 10073.0, 9066.0, 7004.0, 6735.0, 5353.0, 4739.0], ""HILM"": [8462.0, 8463.0, 8459.0, 8421.0, 8478.0, 8450.0, 8438.0, 8416.0, 8492.0, 8033.0, 8226.0, 8600.0, 8567.0, 8541.0, 8349.0, 8460.0, 8326.0, 8293.0, 8262.0, 8051.0, 8179.0, 8283.0, 8535.0, 8512.0, 8485.0, 8496.0, 8396.0, 8377.0, 8134.0, 8175.0, 8175.0, 7851.0, 8554.0, 8454.0, 8553.0, 8493.0, 8507.0, 8469.0, 8257.0, 7869.0, 7981.0, 8046.0, 8266.0, 7873.0, 8189.0, 8460.0, 8702.0, 9695.0, 9289.0, 8501.0, 8295.0, 8129.0, 8437.0, 8480.0, 8077.0, 8546.0, 8439.0, 8485.0, 8780.0, 9282.0, 8472.0, 8180.0, 8523.0, 8465.0, 8366.0, 7949.0, 9828.0, 9680.0, 8763.0, 8745.0, 8705.0, 8988.0, 8576.0, 9017.0, 9252.0, 8965.0, 8072.0, 9920.0, 9107.0, 8692.0, 8625.0, 8702.0, 8931.0, 9060.0, 9901.0, 10478.0, 10312.0, 8671.0, 10089.0, 8999.0, 8845.0, 9039.0, 9126.0, 10259.0, 10969.0, 11111.0, 11063.0, 10938.0, 8926.0, 9113.0, 10431.0, 11290.0, 10580.0, 10992.0, 10226.0, 10849.0, 10640.0, 10609.0, 10225.0, 8956.0, 8832.0, 9098.0, 10841.0, 10116.0, 9914.0, 10459.0, 10052.0, 9460.0, 9124.0, 8886.0, 8925.0]}",1562.0,1236.0,2677.0,4641.0,3729.0,8954.0,8567.0,8175.0,10459.0,8567.0,8175.0,10459.0
Kansai,RCW,135.5,34.7,approximate 1-degree sampling box; not verified NGA boundary,authoritative_seshat_anchor,geographical_holdout,seshat,Seshat2021,1.3,2.0,1200,2.0,1.3,"historical model estimate, not a direct measured yield",1.3,1.3,Earliest historical yield-anchor bounds propagated through the published linear normalization; other model uncertainty is not included,"remove cropping_t / cropping_anchor, NOT cropping_t alone; anchor harvested-area interpretation remains explicit",121,116,"same feasible crop-cell subset for all scenarios; per-cropped-hectare comparison, not all-land mean","{""LRLM"": [1185.0, 1185.0, 2069.0, 2227.0, 1928.0, 1500.0, 1508.0, 1492.0, 1278.0, 1426.0, 1195.0, 1176.0, 1160.0, 1189.0, 2170.0, 2311.0, 2309.0, 2300.0, 1518.0, 1491.0, 1482.0, 1259.0, 1192.0, 1150.0, 1204.0, 2346.0, 2404.0, 2305.0, 2282.0, 1484.0, 1303.0, 1289.0, 1277.0, 1247.0, 1329.0, 2378.0, 2568.0, 1987.0, 1506.0, 2576.0, 2567.0, 2538.0, 2521.0, 2508.0, 2576.0, 2523.0, 2585.0, 2500.0, 2444.0, 2166.0, 2647.0, 2564.0, 2557.0, 2593.0, 2615.0, 2567.0, 2569.0, 2713.0, 2563.0, 2616.0, 2292.0, 2550.0, 2582.0, 2510.0, 2513.0, 2585.0, 2524.0, 2501.0, 2634.0, 2499.0, 2543.0, 1167.0, 1282.0, 1318.0, 1300.0, 1250.0, 2692.0, 2595.0, 2584.0, 2504.0, 2485.0, 2572.0, 1170.0, 2242.0, 2263.0, 2316.0, 2294.0, 2294.0, 1216.0, 2479.0, 2522.0, 2526.0, 1277.0, 1203.0, 2261.0, 2254.0, 2278.0, 2240.0, 2139.0, 2477.0, 2132.0, 2155.0, 1032.0, 1301.0, 2502.0, 1200.0, 1267.0, 1200.0, 1208.0, 1212.0, 1139.0, 1018.0, 1018.0, 1023.0, 1036.0, 2623.0], ""HRLM"": [6996.0, 6864.0, 6528.0, 6955.0, 6538.0, 6042.0, 6028.0, 6135.0, 5258.0, 5860.0, 7045.0, 6936.0, 6859.0, 6962.0, 6896.0, 7194.0, 7295.0, 7194.0, 6170.0, 6135.0, 6095.0, 7266.0, 7104.0, 6819.0, 6611.0, 6677.0, 7330.0, 7682.0, 6564.0, 6100.0, 7530.0, 7418.0, 7339.0, 7126.0, 7349.0, 7415.0, 8971.0, 8636.0, 6197.0, 8438.0, 8622.0, 8705.0, 8678.0, 8583.0, 8381.0, 7529.0, 8441.0, 8847.0, 8599.0, 7524.0, 8678.0, 8512.0, 8501.0, 8500.0, 8482.0, 8739.0, 8519.0, 8418.0, 8879.0, 8733.0, 6754.0, 8478.0, 8755.0, 8417.0, 8436.0, 8686.0, 8647.0, 8632.0, 8834.0, 8553.0, 8302.0, 6321.0, 6595.0, 6858.0, 7259.0, 6441.0, 8732.0, 8593.0, 8761.0, 8676.0, 8230.0, 8237.0, 6300.0, 6551.0, 6808.0, 6475.0, 6712.0, 6518.0, 6358.0, 8373.0, 8648.0, 8393.0, 7107.0, 6339.0, 6529.0, 6577.0, 6763.0, 6724.0, 6527.0, 8636.0, 8445.0, 8467.0, 6532.0, 6536.0, 8862.0, 6495.0, 6456.0, 6485.0, 6506.0, 6478.0, 6547.0, 6539.0, 6559.0, 6670.0, 6571.0, 8833.0], ""HILM"": [6753.0, 6784.0, 6888.0, 7487.0, 6737.0, 6172.0, 6201.0, 6139.0, 5258.0, 5860.0, 6833.0, 6720.0, 6629.0, 6803.0, 7066.0, 7852.0, 7886.0, 7515.0, 6246.0, 6135.0, 6095.0, 6945.0, 6831.0, 6640.0, 6996.0, 7119.0, 7671.0, 7819.0, 6596.0, 6100.0, 0.0, 7056.0, 7061.0, 6890.0, 7030.0, 7016.0, 9030.0, 8642.0, 6197.0, 9166.0, 9140.0, 9104.0, 0.0, 0.0, 9108.0, 9077.0, 9084.0, 9037.0, 8984.0, 7670.0, 9080.0, 9136.0, 8862.0, 8908.0, 9010.0, 9086.0, 9062.0, 9057.0, 9012.0, 8964.0, 7000.0, 9074.0, 9062.0, 9040.0, 9051.0, 8915.0, 9055.0, 9028.0, 9022.0, 8969.0, 8931.0, 6608.0, 6953.0, 6954.0, 6950.0, 6951.0, 8991.0, 8970.0, 8964.0, 8931.0, 8926.0, 8895.0, 6684.0, 7127.0, 7145.0, 7046.0, 7321.0, 7077.0, 6872.0, 8774.0, 8901.0, 8890.0, 6867.0, 6857.0, 7089.0, 7198.0, 7587.0, 7652.0, 7104.0, 8809.0, 8497.0, 8508.0, 6703.0, 6876.0, 8954.0, 6966.0, 6971.0, 6971.0, 6967.0, 6960.0, 6709.0, 6705.0, 6706.0, 6735.0, 6642.0, 8907.0]}",2257.5,1185.0,2583.0,7194.0,6330.0,8695.5,7111.5,6223.5,9059.5,7382.0,6625.0,9059.5
Southern China Hills,RCW,104.5,26.5,approximate 1-degree sampling box; not verified NGA boundary,authoritative_seshat_anchor,calibration,seshat,Seshat2021,1.78227479757085,0.375,2000,1.0,4.7527327935222665,"historical model estimate, not a direct measured yield",4.7527327935222665,4.7527327935222665,Earliest historical yield-anchor bounds propagated through the published linear normalization; other model uncertainty is not included,"remove cropping_t / cropping_anchor, NOT cropping_t alone; anchor harvested-area interpretation remains explicit",121,19,"same feasible crop-cell subset for all scenarios; per-cropped-hectare comparison, not all-land mean","{""LRLM"": [983.0, 1280.0, 947.0, 979.0, 1349.0, 960.0, 1075.0, 1195.0, 1088.0, 1277.0, 958.0, 1088.0, 1269.0, 1333.0, 0.0, 0.0, 1149.0, 992.0, 0.0], ""HRLM"": [4383.0, 5578.0, 4421.0, 4980.0, 5652.0, 4246.0, 5399.0, 5606.0, 5829.0, 6497.0, 5016.0, 5082.0, 6126.0, 5565.0, 0.0, 0.0, 5149.0, 4928.0, 0.0], ""HILM"": [6372.0, 6997.0, 5804.0, 7121.0, 7635.0, 6192.0, 7199.0, 6986.0, 6455.0, 7768.0, 6748.0, 7363.0, 7841.0, 7525.0, 6401.0, 5289.0, 7478.0, 7584.0, 4513.0]}",1075.0,0.0,1290.6,5082.0,0.0,5888.4,6997.0,5701.0,7661.599999999999,6997.0,5701.0,7661.599999999999
Sogdiana,WHE,67.0,39.7,approximate 1-degree sampling box; not verified NGA boundary,authoritative_seshat_anchor,calibration,seshat,Seshat2021,1.48800536822681,1.0,-200,1.0,1.48800536822681,"historical model estimate, not a direct measured yield",1.48800536822681,1.48800536822681,Earliest historical yield-anchor bounds propagated through the published linear normalization; other model uncertainty is not included,"remove cropping_t / cropping_anchor, NOT cropping_t alone; anchor harvested-area interpretation remains explicit",121,121,"same feasible crop-cell subset for all scenarios; per-cropped-hectare comparison, not all-land mean","{""LRLM"": [419.0, 452.0, 1722.0, 1766.0, 1760.0, 1792.0, 1771.0, 1233.0, 1253.0, 1474.0, 694.0, 1652.0, 2227.0, 2263.0, 2163.0, 1937.0, 1830.0, 1458.0, 993.0, 773.0, 990.0, 940.0, 1675.0, 2128.0, 2247.0, 2020.0, 1956.0, 1880.0, 1583.0, 1522.0, 1639.0, 1898.0, 1366.0, 1622.0, 1808.0, 1938.0, 1980.0, 2018.0, 2060.0, 1687.0, 1675.0, 1775.0, 1949.0, 1918.0, 431.0, 518.0, 535.0, 1977.0, 2009.0, 1738.0, 1523.0, 1464.0, 1473.0, 1474.0, 1159.0, 1334.0, 1710.0, 1739.0, 1975.0, 1972.0, 1676.0, 1475.0, 1386.0, 1388.0, 1383.0, 1148.0, 1115.0, 1241.0, 1276.0, 1432.0, 1481.0, 1462.0, 1489.0, 1463.0, 1397.0, 1149.0, 1205.0, 1050.0, 1240.0, 1231.0, 1387.0, 1420.0, 1382.0, 1399.0, 1154.0, 1107.0, 1098.0, 1188.0, 1053.0, 1158.0, 1276.0, 1325.0, 1322.0, 1098.0, 1110.0, 1146.0, 1170.0, 1184.0, 1184.0, 935.0, 893.0, 862.0, 981.0, 914.0, 1022.0, 1095.0, 1094.0, 1081.0, 1126.0, 1165.0, 1132.0, 962.0, 891.0, 968.0, 984.0, 1410.0, 1460.0, 1500.0, 1408.0, 1512.0, 1166.0], ""HRLM"": [1084.0, 1515.0, 5374.0, 5507.0, 5506.0, 5620.0, 5535.0, 3018.0, 3838.0, 4732.0, 0.0, 5114.0, 6916.0, 7139.0, 6855.0, 6257.0, 5918.0, 3916.0, 3219.0, 2383.0, 3167.0, 3343.0, 5132.0, 6916.0, 7057.0, 6388.0, 6142.0, 6389.0, 5087.0, 5017.0, 5194.0, 6092.0, 4773.0, 4923.0, 5686.0, 6323.0, 6324.0, 6281.0, 6844.0, 6020.0, 5339.0, 5809.0, 6423.0, 6533.0, 1378.0, 1735.0, 1791.0, 6985.0, 7098.0, 6338.0, 5216.0, 4979.0, 4994.0, 4953.0, 2784.0, 4439.0, 6017.0, 6358.0, 6718.0, 6736.0, 5998.0, 4986.0, 4608.0, 4547.0, 4530.0, 4613.0, 3767.0, 4044.0, 4057.0, 4883.0, 5089.0, 5008.0, 5061.0, 4848.0, 4617.0, 3797.0, 4500.0, 3474.0, 3962.0, 4048.0, 4712.0, 4823.0, 4656.0, 4633.0, 3829.0, 3936.0, 4005.0, 4464.0, 3292.0, 3885.0, 4003.0, 4430.0, 4416.0, 3755.0, 3761.0, 3913.0, 3965.0, 4438.0, 4444.0, 3091.0, 3256.0, 3122.0, 3569.0, 3554.0, 3763.0, 3767.0, 3810.0, 3827.0, 3977.0, 4348.0, 2856.0, 3187.0, 3568.0, 3634.0, 3609.0, 3942.0, 3987.0, 4080.0, 4153.0, 4343.0, 4406.0], ""HILM"": [3221.0, 3231.0, 9922.0, 9927.0, 10208.0, 10437.0, 11725.0, 11411.0, 11542.0, 9742.0, 4130.0, 10055.0, 10043.0, 10151.0, 10639.0, 12204.0, 12117.0, 12179.0, 11129.0, 10230.0, 10324.0, 8703.0, 10300.0, 10406.0, 10643.0, 12055.0, 12312.0, 11825.0, 11757.0, 11532.0, 11941.0, 11930.0, 11498.0, 10557.0, 12008.0, 12062.0, 12152.0, 12192.0, 10711.0, 10602.0, 10569.0, 10586.0, 10919.0, 11195.0, 3164.0, 3216.0, 3254.0, 9674.0, 9710.0, 9727.0, 9736.0, 9766.0, 10530.0, 10517.0, 8468.0, 9373.0, 9372.0, 9489.0, 9609.0, 9630.0, 9647.0, 9682.0, 9705.0, 9754.0, 9712.0, 10261.0, 9394.0, 9472.0, 9481.0, 9608.0, 9614.0, 9611.0, 9610.0, 9615.0, 9607.0, 9549.0, 9971.0, 9690.0, 9325.0, 9465.0, 9569.0, 9618.0, 9662.0, 9687.0, 9697.0, 10699.0, 10537.0, 9908.0, 9601.0, 9683.0, 9236.0, 9325.0, 9382.0, 9457.0, 9591.0, 9919.0, 9977.0, 9880.0, 9518.0, 8964.0, 8993.0, 9021.0, 9238.0, 9669.0, 9604.0, 9543.0, 9565.0, 9598.0, 9634.0, 9553.0, 9974.0, 9532.0, 9574.0, 9519.0, 9512.0, 9739.0, 9825.0, 9896.0, 10417.0, 10739.0, 9606.0]}",1388.0,940.0,1972.0,4530.0,3167.0,6389.0,9712.0,9238.0,11757.0,9712.0,9238.0,11757.0
Valley of Oaxaca,MZE,-96.7,17.0,approximate 1-degree sampling box; not verified NGA boundary,authoritative_seshat_anchor,calibration,seshat,Seshat2021,1.60508406042265,0.75,-400,0.75,1.60508406042265,"historical model estimate, not a direct measured yield",1.4591673276569546,1.7510007931883453,Earliest historical yield-anchor bounds propagated through the published linear normalization; other model uncertainty is not included,"remove cropping_t / cropping_anchor, NOT cropping_t alone; anchor harvested-area interpretation remains explicit",121,107,"same feasible crop-cell subset for all scenarios; per-cropped-hectare comparison, not all-land mean","{""LRLM"": [3106.0, 3240.0, 3101.0, 2962.0, 2838.0, 2831.0, 1477.0, 1978.0, 1858.0, 2919.0, 3188.0, 2964.0, 2772.0, 2467.0, 2463.0, 2247.0, 1657.0, 1757.0, 2376.0, 2329.0, 3933.0, 3942.0, 2255.0, 2786.0, 2472.0, 2065.0, 1559.0, 1704.0, 2371.0, 2317.0, 3869.0, 3930.0, 2766.0, 2769.0, 2484.0, 2455.0, 2492.0, 2042.0, 1730.0, 2600.0, 2590.0, 2031.0, 2870.0, 2849.0, 2922.0, 2405.0, 2459.0, 2113.0, 1813.0, 1873.0, 2605.0, 2616.0, 2750.0, 2529.0, 2879.0, 2910.0, 2377.0, 1978.0, 1839.0, 1893.0, 1874.0, 2667.0, 2787.0, 2850.0, 2710.0, 2693.0, 2221.0, 2384.0, 2208.0, 2704.0, 2838.0, 2802.0, 3019.0, 2541.0, 2681.0, 2256.0, 2341.0, 1895.0, 2739.0, 2583.0, 2409.0, 2712.0, 2298.0, 1952.0, 1485.0, 2217.0, 2098.0, 1684.0, 1451.0, 2403.0, 2348.0, 2716.0, 2733.0, 2854.0, 2130.0, 1677.0, 1657.0, 1387.0, 2318.0, 2276.0, 2653.0, 2831.0, 2920.0, 1811.0, 1663.0, 1352.0, 1362.0], ""HRLM"": [9739.0, 8898.0, 8516.0, 8113.0, 8204.0, 7775.0, 2806.0, 4082.0, 3867.0, 7558.0, 8756.0, 8140.0, 8364.0, 5525.0, 5540.0, 4992.0, 3252.0, 2649.0, 6587.0, 6458.0, 10820.0, 10845.0, 5045.0, 7649.0, 5557.0, 4190.0, 1391.0, 3365.0, 6574.0, 6403.0, 10644.0, 10814.0, 7588.0, 7551.0, 7758.0, 5535.0, 5732.0, 3344.0, 2431.0, 7085.0, 7113.0, 3974.0, 7882.0, 7823.0, 8006.0, 5395.0, 5339.0, 4884.0, 2997.0, 2601.0, 7155.0, 7184.0, 7552.0, 6111.0, 7906.0, 7975.0, 5114.0, 4323.0, 3047.0, 2521.0, 2451.0, 7289.0, 7654.0, 7826.0, 7422.0, 7376.0, 4897.0, 5370.0, 5126.0, 7425.0, 7795.0, 8927.0, 8758.0, 7564.0, 7386.0, 5074.0, 5220.0, 3669.0, 8171.0, 7625.0, 5365.0, 7426.0, 5155.0, 3754.0, 2795.0, 7543.0, 6899.0, 5782.0, 4063.0, 5211.0, 5187.0, 7426.0, 7485.0, 8400.0, 5744.0, 5384.0, 4804.0, 3810.0, 5113.0, 5103.0, 7252.0, 7761.0, 8573.0, 6119.0, 5575.0, 3713.0, 3740.0], ""HILM"": [11161.0, 9645.0, 9611.0, 9722.0, 11995.0, 9454.0, 3821.0, 4822.0, 4734.0, 9295.0, 9746.0, 10187.0, 10210.0, 7262.0, 6672.0, 8497.0, 4918.0, 5671.0, 9404.0, 9260.0, 12445.0, 12400.0, 7267.0, 11443.0, 6668.0, 8524.0, 6210.0, 4910.0, 9494.0, 12101.0, 12462.0, 12414.0, 10782.0, 10906.0, 10957.0, 6819.0, 8652.0, 6333.0, 4901.0, 9492.0, 9977.0, 5006.0, 9416.0, 9666.0, 10535.0, 7974.0, 7381.0, 8540.0, 6291.0, 4909.0, 10040.0, 9841.0, 10330.0, 9288.0, 9788.0, 10447.0, 7848.0, 6616.0, 6280.0, 4862.0, 4814.0, 10348.0, 10760.0, 10173.0, 10515.0, 10440.0, 7956.0, 6847.0, 6614.0, 10099.0, 10510.0, 10112.0, 9406.0, 10418.0, 10407.0, 7501.0, 6588.0, 4807.0, 8757.0, 7928.0, 7445.0, 10559.0, 7266.0, 5128.0, 4001.0, 7644.0, 7038.0, 5782.0, 4063.0, 7577.0, 7395.0, 10409.0, 10772.0, 10560.0, 5853.0, 5384.0, 4804.0, 3810.0, 7681.0, 7770.0, 10691.0, 9825.0, 9950.0, 6119.0, 5575.0, 3713.0, 3740.0]}",2459.0,1681.2,2938.0,6403.0,3307.2000000000003,8446.400000000001,8540.0,4846.0,10776.0,8540.0,4846.0,10776.0
Cahokia,MZE,-90.1,38.7,approximate 1-degree sampling box; not verified NGA boundary,authoritative_seshat_anchor,geographical_holdout,seshat,Seshat2021,1.23982580740394,0.5,1200,0.5,1.23982580740394,"historical model estimate, not a direct measured yield",0.7081707969192077,1.7714808178886725,Earliest historical yield-anchor bounds propagated through the published linear normalization; other model uncertainty is not included,"remove cropping_t / cropping_anchor, NOT cropping_t alone; anchor harvested-area interpretation remains explicit",121,121,"same feasible crop-cell subset for all scenarios; per-cropped-hectare comparison, not all-land mean","{""LRLM"": [4533.0, 4684.0, 4774.0, 4704.0, 4656.0, 4499.0, 4370.0, 4324.0, 4472.0, 4468.0, 4462.0, 4437.0, 4641.0, 4783.0, 4658.0, 4593.0, 4393.0, 4374.0, 4318.0, 4477.0, 4478.0, 4474.0, 4692.0, 4712.0, 4846.0, 4792.0, 4835.0, 3271.0, 4623.0, 4673.0, 4645.0, 4640.0, 4630.0, 4725.0, 4688.0, 4785.0, 4779.0, 4771.0, 4737.0, 3227.0, 4586.0, 4574.0, 4589.0, 4650.0, 4833.0, 4759.0, 4695.0, 4697.0, 4741.0, 4726.0, 3249.0, 4594.0, 4593.0, 4596.0, 4582.0, 4827.0, 4809.0, 4710.0, 4756.0, 4838.0, 4829.0, 4853.0, 4656.0, 4696.0, 4704.0, 4692.0, 4771.0, 4812.0, 4774.0, 4747.0, 4833.0, 4811.0, 4808.0, 4706.0, 4665.0, 4672.0, 4674.0, 4821.0, 4777.0, 4821.0, 4860.0, 4837.0, 4843.0, 4786.0, 4690.0, 4642.0, 4624.0, 4598.0, 4711.0, 4769.0, 4682.0, 4679.0, 4661.0, 4678.0, 4707.0, 4618.0, 4543.0, 4574.0, 4574.0, 4653.0, 4559.0, 4558.0, 4600.0, 4595.0, 4593.0, 4592.0, 4509.0, 4477.0, 4439.0, 4438.0, 4626.0, 4549.0, 4551.0, 4622.0, 4549.0, 4592.0, 4577.0, 4505.0, 4482.0, 4411.0, 4412.0], ""HRLM"": [11997.0, 12544.0, 12660.0, 12643.0, 12347.0, 11818.0, 11939.0, 12015.0, 11927.0, 11760.0, 11736.0, 11940.0, 12351.0, 12600.0, 12359.0, 12065.0, 11796.0, 11976.0, 11954.0, 11946.0, 11964.0, 12019.0, 12147.0, 12367.0, 12668.0, 12646.0, 12407.0, 12175.0, 12121.0, 12259.0, 11875.0, 12074.0, 11953.0, 12199.0, 12244.0, 12407.0, 12545.0, 12470.0, 12082.0, 12095.0, 12164.0, 11800.0, 11963.0, 12013.0, 12572.0, 12386.0, 12236.0, 12326.0, 12536.0, 12682.0, 12022.0, 12082.0, 12002.0, 12030.0, 11952.0, 12571.0, 12487.0, 12371.0, 12437.0, 12600.0, 12748.0, 12275.0, 12303.0, 12325.0, 12380.0, 12311.0, 12488.0, 12555.0, 12578.0, 12503.0, 12726.0, 12722.0, 12285.0, 12029.0, 12244.0, 12284.0, 12278.0, 12568.0, 12616.0, 12787.0, 12803.0, 12723.0, 12678.0, 12582.0, 12158.0, 12486.0, 12401.0, 12379.0, 12479.0, 12486.0, 12569.0, 12527.0, 12602.0, 12834.0, 12856.0, 12658.0, 12206.0, 12189.0, 12227.0, 12263.0, 11903.0, 12014.0, 12007.0, 12004.0, 12305.0, 12657.0, 12221.0, 11997.0, 10697.0, 10675.0, 12209.0, 11831.0, 12506.0, 12068.0, 11952.0, 12336.0, 12301.0, 12108.0, 11927.0, 11593.0, 11634.0], ""HILM"": [14111.0, 14250.0, 14256.0, 14311.0, 14236.0, 14253.0, 14509.0, 14502.0, 14339.0, 14462.0, 14477.0, 14153.0, 14223.0, 14301.0, 14244.0, 14228.0, 14215.0, 14485.0, 14488.0, 14450.0, 14501.0, 14490.0, 14203.0, 13963.0, 14228.0, 14258.0, 14216.0, 14127.0, 14224.0, 14371.0, 14426.0, 14432.0, 14485.0, 14218.0, 14042.0, 14206.0, 14240.0, 14238.0, 14001.0, 14036.0, 14158.0, 14348.0, 14326.0, 14449.0, 14107.0, 14079.0, 14067.0, 14196.0, 14202.0, 14254.0, 14016.0, 14101.0, 14317.0, 14361.0, 14355.0, 14230.0, 14102.0, 13840.0, 13958.0, 14198.0, 14220.0, 14019.0, 14092.0, 14301.0, 14338.0, 14334.0, 14137.0, 14126.0, 13873.0, 13868.0, 14078.0, 14089.0, 13965.0, 14005.0, 14232.0, 14253.0, 14261.0, 14141.0, 14098.0, 14102.0, 14096.0, 14102.0, 14176.0, 14303.0, 14123.0, 14236.0, 14035.0, 14051.0, 13775.0, 13871.0, 13621.0, 13650.0, 13778.0, 13955.0, 14035.0, 13892.0, 13861.0, 13838.0, 13854.0, 13551.0, 13447.0, 13631.0, 13786.0, 13797.0, 13681.0, 13658.0, 13498.0, 13456.0, 13341.0, 13314.0, 13456.0, 13547.0, 13666.0, 13911.0, 13676.0, 13677.0, 13625.0, 13472.0, 13353.0, 13249.0, 13204.0]}",4656.0,4439.0,4821.0,12278.0,11927.0,12658.0,14123.0,13621.0,14426.0,14123.0,13621.0,14426.0
Finger Lakes,MZE,-76.5,42.7,approximate 1-degree sampling box; not verified NGA boundary,authoritative_seshat_anchor,calibration,seshat,Seshat2021,0.836920864602525,0.23,1700,0.23,0.836920864602525,"historical model estimate, not a direct measured yield",0.4184604323012625,1.2553812969037876,Earliest historical yield-anchor bounds propagated through the published linear normalization; other model uncertainty is not included,"remove cropping_t / cropping_anchor, NOT cropping_t alone; anchor harvested-area interpretation remains explicit",121,121,"same feasible crop-cell subset for all scenarios; per-cropped-hectare comparison, not all-land mean","{""LRLM"": [2384.0, 2372.0, 2697.0, 2379.0, 2371.0, 2375.0, 2372.0, 2378.0, 2371.0, 2368.0, 2366.0, 2380.0, 2378.0, 2378.0, 2379.0, 2382.0, 2375.0, 2372.0, 2377.0, 2375.0, 2371.0, 2365.0, 2539.0, 2987.0, 2480.0, 2377.0, 2375.0, 2359.0, 2373.0, 2374.0, 2376.0, 2371.0, 2370.0, 2528.0, 3074.0, 2529.0, 2528.0, 2536.0, 2834.0, 2369.0, 2372.0, 2371.0, 2370.0, 2371.0, 3114.0, 3411.0, 2863.0, 3075.0, 2972.0, 2548.0, 2366.0, 2379.0, 2374.0, 2372.0, 2362.0, 3325.0, 3147.0, 3083.0, 3209.0, 2549.0, 2564.0, 2554.0, 2532.0, 2365.0, 2360.0, 2363.0, 3240.0, 3123.0, 3136.0, 3164.0, 2898.0, 2559.0, 2543.0, 2532.0, 2532.0, 2534.0, 2531.0, 3159.0, 3123.0, 3148.0, 3180.0, 3010.0, 2880.0, 2530.0, 2533.0, 2545.0, 2546.0, 2556.0, 3108.0, 3102.0, 3097.0, 3091.0, 3084.0, 2892.0, 2882.0, 2548.0, 2543.0, 2540.0, 2549.0, 1548.0, 3027.0, 2989.0, 3045.0, 3039.0, 3084.0, 3073.0, 3109.0, 3101.0, 3064.0, 3079.0, 2604.0, 2608.0, 2626.0, 1348.0, 1527.0, 3014.0, 3008.0, 3063.0, 3053.0, 3026.0, 3020.0], ""HRLM"": [9908.0, 10066.0, 10096.0, 9958.0, 9924.0, 10015.0, 9999.0, 10029.0, 10031.0, 9948.0, 9906.0, 9893.0, 10062.0, 10028.0, 9922.0, 9829.0, 9908.0, 9931.0, 9877.0, 9940.0, 9892.0, 9901.0, 9769.0, 9812.0, 9937.0, 9843.0, 9943.0, 9945.0, 9933.0, 9764.0, 9804.0, 9818.0, 9921.0, 9680.0, 9585.0, 9630.0, 9904.0, 9721.0, 9921.0, 9848.0, 9823.0, 9749.0, 9711.0, 9854.0, 9823.0, 11108.0, 9713.0, 9776.0, 9766.0, 9737.0, 9835.0, 9785.0, 9831.0, 9753.0, 9612.0, 10858.0, 9866.0, 9849.0, 10567.0, 9776.0, 9596.0, 9572.0, 9590.0, 9660.0, 9639.0, 9581.0, 10669.0, 9909.0, 9935.0, 9936.0, 9829.0, 9670.0, 9454.0, 9417.0, 9338.0, 9592.0, 9539.0, 10037.0, 9987.0, 10005.0, 9982.0, 9900.0, 9733.0, 9789.0, 9647.0, 9496.0, 9575.0, 9480.0, 9987.0, 9989.0, 9994.0, 9966.0, 9913.0, 9789.0, 9736.0, 9686.0, 9706.0, 9688.0, 9654.0, 10367.0, 10296.0, 10095.0, 10008.0, 9940.0, 9934.0, 9869.0, 9904.0, 9957.0, 9906.0, 9822.0, 9980.0, 10203.0, 10270.0, 10346.0, 10332.0, 10295.0, 10113.0, 10018.0, 9943.0, 9890.0, 9725.0], ""HILM"": [9908.0, 10071.0, 10096.0, 9958.0, 9924.0, 10015.0, 9999.0, 10029.0, 10031.0, 9948.0, 9906.0, 9893.0, 10062.0, 10028.0, 9922.0, 9829.0, 9908.0, 9931.0, 9877.0, 9940.0, 9892.0, 9901.0, 9769.0, 9952.0, 9937.0, 9843.0, 9943.0, 9945.0, 9933.0, 9764.0, 9804.0, 9818.0, 9921.0, 9680.0, 9759.0, 9630.0, 9904.0, 9721.0, 9921.0, 9848.0, 9823.0, 9749.0, 9711.0, 9854.0, 9823.0, 11191.0, 9713.0, 9776.0, 9766.0, 9737.0, 9835.0, 9785.0, 9831.0, 9753.0, 9612.0, 10858.0, 9866.0, 9849.0, 10567.0, 9776.0, 9596.0, 9572.0, 9590.0, 9660.0, 9639.0, 9581.0, 10669.0, 9909.0, 9935.0, 9939.0, 9829.0, 9670.0, 9454.0, 9417.0, 9338.0, 9592.0, 9539.0, 10037.0, 9987.0, 10005.0, 9982.0, 9900.0, 9733.0, 9789.0, 9647.0, 9496.0, 9575.0, 9480.0, 9987.0, 9989.0, 9994.0, 9966.0, 9913.0, 9789.0, 9736.0, 9686.0, 9706.0, 9688.0, 9654.0, 10367.0, 10296.0, 10095.0, 10008.0, 9940.0, 9934.0, 9869.0, 9904.0, 9957.0, 9906.0, 9822.0, 10028.0, 10111.0, 10216.0, 10346.0, 10332.0, 10295.0, 10113.0, 10018.0, 9943.0, 9890.0, 9725.0]}",2543.0,2369.0,3114.0,9893.0,9596.0,10096.0,9900.0,9612.0,10096.0,9900.0,9612.0,10096.0
Cuzco,MZE,-72.0,-13.5,approximate 1-degree sampling box; not verified NGA boundary,authoritative_seshat_anchor,geographical_holdout,seshat,Seshat2021,0.979333709768493,0.5,1900,0.5,0.979333709768493,"historical model estimate, not a direct measured yield",0.979333709768493,0.979333709768493,Earliest historical yield-anchor bounds propagated through the published linear normalization; other model uncertainty is not included,"remove cropping_t / cropping_anchor, NOT cropping_t alone; anchor harvested-area interpretation remains explicit",121,3,"same feasible crop-cell subset for all scenarios; per-cropped-hectare comparison, not all-land mean","{""LRLM"": [779.0, 1161.0, 1024.0], ""HRLM"": [3529.0, 4238.0, 2634.0], ""HILM"": [3529.0, 4243.0, 2634.0]}",1024.0,828.0,1133.6,3529.0,2813.0,4096.2,3529.0,2813.0,4100.2,3529.0,2813.0,4100.2
North Colombia,MZE,-74.0,10.0,approximate 1-degree sampling box; not verified NGA boundary,authoritative_seshat_anchor,calibration,seshat,Seshat2021,0.326640665770657,0.23,2000,1.0,1.4201768076985086,"historical model estimate, not a direct measured yield",1.4201768076985086,1.4201768076985086,Earliest historical yield-anchor bounds propagated through the published linear normalization; other model uncertainty is not included,"remove cropping_t / cropping_anchor, NOT cropping_t alone; anchor harvested-area interpretation remains explicit",121,121,"same feasible crop-cell subset for all scenarios; per-cropped-hectare comparison, not all-land mean","{""LRLM"": [2437.0, 2429.0, 2419.0, 2419.0, 2443.0, 2441.0, 2449.0, 2410.0, 2436.0, 2372.0, 2345.0, 2388.0, 2432.0, 2418.0, 2439.0, 2451.0, 2458.0, 2441.0, 3120.0, 2902.0, 3088.0, 2347.0, 2442.0, 2438.0, 2472.0, 2522.0, 2460.0, 2455.0, 2441.0, 2930.0, 2911.0, 3115.0, 2395.0, 2406.0, 2402.0, 3052.0, 3074.0, 2447.0, 2434.0, 2430.0, 2876.0, 2863.0, 2887.0, 2442.0, 2412.0, 2416.0, 3142.0, 3157.0, 2431.0, 2420.0, 2425.0, 2901.0, 2877.0, 2888.0, 2453.0, 2407.0, 2418.0, 2631.0, 2649.0, 2408.0, 2407.0, 2500.0, 2938.0, 2940.0, 2931.0, 3113.0, 2402.0, 2403.0, 2511.0, 2532.0, 2382.0, 2400.0, 100.0, 3007.0, 2950.0, 112.0, 2968.0, 2384.0, 2386.0, 2502.0, 2492.0, 2373.0, 2405.0, 96.0, 147.0, 154.0, 169.0, 110.0, 2404.0, 2437.0, 2513.0, 2499.0, 2301.0, 117.0, 97.0, 64.0, 85.0, 97.0, 102.0, 2439.0, 2460.0, 2507.0, 2428.0, 2275.0, 65.0, 73.0, 78.0, 59.0, 92.0, 110.0, 2481.0, 2437.0, 2432.0, 2382.0, 1684.0, 71.0, 57.0, 49.0, 55.0, 42.0, 87.0], ""HRLM"": [4742.0, 4746.0, 4765.0, 4777.0, 4846.0, 4950.0, 4896.0, 4786.0, 5233.0, 4675.0, 4658.0, 4842.0, 4863.0, 5001.0, 5102.0, 4962.0, 4927.0, 4807.0, 9044.0, 7878.0, 8841.0, 4726.0, 4811.0, 4881.0, 5622.0, 5913.0, 4943.0, 4886.0, 4813.0, 8399.0, 7813.0, 9020.0, 4870.0, 4844.0, 4873.0, 8485.0, 8578.0, 4911.0, 4839.0, 4788.0, 7696.0, 7616.0, 7812.0, 5090.0, 4822.0, 4881.0, 9126.0, 9143.0, 4885.0, 4795.0, 4786.0, 7828.0, 7627.0, 7733.0, 4984.0, 4828.0, 4909.0, 7488.0, 7814.0, 4847.0, 4755.0, 5713.0, 8025.0, 7730.0, 7844.0, 9150.0, 4818.0, 4802.0, 6112.0, 6766.0, 4733.0, 4752.0, 2847.0, 8614.0, 8075.0, 4697.0, 8575.0, 4770.0, 4784.0, 6051.0, 6010.0, 4691.0, 4769.0, 2883.0, 5009.0, 4942.0, 4831.0, 4773.0, 5113.0, 5469.0, 6524.0, 5998.0, 4627.0, 2641.0, 2802.0, 2557.0, 2830.0, 3040.0, 4747.0, 5612.0, 5784.0, 6501.0, 5206.0, 4712.0, 2470.0, 2465.0, 2605.0, 2374.0, 2757.0, 4956.0, 6597.0, 5624.0, 5452.0, 4790.0, 4013.0, 1297.0, 1113.0, 1171.0, 2233.0, 1536.0, 3681.0], ""HILM"": [4871.0, 4860.0, 4867.0, 4862.0, 4894.0, 4987.0, 4952.0, 4867.0, 5354.0, 4814.0, 4837.0, 4965.0, 4981.0, 5129.0, 5193.0, 5014.0, 4963.0, 4863.0, 9225.0, 9218.0, 9207.0, 4895.0, 4921.0, 4994.0, 5766.0, 6015.0, 5004.0, 4938.0, 4876.0, 9244.0, 9230.0, 9248.0, 4981.0, 4954.0, 4989.0, 9342.0, 9354.0, 5006.0, 4923.0, 4868.0, 9306.0, 9285.0, 9278.0, 5150.0, 4926.0, 4977.0, 9333.0, 9342.0, 4983.0, 4894.0, 4879.0, 9324.0, 9333.0, 9315.0, 5030.0, 4917.0, 4994.0, 7616.0, 7948.0, 4948.0, 4865.0, 5828.0, 9308.0, 9332.0, 9322.0, 9270.0, 4908.0, 4885.0, 6228.0, 6905.0, 4844.0, 4867.0, 2915.0, 9482.0, 9384.0, 5205.0, 9341.0, 4876.0, 4879.0, 6183.0, 6152.0, 4804.0, 4883.0, 2965.0, 5490.0, 5413.0, 5273.0, 5211.0, 5257.0, 5605.0, 6681.0, 6145.0, 4722.0, 2695.0, 2830.0, 2558.0, 2834.0, 3065.0, 5261.0, 5796.0, 5950.0, 6670.0, 5317.0, 4793.0, 2471.0, 2469.0, 2606.0, 2374.0, 2760.0, 5385.0, 6859.0, 5811.0, 5612.0, 4888.0, 4019.0, 1297.0, 1113.0, 1171.0, 2233.0, 1889.0, 3831.0]}",2431.0,92.0,2938.0,4881.0,2802.0,8025.0,4989.0,2830.0,9308.0,4989.0,2830.0,9308.0
Lowland Andes,MZE,-78.17,-2.46,approximate 1-degree sampling box; not verified NGA boundary,authoritative_seshat_anchor,calibration,seshat,Seshat2021,0.244260832207465,0.23,2000,1.0,1.0620036182933261,"historical model estimate, not a direct measured yield",1.0620036182933261,1.0620036182933261,Earliest historical yield-anchor bounds propagated through the published linear normalization; other model uncertainty is not included,"remove cropping_t / cropping_anchor, NOT cropping_t alone; anchor harvested-area interpretation remains explicit",121,80,"same feasible crop-cell subset for all scenarios; per-cropped-hectare comparison, not all-land mean","{""LRLM"": [909.0, 29.0, 42.0, 41.0, 42.0, 44.0, 56.0, 135.0, 152.0, 943.0, 40.0, 41.0, 39.0, 41.0, 45.0, 47.0, 193.0, 239.0, 922.0, 705.0, 42.0, 39.0, 37.0, 43.0, 43.0, 213.0, 202.0, 896.0, 725.0, 760.0, 1205.0, 28.0, 39.0, 42.0, 199.0, 187.0, 29.0, 1178.0, 29.0, 38.0, 43.0, 145.0, 197.0, 907.0, 1186.0, 932.0, 39.0, 41.0, 69.0, 175.0, 875.0, 872.0, 1394.0, 30.0, 40.0, 147.0, 915.0, 1424.0, 785.0, 30.0, 39.0, 170.0, 905.0, 1422.0, 1421.0, 1434.0, 98.0, 238.0, 866.0, 1394.0, 1422.0, 1436.0, 58.0, 190.0, 849.0, 1378.0, 1425.0, 1480.0, 133.0, 178.0], ""HRLM"": [3394.0, 3259.0, 3731.0, 3787.0, 3934.0, 4021.0, 3936.0, 2730.0, 2439.0, 4380.0, 3710.0, 3687.0, 3609.0, 3768.0, 3910.0, 3924.0, 3266.0, 2594.0, 4101.0, 2728.0, 3914.0, 3588.0, 3546.0, 3864.0, 3900.0, 3954.0, 2600.0, 3229.0, 2803.0, 2794.0, 3420.0, 3665.0, 3634.0, 3822.0, 3930.0, 890.0, 3523.0, 3286.0, 3453.0, 3617.0, 3827.0, 3967.0, 1178.0, 3891.0, 3338.0, 3424.0, 3599.0, 3598.0, 3720.0, 1086.0, 3128.0, 2812.0, 3584.0, 3324.0, 3589.0, 3906.0, 3738.0, 3168.0, 2818.0, 3352.0, 3543.0, 3742.0, 2887.0, 3165.0, 3162.0, 3320.0, 3750.0, 1373.0, 3120.0, 3101.0, 3164.0, 3408.0, 3820.0, 1454.0, 3051.0, 3066.0, 3171.0, 3449.0, 3916.0, 1527.0], ""HILM"": [3394.0, 3259.0, 3731.0, 3787.0, 3934.0, 4021.0, 3936.0, 2730.0, 2439.0, 4380.0, 3710.0, 3687.0, 3609.0, 3768.0, 3910.0, 3924.0, 3266.0, 2594.0, 4282.0, 2728.0, 3914.0, 3588.0, 3546.0, 3864.0, 3900.0, 3954.0, 2600.0, 3229.0, 2803.0, 2794.0, 3420.0, 3721.0, 3634.0, 3822.0, 3930.0, 890.0, 3523.0, 3286.0, 3453.0, 0.0, 3827.0, 3967.0, 1178.0, 3891.0, 3338.0, 3424.0, 3599.0, 3598.0, 3720.0, 1086.0, 3136.0, 2888.0, 3584.0, 3324.0, 3589.0, 3906.0, 3908.0, 3168.0, 2818.0, 3352.0, 3543.0, 3742.0, 2887.0, 3165.0, 3162.0, 3320.0, 3750.0, 1373.0, 3120.0, 3101.0, 3164.0, 3408.0, 3820.0, 1454.0, 3051.0, 3066.0, 3171.0, 3449.0, 3916.0, 1527.0]}",176.5,38.9,1396.7000000000003,3488.0,2599.4,3924.6,3451.0,2578.5,3924.6,3488.0,2599.4,3924.6
Big Island Hawaii,SPO,-155.5,19.6,approximate 1-degree sampling box; not verified NGA boundary,authoritative_seshat_anchor,calibration,seshat,Seshat2021,0.644396551724138,0.23,1600,1.0,2.8017241379310347,"historical model estimate, not a direct measured yield",2.8017241379310347,2.8017241379310347,Earliest historical yield-anchor bounds propagated through the published linear normalization; other model uncertainty is not included,"remove cropping_t / cropping_anchor, NOT cropping_t alone; anchor harvested-area interpretation remains explicit",121,44,"same feasible crop-cell subset for all scenarios; per-cropped-hectare comparison, not all-land mean","{""LRLM"": [2316.0, 2003.0, 1489.0, 2600.0, 1243.0, 2018.0, 2154.0, 1238.0, 1656.0, 2236.0, 3125.0, 3182.0, 3188.0, 1301.0, 1593.0, 2067.0, 1492.0, 2527.0, 2794.0, 1357.0, 1328.0, 2174.0, 2539.0, 1169.0, 1918.0, 1131.0, 1934.0, 1357.0, 1408.0, 1324.0, 2659.0, 1521.0, 1523.0, 1541.0, 1843.0, 2509.0, 2519.0, 2105.0, 2054.0, 2668.0, 2851.0, 2320.0, 1522.0, 2528.0], ""HRLM"": [6089.0, 5722.0, 5477.0, 6633.0, 5190.0, 4844.0, 5034.0, 5094.0, 3407.0, 5087.0, 7765.0, 8588.0, 7864.0, 5391.0, 2855.0, 5655.0, 4941.0, 7166.0, 7205.0, 5673.0, 5323.0, 6735.0, 7201.0, 4832.0, 5306.0, 4637.0, 5482.0, 5777.0, 5864.0, 5321.0, 9238.0, 6472.0, 6208.0, 5744.0, 6684.0, 7895.0, 7511.0, 5732.0, 5413.0, 6824.0, 7238.0, 7772.0, 4800.0, 7374.0], ""HILM"": [0.0, 5722.0, 5477.0, 7310.0, 5190.0, 8428.0, 0.0, 5094.0, 9060.0, 8539.0, 9260.0, 0.0, 0.0, 5391.0, 5495.0, 0.0, 0.0, 0.0, 7927.0, 5673.0, 5323.0, 6735.0, 7204.0, 4832.0, 5306.0, 4637.0, 5482.0, 5777.0, 0.0, 0.0, 0.0, 6472.0, 6208.0, 5744.0, 6684.0, 7895.0, 7511.0, 5732.0, 0.0, 7322.0, 7826.0, 7772.0, 4800.0, 6969.0]}",2010.5,1307.9,2756.2000000000003,5738.0,4835.6,7769.9,5584.0,0.0,7917.4,5976.5,5052.0,8505.7
