location_tag,water_location,state,shore_pixels
pagan,pp_nav_00684,navigable,16
pagan,pp_nav_00685,navigable,27
berlin,pp_nav_00217,navigable,24
taposa,pp_nav_00511,navigable,4
taposa,pp_nav_00512,navigable,71
taposa,pp_nav_00516,navigable,5
katzenelnbogen,pp_nav_00270,improvable,20
katzenelnbogen,pp_nav_00275,navigable,5
teocak,pp_nav_00396,navigable,20
teocak,pp_nav_00398,navigable,13
perm,pp_nav_00096,navigable,3
perm,pp_nav_00101,navigable,45
perm,pp_nav_00109,navigable,46
rozdory,pp_nav_00319,improvable,28
paris,pp_nav_00307,navigable,54
paris,pp_nav_00308,navigable,8
paris,pp_nav_00312,navigable,2
kyiv,pp_nav_00269,navigable,26
duanxi,pp_nav_00675,navigable,16
duanxi,pp_nav_00677,improvable,25
chipata,pp_nav_00755,navigable,24
chipata,pp_nav_00756,navigable,41
khagaria,pp_nav_00649,navigable,22
khagaria,pp_nav_00650,navigable,16
khagaria,pp_nav_00654,navigable,28
melenki,pp_nav_00157,navigable,41
makigotekw,pp_nav_00366,improvable,1
thayet,pp_nav_00689,navigable,35
thayet,pp_nav_00690,navigable,25
sosnovy_ostrov,pp_nav_00199,navigable,5
sosnovy_ostrov,pp_nav_00207,navigable,48
sosnovy_ostrov,pp_nav_00223,navigable,23
rochefort,pp_nav_00367,navigable,7
rochefort,pp_nav_00368,navigable,27
proszowice,pp_nav_00272,navigable,23
proszowice,pp_nav_00278,navigable,17
yicheng,pp_nav_00535,navigable,8
yicheng,pp_nav_00541,navigable,58
staraya_ladoga,pp_nav_00058,improvable,9
staraya_ladoga,pp_nav_00069,improvable,48
staraya_ladoga,pp_nav_00076,navigable,1
aalst,pp_nav_00255,navigable,25
aalst,pp_nav_00260,navigable,20
aalst,pp_nav_00263,navigable,12
jambi,pp_nav_00763,navigable,47
jambi,pp_nav_00766,navigable,73
krasny_bor,pp_nav_00031,navigable,23
krasny_bor,pp_nav_00033,navigable,49
krasny_bor,pp_nav_00035,navigable,49
krasny_bor,pp_nav_00037,navigable,2
staraya_mayna,pp_nav_00175,navigable,35
ouasioto,pp_nav_00474,navigable,18
bolshoye_selo,pp_nav_00099,navigable,54
bolshoye_selo,pp_nav_00100,navigable,31
bolshoye_selo,pp_nav_00103,navigable,38
lichtenberg,pp_nav_00304,navigable,24
beaupreau,pp_nav_00345,navigable,6
beaupreau,pp_nav_00347,navigable,22
saw,pp_nav_00684,navigable,1
saw,pp_nav_00685,navigable,39
weyanock,pp_nav_00490,barrier,42
sandomierz,pp_nav_00259,navigable,36
sandomierz,pp_nav_00267,navigable,37
ahrweiler,pp_nav_00264,navigable,16
guben,pp_nav_00214,navigable,10
guben,pp_nav_00226,navigable,24
minqing,pp_nav_00627,improvable,15
minqing,pp_nav_00630,navigable,13
kutina,pp_nav_00370,navigable,18
kutina,pp_nav_00377,navigable,19
verden,pp_nav_00197,navigable,4
verden,pp_nav_00203,navigable,8
luling,pp_nav_00619,navigable,28
kaharlyk,pp_nav_00269,navigable,43
kaharlyk,pp_nav_00279,navigable,20
st_ambroix,pp_nav_00408,improvable,6
darmstadt,pp_nav_00277,navigable,22
darmstadt,pp_nav_00280,navigable,31
cangwu,pp_nav_00675,navigable,10
mahoning_oh,pp_nav_00442,navigable,17
gugera,pp_nav_00547,navigable,23
gugera,pp_nav_00556,navigable,38
agra,pp_nav_00622,navigable,48
lincoln,pp_nav_00190,navigable,9
worcester,pp_nav_00212,navigable,19
worcester,pp_nav_00227,navigable,29
nikopol,pp_nav_00425,navigable,3
nikopol,pp_nav_00427,navigable,42
torun,pp_nav_00192,navigable,8
torun,pp_nav_00200,navigable,40
sabina,pp_nav_00431,navigable,60
wonju,pp_nav_00492,navigable,9
macon,pp_nav_00356,navigable,26
macon,pp_nav_00363,navigable,5
vukovar,pp_nav_00374,navigable,27
vukovar,pp_nav_00390,navigable,1
magdeburg,pp_nav_00225,improvable,18
casqui,pp_nav_00502,navigable,14
casqui,pp_nav_00505,navigable,50
casqui,pp_nav_00508,navigable,12
emasulia,pp_nav_00455,navigable,86
emasulia,pp_nav_00463,navigable,96
emasulia,pp_nav_00468,navigable,93
emasulia,pp_nav_00472,navigable,30
regensburg,pp_nav_00303,navigable,21
longvek,pp_nav_00733,navigable,21
longvek,pp_nav_00734,navigable,38
danyang,pp_nav_00537,improvable,39
poggibonsi,pp_nav_00424,navigable,30
senlis,pp_nav_00295,navigable,72
senlis,pp_nav_00301,navigable,12
yaroslavl,pp_nav_00105,navigable,52
yaroslavl,pp_nav_00107,navigable,48
yaroslavl,pp_nav_00112,navigable,24
mirandola,pp_nav_00395,navigable,18
fiorenzuola,pp_nav_00388,navigable,33
dalneye_konstantinovo,pp_nav_00137,navigable,11
mainz,pp_nav_00275,navigable,56
mainz,pp_nav_00277,navigable,6
mainz,pp_nav_00280,navigable,11
radovanu,pp_nav_00423,navigable,25
nanping,pp_nav_00627,improvable,52
mullheim,pp_nav_00327,navigable,34
backnang,pp_nav_00297,navigable,2
durlach,pp_nav_00291,navigable,20
durlach,pp_nav_00304,navigable,2
grafenau,pp_nav_00311,navigable,12
nonantola,pp_nav_00395,navigable,16
krems,pp_nav_00321,navigable,26
krems,pp_nav_00324,navigable,12
chandpur,pp_nav_00670,navigable,23
pavia,pp_nav_00388,navigable,3
pavia,pp_nav_00389,navigable,9
selkehatchie,pp_nav_00521,navigable,48
selkehatchie,pp_nav_00524,navigable,12
bauge,pp_nav_00345,navigable,20
bauge,pp_nav_00349,navigable,3
meaux,pp_nav_00302,navigable,64
meaux,pp_nav_00308,navigable,9
avignon,pp_nav_00419,improvable,15
pokrovskoye,pp_nav_00179,navigable,19
pokrovskoye,pp_nav_00185,navigable,30
nerekhta,pp_nav_00107,navigable,14
nerekhta,pp_nav_00111,navigable,23
ust_sheksna,pp_nav_00099,navigable,20
ust_sheksna,pp_nav_00100,navigable,37
lipno,pp_nav_00200,navigable,40
lipno,pp_nav_00206,navigable,8
tsivilsk,pp_nav_00141,navigable,2
tsivilsk,pp_nav_00144,navigable,39
pingyuan_jinan,pp_nav_00485,navigable,11
pingyuan_jinan,pp_nav_00493,navigable,16
voronezh,pp_nav_00238,navigable,54
voronezh,pp_nav_00254,navigable,12
coria_del_rio,pp_nav_00491,improvable,13
dehua_jiujiang,pp_nav_00596,navigable,15
dehua_jiujiang,pp_nav_00597,navigable,21
baling,pp_nav_00600,navigable,24
baling,pp_nav_00601,navigable,17
baling,pp_nav_00604,navigable,6
pakrac,pp_nav_00377,navigable,28
pakrac,pp_nav_00384,navigable,15
pandua,pp_nav_00673,navigable,35
pandua,pp_nav_00678,navigable,10
guwahati,pp_nav_00632,navigable,39
zhigu,pp_nav_00448,navigable,40
zhigu,pp_nav_00461,navigable,12
speyer,pp_nav_00291,navigable,19
totma,pp_nav_00062,navigable,35
totma,pp_nav_00064,navigable,96
totma,pp_nav_00068,navigable,98
totma,pp_nav_00074,navigable,36
banan,pp_nav_00598,navigable,21
banan,pp_nav_00599,navigable,36
nagara_borneo,pp_nav_00780,navigable,55
moksobo,pp_nav_00674,navigable,21
moksobo,pp_nav_00681,navigable,5
srey_sarchhor,pp_nav_00735,navigable,1
srey_sarchhor,pp_nav_00736,navigable,50
srey_sarchhor,pp_nav_00737,navigable,31
srey_sarchhor,pp_nav_00738,navigable,15
kara,pp_nav_00640,navigable,37
evreux,pp_nav_00298,improvable,26
derawar,pp_nav_00605,navigable,28
nguidjilone,pp_nav_00708,navigable,54
bamba,pp_nav_00695,navigable,73
bamba,pp_nav_00697,navigable,32
porto,pp_nav_00439,navigable,21
porto,pp_nav_00440,improvable,60
gao,pp_nav_00699,navigable,21
arlal,pp_nav_00704,navigable,27
grimsby,pp_nav_00187,navigable,50
grimsby,pp_nav_00190,navigable,8
villemur,pp_nav_00416,navigable,6
villemur,pp_nav_00418,navigable,8
villemur,pp_nav_00421,improvable,54
kamieniec,pp_nav_00209,navigable,55
kamieniec,pp_nav_00215,navigable,38
azia,pp_nav_00759,navigable,39
viviers,pp_nav_00408,improvable,23
chinon,pp_nav_00346,improvable,22
trevoux,pp_nav_00363,navigable,19
namgyeong,pp_nav_00484,navigable,32
namgyeong,pp_nav_00488,navigable,32
petrinja,pp_nav_00370,navigable,7
biala_podlaska,pp_nav_00221,navigable,23
hertogenbosch,pp_nav_00236,navigable,28
orange,pp_nav_00408,improvable,19
orange,pp_nav_00419,improvable,5
dobyaz,pp_nav_00150,navigable,34
quigualtam,pp_nav_00516,navigable,43
quigualtam,pp_nav_00518,navigable,84
branicevo,pp_nav_00405,navigable,71
branicevo,pp_nav_00411,navigable,11
gongan,pp_nav_00582,navigable,37
gongan,pp_nav_00592,navigable,8
hanguang,pp_nav_00665,navigable,13
ust_tsimla,pp_nav_00328,navigable,24
ust_tsimla,pp_nav_00338,navigable,42
tarnogsky_gorodok,pp_nav_00062,navigable,38
kovin,pp_nav_00405,navigable,18
kovin,pp_nav_00409,navigable,5
nudarcha,pp_nav_00450,navigable,90
nudarcha,pp_nav_00452,navigable,98
nudarcha,pp_nav_00454,navigable,77
nudarcha,pp_nav_00455,navigable,4
wiesbaden,pp_nav_00275,navigable,4
wiesbaden,pp_nav_00277,navigable,21
arnhem,pp_nav_00222,navigable,22
arnhem,pp_nav_00232,navigable,25
arnhem,pp_nav_00233,navigable,1
mongyang,pp_nav_00663,navigable,45
mongyang,pp_nav_00664,navigable,21
krasny_yar,pp_nav_00359,navigable,83
krasny_yar,pp_nav_00364,navigable,62
krasny_yar,pp_nav_00371,navigable,6
phnom_santuk,pp_nav_00732,improvable,25
phnom_santuk,pp_nav_00735,navigable,35
yenotayevka,pp_nav_00336,navigable,20
mohacs,pp_nav_00365,navigable,44
mohacs,pp_nav_00374,navigable,11
glogow,pp_nav_00229,navigable,2
glogow,pp_nav_00241,navigable,57
zolotonosha,pp_nav_00284,navigable,24
zolotonosha,pp_nav_00290,navigable,23
voghera,pp_nav_00389,navigable,5
ostiglia,pp_nav_00392,navigable,15
heilbronn,pp_nav_00297,navigable,30
romans,pp_nav_00372,navigable,4
romans,pp_nav_00383,navigable,23
potapoco,pp_nav_00467,navigable,8
xiangtan,pp_nav_00611,navigable,38
nebesek,pp_nav_00362,navigable,15
vyadhapura,pp_nav_00738,navigable,82
vyadhapura,pp_nav_00740,navigable,35
alytus,pp_nav_00170,navigable,13
linz,pp_nav_00317,navigable,54
linz,pp_nav_00323,improvable,9
saintes,pp_nav_00368,navigable,54
saintes,pp_nav_00373,navigable,2
shwegu,pp_nav_00663,navigable,22
shwegu,pp_nav_00664,navigable,44
shwegu,pp_nav_00669,navigable,11
ardatov,pp_nav_00157,navigable,44
ardatov,pp_nav_00167,navigable,15
hmawbi,pp_nav_00693,navigable,62
hmawbi,pp_nav_00694,navigable,13
ensisheim,pp_nav_00327,navigable,16
rastyapino,pp_nav_00127,navigable,9
rastyapino,pp_nav_00135,navigable,37
rastyapino,pp_nav_00138,navigable,39
lanxi,pp_nav_00595,navigable,13
rouen,pp_nav_00287,navigable,10
rouen,pp_nav_00288,improvable,29
hoxter,pp_nav_00228,improvable,24
meissen,pp_nav_00252,navigable,43
wimbee,pp_nav_00524,navigable,38
wimbee,pp_nav_00531,navigable,34
saukiog,pp_nav_00434,navigable,27
kolomna,pp_nav_00159,navigable,38
kolomna,pp_nav_00169,navigable,28
amersfoort,pp_nav_00231,navigable,18
amersfoort,pp_nav_00232,navigable,20
tilsit,pp_nav_00160,navigable,5
tilsit,pp_nav_00165,navigable,60
salaspils,pp_nav_00125,navigable,53
salaspils,pp_nav_00131,improvable,11
hatchie,pp_nav_00502,navigable,10
hatchie,pp_nav_00505,navigable,43
germersheim,pp_nav_00291,navigable,22
germersheim,pp_nav_00304,navigable,6
pontefract,pp_nav_00184,improvable,47
pontefract,pp_nav_00187,navigable,21
sena,pp_nav_00794,navigable,30
sena,pp_nav_00795,navigable,38
cambridge,pp_nav_00205,navigable,3
naserpur,pp_nav_00636,navigable,3
naserpur,pp_nav_00646,navigable,34
durham,pp_nav_00172,navigable,11
lynn,pp_nav_00205,navigable,50
bristol,pp_nav_00227,navigable,17
quelimane,pp_nav_00796,navigable,35
oreshek,pp_nav_00067,navigable,32
oreshek,pp_nav_00070,navigable,7
santarem,pp_nav_00451,navigable,30
djenne,pp_nav_00719,navigable,55
djenne,pp_nav_00723,navigable,33
jurong,pp_nav_00533,navigable,8
gaoyou,pp_nav_00520,navigable,12
gaoyou,pp_nav_00526,improvable,27
kubenskoye,pp_nav_00082,navigable,9
tboung_khmum,pp_nav_00735,navigable,49
banjar,pp_nav_00784,navigable,63
strasbourg,pp_nav_00304,navigable,19
strasbourg,pp_nav_00315,navigable,25
dagana,pp_nav_00702,navigable,92
dagana,pp_nav_00703,navigable,3
manmaw,pp_nav_00663,navigable,28
solt,pp_nav_00352,navigable,42
solt,pp_nav_00358,navigable,3
dzisna,pp_nav_00151,navigable,66
dzisna,pp_nav_00156,navigable,31
changshou_changshou,pp_nav_00599,navigable,13
doboj,pp_nav_00390,navigable,57
gaoyao,pp_nav_00676,improvable,56
gaoyao,pp_nav_00677,improvable,34
nochpeem,pp_nav_00432,navigable,16
nochpeem,pp_nav_00436,navigable,28
buckeburg,pp_nav_00220,improvable,23
buckeburg,pp_nav_00228,improvable,5
huangmei,pp_nav_00596,navigable,9
huangmei,pp_nav_00597,navigable,12
tybee,pp_nav_00524,navigable,23
tybee,pp_nav_00531,navigable,38
tybee,pp_nav_00534,navigable,41
basel,pp_nav_00327,navigable,12
komarom,pp_nav_00332,navigable,10
komarom,pp_nav_00334,navigable,6
komarom,pp_nav_00335,navigable,17
shakhty,pp_nav_00341,navigable,17
shakhty,pp_nav_00343,navigable,29
musi_hilir,pp_nav_00777,navigable,80
gottingen,pp_nav_00245,navigable,3
burg,pp_nav_00213,navigable,19
burg,pp_nav_00225,improvable,46
sagaing,pp_nav_00681,navigable,42
sagaing,pp_nav_00683,navigable,26
comacchio,pp_nav_00391,navigable,15
comacchio,pp_nav_00401,navigable,42
hachberg,pp_nav_00315,navigable,18
hachberg,pp_nav_00327,navigable,13
hanyang,pp_nav_00570,navigable,27
hanyang,pp_nav_00571,navigable,13
hanyang,pp_nav_00579,navigable,38
scharding,pp_nav_00311,navigable,11
scharding,pp_nav_00317,navigable,29
linxiang,pp_nav_00589,navigable,14
linxiang,pp_nav_00601,navigable,6
sinsheim,pp_nav_00289,navigable,25
sinsheim,pp_nav_00297,navigable,4
chimgi_tura,pp_nav_00121,navigable,60
chimgi_tura,pp_nav_00123,navigable,43
sens,pp_nav_00320,navigable,45
wittenberge,pp_nav_00198,navigable,44
bishan,pp_nav_00598,navigable,36
mantes,pp_nav_00298,improvable,22
mantes,pp_nav_00301,navigable,17
mantes,pp_nav_00305,navigable,26
crepy,pp_nav_00295,navigable,17
prayag,pp_nav_00640,navigable,1
prayag,pp_nav_00647,navigable,35
prayag,pp_nav_00651,navigable,33
chakangrao,pp_nav_00705,navigable,28
chakangrao,pp_nav_00709,navigable,15
beaujeu,pp_nav_00363,navigable,25
daye,pp_nav_00574,navigable,2
daye,pp_nav_00587,navigable,12
tournai,pp_nav_00263,navigable,25
malbork,pp_nav_00182,navigable,46
malbork,pp_nav_00186,navigable,14
dubrajpur,pp_nav_00667,navigable,9
corabia,pp_nav_00423,navigable,15
corabia,pp_nav_00425,navigable,44
bol_shaya_martynovka,pp_nav_00338,navigable,35
bol_shaya_martynovka,pp_nav_00341,navigable,1
bol_shaya_martynovka,pp_nav_00342,navigable,43
lom,pp_nav_00420,navigable,9
lom,pp_nav_00423,navigable,40
lebus,pp_nav_00201,navigable,3
lebus,pp_nav_00214,navigable,38
atishchevo,pp_nav_00144,navigable,26
atishchevo,pp_nav_00150,navigable,51
voskresenskoye,pp_nav_00136,navigable,18
nyuksenitsa,pp_nav_00054,navigable,26
nyuksenitsa,pp_nav_00056,navigable,96
nyuksenitsa,pp_nav_00062,navigable,32
wiccacon,pp_nav_00501,navigable,25
qianjiang,pp_nav_00567,navigable,33
aaboukingon,pp_nav_00479,navigable,18
aaboukingon,pp_nav_00480,navigable,54
aaboukingon,pp_nav_00483,navigable,3
huaining,pp_nav_00568,navigable,42
opatow,pp_nav_00259,navigable,12
opatow,pp_nav_00267,navigable,20
kreuznach,pp_nav_00275,navigable,9
kot_addu,pp_nav_00580,navigable,27
kot_addu,pp_nav_00594,navigable,1
chiramba,pp_nav_00792,navigable,16
chiramba,pp_nav_00793,navigable,49
chiramba,pp_nav_00794,navigable,17
tulamba,pp_nav_00565,navigable,14
tulamba,pp_nav_00573,navigable,36
tulamba,pp_nav_00575,navigable,11
shrewsbury,pp_nav_00212,navigable,42
kidderminster,pp_nav_00212,navigable,38
kalpi,pp_nav_00628,navigable,27
kalpi,pp_nav_00635,navigable,17
cuama,pp_nav_00797,navigable,23
cuama,pp_nav_00798,navigable,28
dadu,pp_nav_00447,navigable,42
nnewi,pp_nav_00757,navigable,18
nnewi,pp_nav_00759,navigable,6
ndar,pp_nav_00703,navigable,37
zuera,pp_nav_00435,navigable,26
goundam,pp_nav_00698,navigable,1
goundam,pp_nav_00704,navigable,28
maghana,pp_nav_00711,navigable,2
maghana,pp_nav_00714,navigable,10
verkhny_mamon,pp_nav_00266,navigable,48
verkhny_mamon,pp_nav_00273,navigable,51
verkhny_mamon,pp_nav_00276,navigable,16
baoying,pp_nav_00520,navigable,53
mayen,pp_nav_00264,navigable,23
mayen,pp_nav_00270,improvable,35
sumgut_vosh,pp_nav_00017,navigable,2
sumgut_vosh,pp_nav_00020,navigable,41
sumgut_vosh,pp_nav_00022,navigable,15
winsen,pp_nav_00189,navigable,34
baja_hungary,pp_nav_00358,navigable,33
baja_hungary,pp_nav_00365,navigable,1
chateau_thierry,pp_nav_00302,navigable,33
zemlyansk,pp_nav_00238,navigable,19
chepoussa,pp_nav_00473,navigable,11
chepoussa,pp_nav_00478,navigable,81
chepoussa,pp_nav_00486,navigable,71
taihe_taihe,pp_nav_00619,navigable,34
taihe_taihe,pp_nav_00624,improvable,19
belgrad,pp_nav_00402,navigable,6
belgrad,pp_nav_00403,navigable,44
sokolow,pp_nav_00209,navigable,19
sokolow,pp_nav_00211,navigable,42
dubica,pp_nav_00370,navigable,5
dubica,pp_nav_00377,navigable,34
bratislava,pp_nav_00325,navigable,9
balakovo,pp_nav_00223,navigable,45
balakovo,pp_nav_00230,navigable,17
sanlorenzo,pp_nav_00424,navigable,15
sanlorenzo,pp_nav_00428,navigable,11
pescia,pp_nav_00424,navigable,11
pescia,pp_nav_00426,navigable,13
gorokhovets,pp_nav_00138,navigable,9
gorokhovets,pp_nav_00143,navigable,28
wuqing,pp_nav_00447,navigable,7
wuqing,pp_nav_00448,navigable,56
shuyskoye,pp_nav_00077,navigable,80
shuyskoye,pp_nav_00079,navigable,10
luxian,pp_nav_00447,navigable,48
tindirma,pp_nav_00704,navigable,44
tindirma,pp_nav_00707,navigable,62
mologa,pp_nav_00099,navigable,16
mologa,pp_nav_00103,navigable,25
bereznik,pp_nav_00025,navigable,1
vysokoye,pp_nav_00159,navigable,17
nizhny_novgorod,pp_nav_00127,navigable,2
nizhny_novgorod,pp_nav_00135,navigable,49
nizhny_novgorod,pp_nav_00137,navigable,45
korneuburg,pp_nav_00322,navigable,32
korneuburg,pp_nav_00326,navigable,2
horoshino,pp_nav_00290,navigable,25
horoshino,pp_nav_00300,navigable,7
etampes,pp_nav_00312,navigable,11
uglich,pp_nav_00103,navigable,47
uglich,pp_nav_00116,navigable,33
lingzhou_dezhou,pp_nav_00485,navigable,8
lingzhou_dezhou,pp_nav_00493,navigable,10
zielona_gora,pp_nav_00226,navigable,4
zielona_gora,pp_nav_00229,navigable,61
wittlich,pp_nav_00274,navigable,38
muskingum,pp_nav_00446,navigable,32
muskingum,pp_nav_00449,navigable,48
muskingum,pp_nav_00453,navigable,5
tournon,pp_nav_00372,navigable,14
tournon,pp_nav_00383,navigable,30
yacupipizote,pp_nav_00756,navigable,16
yacupipizote,pp_nav_00758,navigable,44
saponi,pp_nav_00496,navigable,48
wushan,pp_nav_00558,improvable,65
tetamekanch,pp_nav_00445,navigable,18
tata,pp_nav_00332,navigable,6
tata,pp_nav_00334,navigable,5
tata,pp_nav_00335,navigable,19
andawaohie,pp_nav_00355,navigable,22
andawaohie,pp_nav_00360,navigable,9
bage,pp_nav_00356,navigable,26
bage,pp_nav_00363,navigable,3
sochaczew,pp_nav_00216,navigable,3
sochaczew,pp_nav_00219,navigable,25
treuenbrietzen,pp_nav_00208,navigable,14
treuenbrietzen,pp_nav_00217,navigable,10
treuenbrietzen,pp_nav_00218,navigable,20
deventer,pp_nav_00210,improvable,21
deventer,pp_nav_00222,navigable,16
cernavoda,pp_nav_00406,navigable,29
cernavoda,pp_nav_00415,navigable,20
rechnoye,pp_nav_00336,navigable,3
rechnoye,pp_nav_00348,navigable,86
duchang,pp_nav_00602,navigable,10
wesel,pp_nav_00242,navigable,45
wesel,pp_nav_00251,navigable,5
chupanga,pp_nav_00795,navigable,10
chupanga,pp_nav_00797,navigable,25
mopeia,pp_nav_00795,navigable,31
mopeia,pp_nav_00797,navigable,9
uch,pp_nav_00594,navigable,5
uch,pp_nav_00605,navigable,16
kandiaro,pp_nav_00617,navigable,11
kandiaro,pp_nav_00621,navigable,50
kandiaro,pp_nav_00626,navigable,9
tete,pp_nav_00791,navigable,48
sanlucar_la_mayor,pp_nav_00487,navigable,19
sanlucar_la_mayor,pp_nav_00491,improvable,7
setubal,pp_nav_00451,navigable,16
kabara,pp_nav_00698,navigable,68
kabara,pp_nav_00704,navigable,18
xiapi,pp_nav_00514,navigable,73
peixian,pp_nav_00510,navigable,52
peixian,pp_nav_00513,navigable,23
phayuhakhiri,pp_nav_00705,navigable,42
phayuhakhiri,pp_nav_00709,navigable,46
phayuhakhiri,pp_nav_00713,navigable,2
visesav,pp_nav_00410,navigable,60
visesav,pp_nav_00414,navigable,32
tutrakan,pp_nav_00417,navigable,31
jangipur,pp_nav_00655,navigable,3
jangipur,pp_nav_00661,navigable,50
tamluk,pp_nav_00680,navigable,3
bulbancha,pp_nav_00585,navigable,71
bulbancha,pp_nav_00591,navigable,96
bulbancha,pp_nav_00593,navigable,11
siegburg,pp_nav_00258,navigable,7
siegburg,pp_nav_00264,navigable,16
bykovo,pp_nav_00271,navigable,14
bykovo,pp_nav_00281,navigable,50
bykovo,pp_nav_00294,navigable,25
gualeguay,pp_nav_00811,navigable,9
gualeguay,pp_nav_00814,navigable,48
gualeguay,pp_nav_00816,navigable,48
gualeguay,pp_nav_00819,navigable,8
paru,pp_nav_00767,navigable,37
nanhai,pp_nav_00676,improvable,29
nanhai,pp_nav_00679,navigable,13
zakroczym,pp_nav_00215,navigable,27
zakroczym,pp_nav_00219,navigable,20
thien_truong,pp_nav_00686,navigable,11
thien_truong,pp_nav_00688,navigable,24
chandrabad,pp_nav_00661,navigable,33
chandrabad,pp_nav_00667,navigable,50
marmande,pp_nav_00400,navigable,8
marmande,pp_nav_00412,navigable,40
yangju,pp_nav_00488,navigable,12
cegani,pp_nav_00406,navigable,12
cegani,pp_nav_00415,navigable,34
fehervar,pp_nav_00337,navigable,22
fehervar,pp_nav_00352,navigable,4
charquis,pp_nav_00489,navigable,4
charquis,pp_nav_00494,navigable,56
charquis,pp_nav_00495,navigable,9
charquis,pp_nav_00498,navigable,59
pocosin,pp_nav_00504,navigable,24
pocosin,pp_nav_00506,navigable,9
osterburg,pp_nav_00198,navigable,19
osterburg,pp_nav_00204,navigable,14
gichthanne,pp_nav_00476,improvable,39
gichthanne,pp_nav_00477,navigable,46
gichthanne,pp_nav_00479,navigable,43
gichthanne,pp_nav_00480,navigable,14
gichthanne,pp_nav_00481,navigable,9
ahkwesasne,pp_nav_00375,improvable,21
ahkwesasne,pp_nav_00381,improvable,31
thang_long,pp_nav_00686,navigable,19
kaisou,pp_nav_00515,navigable,17
huanggang,pp_nav_00570,navigable,11
huanggang,pp_nav_00574,navigable,38
ficarolo,pp_nav_00392,navigable,36
ficarolo,pp_nav_00395,navigable,31
ficarolo,pp_nav_00399,navigable,7
wislica,pp_nav_00267,navigable,25
wislica,pp_nav_00272,navigable,52
velyka_oleksandrivka,pp_nav_00344,navigable,47
velyka_oleksandrivka,pp_nav_00353,navigable,8
kleve,pp_nav_00233,navigable,32
kleve,pp_nav_00242,navigable,26
bacs,pp_nav_00374,navigable,56
bacs,pp_nav_00379,navigable,23
flix,pp_nav_00437,improvable,18
flix,pp_nav_00438,improvable,45
rohat_kermen,pp_nav_00353,navigable,28
radom,pp_nav_00237,navigable,13
shizhu,pp_nav_00577,navigable,14
atchafalaya,pp_nav_00566,navigable,9
atchafalaya,pp_nav_00585,navigable,27
castellaun,pp_nav_00270,improvable,11
castellaun,pp_nav_00274,navigable,38
timbuktu,pp_nav_00698,navigable,6
dogo,pp_nav_00710,navigable,13
ciechanow,pp_nav_00216,navigable,20
ciechanow,pp_nav_00219,navigable,5
kaunas,pp_nav_00170,navigable,18
baden,pp_nav_00304,navigable,29
sisak,pp_nav_00370,navigable,37
harsova,pp_nav_00382,navigable,9
harsova,pp_nav_00406,navigable,26
mamadysh,pp_nav_00155,navigable,44
mamadysh,pp_nav_00158,navigable,2
perg,pp_nav_00323,improvable,24
perg,pp_nav_00324,navigable,3
sabac,pp_nav_00398,navigable,28
sabac,pp_nav_00402,navigable,20
titel,pp_nav_00379,navigable,17
nogent_sur_seine,pp_nav_00320,navigable,24
dhubri,pp_nav_00631,navigable,17
dhubri,pp_nav_00637,navigable,35
braila,pp_nav_00378,navigable,18
braila,pp_nav_00382,navigable,22
isaccea,pp_nav_00378,navigable,40
isaccea,pp_nav_00380,navigable,18
roermond,pp_nav_00244,navigable,3
roermond,pp_nav_00253,navigable,36
krosno_odrzanskie,pp_nav_00226,navigable,48
htigyaing,pp_nav_00664,navigable,1
htigyaing,pp_nav_00669,navigable,43
masolian,pp_nav_00362,navigable,21
masolian,pp_nav_00366,improvable,12
atiya,pp_nav_00658,navigable,36
atiya,pp_nav_00666,navigable,6
malykovka,pp_nav_00223,navigable,32
malykovka,pp_nav_00230,navigable,21
trier,pp_nav_00274,navigable,9
trier,pp_nav_00282,navigable,17
freienwalde,pp_nav_00201,navigable,31
dubna,pp_nav_00122,navigable,32
dubna,pp_nav_00130,navigable,49
phnom_penh,pp_nav_00734,navigable,3
phnom_penh,pp_nav_00737,navigable,42
phnom_penh,pp_nav_00738,navigable,1
kumylzhenskaya,pp_nav_00285,navigable,8
kumylzhenskaya,pp_nav_00286,navigable,18
tczew,pp_nav_00182,navigable,16
solingen,pp_nav_00251,navigable,4
solingen,pp_nav_00258,navigable,32
luchow,pp_nav_00198,navigable,15
pavlovo,pp_nav_00143,navigable,10
konstantinovsk,pp_nav_00341,navigable,38
konstantinovsk,pp_nav_00342,navigable,1
sampheak_borak,pp_nav_00725,barrier,17
sampheak_borak,pp_nav_00732,improvable,20
tensas,pp_nav_00527,navigable,27
tensas,pp_nav_00536,navigable,32
torzym,pp_nav_00214,navigable,48
torzym,pp_nav_00226,navigable,15
dijkot,pp_nav_00556,navigable,30
dijkot,pp_nav_00565,navigable,1
makanpur,pp_nav_00628,navigable,34
omerkot,pp_nav_00606,navigable,45
omerkot,pp_nav_00610,navigable,20
muhammad_tur,pp_nav_00657,navigable,37
muhammad_tur,pp_nav_00662,navigable,50
arrah,pp_nav_00641,navigable,30
arrah,pp_nav_00642,navigable,12
krakow,pp_nav_00278,navigable,11
wanar,pp_nav_00724,navigable,19
sutuko,pp_nav_00729,navigable,66
sutuko,pp_nav_00730,navigable,41
dia,pp_nav_00718,navigable,72
dia,pp_nav_00719,navigable,10
dia,pp_nav_00720,navigable,26
kaedi,pp_nav_00706,navigable,15
kaedi,pp_nav_00708,navigable,5
wujiang_yingtian,pp_nav_00539,navigable,23
zimnicea,pp_nav_00422,navigable,11
zimnicea,pp_nav_00427,navigable,33
wuxian,pp_nav_00542,navigable,36
wuxian,pp_nav_00552,navigable,15
guichi,pp_nav_00557,navigable,21
guichi,pp_nav_00568,navigable,30
xiaoshan,pp_nav_00586,navigable,21
woking,pp_nav_00248,improvable,19
riga,pp_nav_00125,navigable,38
gigen,pp_nav_00425,navigable,24
lower_aktanyshbash,pp_nav_00146,navigable,10
selpils,pp_nav_00133,improvable,48
selpils,pp_nav_00134,navigable,31
cognac,pp_nav_00369,navigable,55
cognac,pp_nav_00373,navigable,26
beaugency,pp_nav_00333,navigable,34
meshchersk,pp_nav_00135,navigable,18
meshchersk,pp_nav_00138,navigable,66
meshchersk,pp_nav_00143,navigable,13
raznezhye,pp_nav_00136,navigable,3
raznezhye,pp_nav_00140,navigable,47
raznezhye,pp_nav_00142,navigable,30
nimes,pp_nav_00419,improvable,11
korenevo,pp_nav_00119,navigable,27
angermunde,pp_nav_00193,navigable,9
angermunde,pp_nav_00201,navigable,30
starodub_votsky,pp_nav_00143,navigable,55
starodub_votsky,pp_nav_00148,navigable,44
kanel,pp_nav_00708,navigable,8
kanel,pp_nav_00711,navigable,32
dusseldorf,pp_nav_00251,navigable,30
urzedow,pp_nav_00250,navigable,4
urzedow,pp_nav_00259,navigable,31
voznesenskoye,pp_nav_00028,navigable,9
voznesenskoye,pp_nav_00029,navigable,47
voznesenskoye,pp_nav_00031,navigable,26
hamelin,pp_nav_00220,improvable,4
hamelin,pp_nav_00228,improvable,38
bremen,pp_nav_00197,navigable,28
deping,pp_nav_00485,navigable,3
futian,pp_nav_00619,navigable,16
tywhapita,pp_nav_00476,improvable,20
tywhapita,pp_nav_00477,navigable,39
tywhapita,pp_nav_00479,navigable,39
tywhapita,pp_nav_00481,navigable,11
riverie,pp_nav_00372,navigable,19
ushachy,pp_nav_00151,navigable,6
ushachy,pp_nav_00156,navigable,47
ushachy,pp_nav_00161,navigable,4
gisors,pp_nav_00298,improvable,39
novgorod,pp_nav_00087,navigable,1
novgorod,pp_nav_00091,navigable,12
kamyshin,pp_nav_00265,navigable,23
kamyshin,pp_nav_00271,navigable,54
kamyshin,pp_nav_00281,navigable,16
samorin,pp_nav_00325,navigable,18
samorin,pp_nav_00332,navigable,18
asvieja,pp_nav_00149,navigable,18
asvieja,pp_nav_00151,navigable,23
wachilmezi,pp_nav_00355,navigable,27
wachilmezi,pp_nav_00360,navigable,10
stezyca,pp_nav_00237,navigable,44
stezyca,pp_nav_00250,navigable,20
machecoul,pp_nav_00347,navigable,15
machecoul,pp_nav_00351,navigable,20
muktagacha,pp_nav_00645,navigable,47
muktagacha,pp_nav_00658,navigable,17
czersk,pp_nav_00224,navigable,63
czersk,pp_nav_00237,navigable,27
guastalla,pp_nav_00392,navigable,43
guastalla,pp_nav_00394,navigable,28
guastalla,pp_nav_00395,navigable,35
vekshenga,pp_nav_00074,navigable,60
vekshenga,pp_nav_00079,navigable,10
lyuban,pp_nav_00076,navigable,25
vasilsursk,pp_nav_00136,navigable,19
vasilsursk,pp_nav_00140,navigable,14
mengli,pp_nav_00659,navigable,33
bolghar,pp_nav_00158,navigable,6
bolghar,pp_nav_00162,navigable,51
bolghar,pp_nav_00164,navigable,59
bolghar,pp_nav_00175,navigable,4
myshuryn_rih,pp_nav_00306,navigable,39
myshuryn_rih,pp_nav_00313,improvable,33
giurgiu,pp_nav_00417,navigable,21
giurgiu,pp_nav_00422,navigable,41
casalmaggiore,pp_nav_00394,navigable,24
ogeechee,pp_nav_00521,navigable,7
ogeechee,pp_nav_00524,navigable,23
luneburg,pp_nav_00189,navigable,4
luneburg,pp_nav_00194,navigable,13
yusha,pp_nav_00567,navigable,3
yusha,pp_nav_00571,navigable,13
yusha,pp_nav_00578,navigable,31
rashid,pp_nav_00548,navigable,15
rashid,pp_nav_00553,navigable,15
damietta,pp_nav_00549,navigable,26
giza,pp_nav_00576,navigable,24
giza,pp_nav_00588,navigable,37
shangyuan,pp_nav_00533,navigable,47
shangyuan,pp_nav_00539,navigable,14
aizkraukle,pp_nav_00131,improvable,70
aizkraukle,pp_nav_00133,improvable,16
oudenaarde,pp_nav_00260,navigable,55
oudenaarde,pp_nav_00263,navigable,16
jingling,pp_nav_00550,navigable,6
jingling,pp_nav_00567,navigable,46
jingling,pp_nav_00578,navigable,26
dannenberg,pp_nav_00194,navigable,82
dannenberg,pp_nav_00198,navigable,22
bagayevskaya,pp_nav_00343,navigable,35
bagayevskaya,pp_nav_00350,navigable,1
tarascon,pp_nav_00419,improvable,18
sroda_slaska,pp_nav_00249,navigable,20
sroda_slaska,pp_nav_00256,navigable,6
jiangling,pp_nav_00581,navigable,4
jiangling,pp_nav_00582,navigable,58
jiangling,pp_nav_00592,navigable,5
onimgohow,pp_nav_00446,navigable,9
onimgohow,pp_nav_00449,navigable,52
onimgohow,pp_nav_00453,navigable,9
chojna,pp_nav_00193,navigable,14
chojna,pp_nav_00201,navigable,59
chojna,pp_nav_00214,navigable,18
swiecie,pp_nav_00186,navigable,17
swiecie,pp_nav_00192,navigable,23
ust_medveditskaya,pp_nav_00285,navigable,6
ust_medveditskaya,pp_nav_00286,navigable,42
geertruidenberg,pp_nav_00236,navigable,14
geertruidenberg,pp_nav_00243,navigable,64
amyint,pp_nav_00683,navigable,20
amyint,pp_nav_00684,navigable,23
srok_khleang,pp_nav_00742,navigable,28
srok_khleang,pp_nav_00744,navigable,35
shishou,pp_nav_00592,navigable,60
khosheutovo,pp_nav_00348,navigable,10
khosheutovo,pp_nav_00354,navigable,94
khosheutovo,pp_nav_00359,navigable,15
chucalissa,pp_nav_00505,navigable,8
chucalissa,pp_nav_00508,navigable,53
chucalissa,pp_nav_00511,navigable,1
weert,pp_nav_00253,navigable,18
dala,pp_nav_00694,navigable,11
sanshui,pp_nav_00671,navigable,34
sanshui,pp_nav_00676,improvable,10
lopburi,pp_nav_00713,navigable,28
lopburi,pp_nav_00717,navigable,45
sungai_jujuhan,pp_nav_00764,navigable,77
sungai_jujuhan,pp_nav_00765,navigable,6
ekwentondie,pp_nav_00360,navigable,49
ekwentondie,pp_nav_00362,navigable,7
hoya,pp_nav_00197,navigable,33
hoya,pp_nav_00203,navigable,7
bruck_leitha,pp_nav_00322,navigable,8
bruck_leitha,pp_nav_00325,navigable,25
bruck_leitha,pp_nav_00326,navigable,7
mora_portugal,pp_nav_00451,navigable,4
bielefeld,pp_nav_00220,improvable,6
pursat,pp_nav_00731,navigable,1
chamo,pp_nav_00794,navigable,19
chamo,pp_nav_00795,navigable,26
hull,pp_nav_00187,navigable,2
rath,pp_nav_00635,navigable,26
ely,pp_nav_00205,navigable,2
chunar,pp_nav_00643,navigable,5
chunar,pp_nav_00648,navigable,47
chunar,pp_nav_00656,navigable,14
hala,pp_nav_00636,navigable,39
tankular,pp_nav_00727,navigable,13
ugbodu,pp_nav_00754,navigable,2
ugbodu,pp_nav_00757,navigable,53
warri,pp_nav_00759,navigable,30
warri,pp_nav_00760,navigable,48
matam,pp_nav_00708,navigable,26
matam,pp_nav_00711,navigable,18
segou,pp_nav_00722,navigable,5
segou,pp_nav_00726,navigable,93
luhe,pp_nav_00533,navigable,14
xuzhou,pp_nav_00513,navigable,75
xuzhou,pp_nav_00514,navigable,15
rangpur_bengal,pp_nav_00637,navigable,10
rangpur_bengal,pp_nav_00645,navigable,21
shadodkot,pp_nav_00617,navigable,44
kabachischi,pp_nav_00141,navigable,2
kabachischi,pp_nav_00144,navigable,48
kabachischi,pp_nav_00150,navigable,8
nytva,pp_nav_00096,navigable,67
nytva,pp_nav_00101,navigable,51
curuai,pp_nav_00772,navigable,17
curuai,pp_nav_00773,navigable,62
curuai,pp_nav_00774,navigable,6
curuai,pp_nav_00779,navigable,2
frankfurt,pp_nav_00277,navigable,11
kaesong,pp_nav_00484,navigable,17
jinkang,pp_nav_00677,improvable,34
tarnow,pp_nav_00267,navigable,15
tarnow,pp_nav_00272,navigable,8
gwangju,pp_nav_00488,navigable,32
kargasok,pp_nav_00085,navigable,22
kargasok,pp_nav_00088,navigable,44
xindi,pp_nav_00579,navigable,22
xindi,pp_nav_00589,navigable,66
xindi,pp_nav_00601,navigable,6
calafat,pp_nav_00420,navigable,38
calafat,pp_nav_00423,navigable,11
kletskaya,pp_nav_00286,navigable,8
kletskaya,pp_nav_00296,navigable,16
indrapura_khmer,pp_nav_00734,navigable,37
indrapura_khmer,pp_nav_00735,navigable,13
indrapura_khmer,pp_nav_00736,navigable,48
indrapura_khmer,pp_nav_00737,navigable,20
buda,pp_nav_00334,navigable,15
buda,pp_nav_00337,navigable,29
fuwa_mino,pp_nav_00509,navigable,2
hukou,pp_nav_00596,navigable,24
nazym,pp_nav_00026,navigable,30
nazym,pp_nav_00027,navigable,98
nazym,pp_nav_00030,navigable,40
esztergom,pp_nav_00334,navigable,58
kelheim,pp_nav_00303,navigable,14
libourne,pp_nav_00393,navigable,33
libourne,pp_nav_00400,navigable,14
pengze,pp_nav_00583,navigable,30
pengze,pp_nav_00596,navigable,3
sarapul,pp_nav_00126,navigable,5
sarapul,pp_nav_00132,navigable,48
sarapul,pp_nav_00139,navigable,48
sarapul,pp_nav_00146,navigable,47
sarapul,pp_nav_00147,navigable,14
samauma,pp_nav_00768,navigable,40
songzi,pp_nav_00564,navigable,11
songzi,pp_nav_00581,navigable,47
yelovo,pp_nav_00124,navigable,66
yelovo,pp_nav_00126,navigable,16
ganxian,pp_nav_00629,improvable,69
youxi,pp_nav_00627,improvable,25
cahokia,pp_nav_00465,navigable,10
fengdu,pp_nav_00577,navigable,9
fengdu,pp_nav_00590,navigable,47
pontedera,pp_nav_00424,navigable,4
pontedera,pp_nav_00426,navigable,9
simmern,pp_nav_00270,improvable,5
simmern,pp_nav_00275,navigable,15
mors,pp_nav_00242,navigable,24
mors,pp_nav_00251,navigable,6
laish,pp_nav_00162,navigable,44
ethapetha,pp_nav_00453,navigable,37
ethapetha,pp_nav_00462,navigable,52
ethapetha,pp_nav_00474,navigable,22
ust_pinega,pp_nav_00016,navigable,8
macaregua,pp_nav_00753,navigable,12
doeg,pp_nav_00460,navigable,63
doeg,pp_nav_00467,navigable,11
osa,pp_nav_00117,navigable,22
liaocheng,pp_nav_00499,navigable,63
liaocheng,pp_nav_00503,improvable,3
nehantuck,pp_nav_00434,navigable,77
maastricht,pp_nav_00253,navigable,14
maastricht,pp_nav_00262,navigable,6
leko,pp_nav_00782,navigable,14
loigan_sibo,pp_nav_00362,navigable,29
loigan_sibo,pp_nav_00366,improvable,32
mantova,pp_nav_00392,navigable,25
mantova,pp_nav_00394,navigable,12
walalde,pp_nav_00700,navigable,39
walalde,pp_nav_00701,navigable,46
tamaroa,pp_nav_00465,navigable,86
tamaroa,pp_nav_00468,navigable,7
tamaroa,pp_nav_00471,navigable,70
tamaroa,pp_nav_00473,navigable,41
turnu_magurele,pp_nav_00425,navigable,4
turnu_magurele,pp_nav_00427,navigable,16
chaumont_vexin,pp_nav_00301,navigable,31
lodi,pp_nav_00388,navigable,14
monselice,pp_nav_00387,navigable,8
nienburg,pp_nav_00203,navigable,75
salay,pp_nav_00685,navigable,18
salay,pp_nav_00687,navigable,27
blois,pp_nav_00333,navigable,32
blois,pp_nav_00339,improvable,34
mielnik,pp_nav_00211,navigable,4
mielnik,pp_nav_00221,navigable,42
abrahamtelke,pp_nav_00337,navigable,21
abrahamtelke,pp_nav_00352,navigable,13
damanhur,pp_nav_00548,navigable,31
damanhur,pp_nav_00553,navigable,49
damanhur,pp_nav_00561,navigable,20
mansoura,pp_nav_00549,navigable,32
mansoura,pp_nav_00563,navigable,15
atfih,pp_nav_00588,navigable,45
atfih,pp_nav_00603,navigable,15
qus,pp_nav_00633,navigable,18
qus,pp_nav_00639,navigable,14
qena,pp_nav_00625,navigable,20
qena,pp_nav_00633,navigable,32
qena,pp_nav_00634,navigable,11
nantes,pp_nav_00347,navigable,44
nantes,pp_nav_00351,navigable,8
baghdad,pp_nav_00523,navigable,22
dayr_aqul,pp_nav_00523,navigable,47
dayr_aqul,pp_nav_00525,navigable,48
dayr_aqul,pp_nav_00528,navigable,27
dayr_aqul,pp_nav_00529,navigable,18
abdas,pp_nav_00538,navigable,23
abdas,pp_nav_00543,navigable,45
abdas,pp_nav_00554,navigable,11
lyskovo,pp_nav_00140,navigable,37
lyskovo,pp_nav_00142,navigable,58
chelmno,pp_nav_00186,navigable,12
chelmno,pp_nav_00192,navigable,39
kazym,pp_nav_00020,navigable,32
syanno,pp_nav_00163,navigable,28
bensheim,pp_nav_00280,navigable,25
oppenheim,pp_nav_00280,navigable,12
chowanoke,pp_nav_00501,navigable,2
chowanoke,pp_nav_00504,navigable,49
chowanoke,pp_nav_00506,navigable,6
einbeck,pp_nav_00228,improvable,4
bazas,pp_nav_00404,navigable,24
bazas,pp_nav_00412,navigable,34
gaur,pp_nav_00655,navigable,29
gaur,pp_nav_00661,navigable,11
nijmegen,pp_nav_00232,navigable,15
nijmegen,pp_nav_00233,navigable,32
tamalameque,pp_nav_00746,navigable,7
kashin,pp_nav_00116,navigable,63
kashin,pp_nav_00122,navigable,34
otennienontant,pp_nav_00375,improvable,17
otennienontant,pp_nav_00381,improvable,17
lauenburg,pp_nav_00189,navigable,11
lauenburg,pp_nav_00194,navigable,7
pabna,pp_nav_00666,navigable,25
tver,pp_nav_00129,navigable,39
ath,pp_nav_00263,navigable,12
wloclawek,pp_nav_00200,navigable,3
wloclawek,pp_nav_00206,navigable,28
ryazan,pp_nav_00174,navigable,4
ryazan,pp_nav_00178,navigable,37
namur,pp_nav_00268,navigable,40
srebrenik,pp_nav_00390,navigable,9
srebrenik,pp_nav_00396,navigable,51
palembang,pp_nav_00777,navigable,22
palembang,pp_nav_00782,navigable,26
palembang,pp_nav_00783,navigable,68
ballia,pp_nav_00641,navigable,45
varanasi,pp_nav_00648,navigable,39
varanasi,pp_nav_00653,navigable,24
varanasi,pp_nav_00656,navigable,15
jaranwala,pp_nav_00556,navigable,14
kashmore,pp_nav_00610,navigable,29
kashmore,pp_nav_00614,navigable,29
lisbon,pp_nav_00451,navigable,15
york,pp_nav_00184,improvable,15
windsor,pp_nav_00247,navigable,36
windsor,pp_nav_00248,improvable,5
etawah,pp_nav_00622,navigable,14
etawah,pp_nav_00623,navigable,89
etawah,pp_nav_00628,navigable,7
kantit,pp_nav_00653,navigable,32
kantit,pp_nav_00656,navigable,7
massanza,pp_nav_00791,navigable,11
massangano,pp_nav_00791,navigable,2
massangano,pp_nav_00792,navigable,31
konch,pp_nav_00623,navigable,9
konch,pp_nav_00628,navigable,26
ozoro,pp_nav_00757,navigable,13
ozoro,pp_nav_00759,navigable,25
bourem,pp_nav_00695,navigable,25
bourem,pp_nav_00696,navigable,81
mandisobi,pp_nav_00810,navigable,99
mandisobi,pp_nav_00811,navigable,54
macina,pp_nav_00720,navigable,70
macina,pp_nav_00722,navigable,17
gourma_rharous,pp_nav_00697,navigable,66
gourma_rharous,pp_nav_00698,navigable,27
yingde,pp_nav_00659,navigable,28
yingde,pp_nav_00665,navigable,66
nizhny_chir,pp_nav_00310,navigable,25
nizhny_chir,pp_nav_00316,navigable,65
jiangning,pp_nav_00539,navigable,15
taixing,pp_nav_00532,improvable,21
taixing,pp_nav_00540,navigable,8
lichiresti,pp_nav_00415,navigable,13
lichiresti,pp_nav_00417,navigable,29
taoyuan_huaian,pp_nav_00517,navigable,21
taoyuan_huaian,pp_nav_00519,improvable,12
jiande,pp_nav_00595,navigable,50
tarrana,pp_nav_00561,navigable,12
tarrana,pp_nav_00576,navigable,24
kansas,pp_nav_00454,navigable,19
kansas,pp_nav_00458,navigable,101
kansas,pp_nav_00459,navigable,16
badong,pp_nav_00558,improvable,16
badong,pp_nav_00559,improvable,24
bergen_zoom,pp_nav_00243,navigable,4
tavdinsky_sloboda,pp_nav_00104,navigable,7
tavdinsky_sloboda,pp_nav_00110,navigable,22
tavdinsky_sloboda,pp_nav_00118,navigable,25
tavdinsky_sloboda,pp_nav_00121,navigable,36
solovtsovo,pp_nav_00199,navigable,32
inowroclaw,pp_nav_00200,navigable,42
cuttawba,pp_nav_00456,navigable,44
cuttawba,pp_nav_00457,navigable,49
cuttawba,pp_nav_00464,navigable,56
cuttawba,pp_nav_00469,improvable,19
cahors,pp_nav_00413,navigable,44
chalon_sur_saone,pp_nav_00356,navigable,23
jekabpils,pp_nav_00133,improvable,16
jekabpils,pp_nav_00134,navigable,45
kurmysh,pp_nav_00140,navigable,7
brie_comte_robert,pp_nav_00307,navigable,12
brie_comte_robert,pp_nav_00308,navigable,29
brie_comte_robert,pp_nav_00312,navigable,19
dagon,pp_nav_00694,navigable,42
lewekeomi,pp_nav_00469,improvable,28
lewekeomi,pp_nav_00476,improvable,30
chyormoz,pp_nav_00086,navigable,23
chyormoz,pp_nav_00093,navigable,45
chyormoz,pp_nav_00096,navigable,7
vienne,pp_nav_00372,navigable,64
lyubichi,pp_nav_00169,navigable,22
lyubichi,pp_nav_00174,navigable,41
abingdon,pp_nav_00247,navigable,3
karymkary,pp_nav_00024,navigable,68
karymkary,pp_nav_00026,navigable,66
naga,pp_nav_00515,navigable,37
romang,pp_nav_00807,navigable,58
romang,pp_nav_00808,navigable,94
gurupatuba,pp_nav_00770,navigable,29
gurupatuba,pp_nav_00775,navigable,25
fengjie,pp_nav_00558,improvable,15
fengjie,pp_nav_00560,improvable,38
nakajima,pp_nav_00509,navigable,15
shilovo,pp_nav_00177,navigable,5
shilovo,pp_nav_00180,navigable,7
shilovo,pp_nav_00183,navigable,12
shayang,pp_nav_00550,navigable,15
shayang,pp_nav_00567,navigable,12
bjelovar,pp_nav_00370,navigable,15
miory,pp_nav_00149,navigable,11
miory,pp_nav_00151,navigable,7
vasyugan,pp_nav_00085,navigable,37
memel,pp_nav_00160,navigable,1
puqi,pp_nav_00589,navigable,12
thatta,pp_nav_00646,navigable,7
thatta,pp_nav_00657,navigable,29
barpeta,pp_nav_00631,navigable,9
barpeta,pp_nav_00632,navigable,9
aksay,pp_nav_00316,navigable,26
aksay,pp_nav_00328,navigable,1
srednyaya_akhtuba,pp_nav_00294,navigable,25
srednyaya_akhtuba,pp_nav_00309,navigable,83
srednyaya_akhtuba,pp_nav_00314,navigable,53
adshusheer,pp_nav_00497,navigable,16
adshusheer,pp_nav_00500,navigable,4
upper_ob,pp_nav_00052,navigable,37
upper_ob,pp_nav_00055,navigable,98
upper_ob,pp_nav_00060,navigable,96
upper_ob,pp_nav_00063,navigable,96
upper_ob,pp_nav_00066,navigable,92
upper_ob,pp_nav_00073,navigable,96
upper_ob,pp_nav_00081,navigable,94
upper_ob,pp_nav_00083,navigable,96
upper_ob,pp_nav_00085,navigable,46
upper_ob,pp_nav_00088,navigable,13
gostynin,pp_nav_00206,navigable,4
gostynin,pp_nav_00216,navigable,12
annaburg,pp_nav_00240,navigable,20
annaburg,pp_nav_00252,navigable,39
qingyuan,pp_nav_00665,navigable,13
qingyuan,pp_nav_00671,navigable,59
kanawha,pp_nav_00453,navigable,43
kanawha,pp_nav_00462,navigable,59
kanawha,pp_nav_00474,navigable,9
cherdakly,pp_nav_00175,navigable,15
cherdakly,pp_nav_00179,navigable,48
cherdakly,pp_nav_00185,navigable,37
curumanao,pp_nav_00746,navigable,50
monchengladbach,pp_nav_00244,navigable,2
assunpink,pp_nav_00445,navigable,28
meherrin,pp_nav_00497,navigable,8
meherrin,pp_nav_00500,navigable,25
landau,pp_nav_00303,navigable,9
landau,pp_nav_00311,navigable,44
delmenhorst,pp_nav_00197,navigable,22
melun,pp_nav_00312,navigable,58
melun,pp_nav_00320,navigable,10
linqing,pp_nav_00493,navigable,11
linqing,pp_nav_00499,navigable,28
solikamsk,pp_nav_00071,navigable,57
perevitska,pp_nav_00169,navigable,38
perevitska,pp_nav_00174,navigable,42
kungur,pp_nav_00109,navigable,13
rovigo,pp_nav_00376,navigable,6
rovigo,pp_nav_00387,navigable,56
rovigo,pp_nav_00391,navigable,70
rovigo,pp_nav_00399,navigable,16
jishui,pp_nav_00615,navigable,25
jishui,pp_nav_00619,navigable,22
kholmogory,pp_nav_00014,navigable,4
kholmogory,pp_nav_00016,navigable,56
kholmogory,pp_nav_00018,navigable,93
kholmogory,pp_nav_00019,navigable,1
sansanding,pp_nav_00722,navigable,74
kremenskaya,pp_nav_00292,navigable,70
kremenskaya,pp_nav_00296,navigable,2
kremenskaya,pp_nav_00299,navigable,58
kremenskaya,pp_nav_00310,navigable,37
voikar,pp_nav_00010,navigable,45
voikar,pp_nav_00011,navigable,10
jiangxia,pp_nav_00570,navigable,53
jiangxia,pp_nav_00571,navigable,13
jiangxia,pp_nav_00579,navigable,4
azok,pp_nav_00350,navigable,52
anilco,pp_nav_00512,navigable,8
anilco,pp_nav_00516,navigable,47
anilco,pp_nav_00518,navigable,22
wels,pp_nav_00323,improvable,12
ramsis,pp_nav_00553,navigable,2
ramsis,pp_nav_00561,navigable,26
beni_suef,pp_nav_00588,navigable,7
beni_suef,pp_nav_00603,navigable,30
aswan,pp_nav_00660,navigable,26
aswan,pp_nav_00668,navigable,17
minya,pp_nav_00607,navigable,13
minya,pp_nav_00613,navigable,16
sharuna,pp_nav_00603,navigable,39
sharuna,pp_nav_00607,navigable,33
an_nil,pp_nav_00523,navigable,37
an_nil,pp_nav_00525,navigable,32
al_madar,pp_nav_00538,navigable,12
al_madar,pp_nav_00543,navigable,56
al_madar,pp_nav_00554,navigable,12
nemours,pp_nav_00320,navigable,21
xiangyang,pp_nav_00535,navigable,44
xiangyang,pp_nav_00541,navigable,2
sint_niklaas,pp_nav_00255,navigable,45
myanaung,pp_nav_00691,navigable,34
myanaung,pp_nav_00692,navigable,7
satgaon,pp_nav_00678,navigable,58
satgaon,pp_nav_00680,navigable,77
satgaon,pp_nav_00682,navigable,15
coblenz,pp_nav_00264,navigable,2
coblenz,pp_nav_00270,improvable,39
jurbarkas,pp_nav_00168,navigable,69
cologne,pp_nav_00258,navigable,22
brandenburg,pp_nav_00204,navigable,4
brandenburg,pp_nav_00208,navigable,54
brandenburg,pp_nav_00218,navigable,15
detmold,pp_nav_00220,improvable,8
bydgoszcz,pp_nav_00192,navigable,27
bydgoszcz,pp_nav_00200,navigable,3
fancheng,pp_nav_00535,navigable,33
kasimov,pp_nav_00157,navigable,4
kasimov,pp_nav_00167,navigable,58
kasimov,pp_nav_00173,navigable,70
kasimov,pp_nav_00176,navigable,54
kasimov,pp_nav_00177,navigable,4
panemune,pp_nav_00168,navigable,26
panemune,pp_nav_00170,navigable,20
ordu_bazar,pp_nav_00357,navigable,7
ordu_bazar,pp_nav_00361,navigable,20
apeldoorn,pp_nav_00222,navigable,28
veliky_ustyug,pp_nav_00037,navigable,83
veliky_ustyug,pp_nav_00051,navigable,98
veliky_ustyug,pp_nav_00054,navigable,72
nowe,pp_nav_00186,navigable,23
montblanc,pp_nav_00438,improvable,37
kotri,pp_nav_00636,navigable,16
kotri,pp_nav_00646,navigable,41
cheltenham,pp_nav_00227,navigable,8
mithankot,pp_nav_00605,navigable,20
mithankot,pp_nav_00606,navigable,3
ranikot,pp_nav_00626,navigable,26
ranikot,pp_nav_00636,navigable,32
asni,pp_nav_00635,navigable,17
asni,pp_nav_00640,navigable,17
sitpur,pp_nav_00594,navigable,45
sitpur,pp_nav_00605,navigable,25
retford,pp_nav_00187,navigable,1
retford,pp_nav_00190,navigable,17
podor,pp_nav_00700,navigable,57
podor,pp_nav_00702,navigable,3
lisino,pp_nav_00067,navigable,10
lisino,pp_nav_00070,navigable,21
galati,pp_nav_00378,navigable,23
kom_ombo,pp_nav_00660,navigable,67
tongling,pp_nav_00546,navigable,9
tongling,pp_nav_00557,navigable,25
fuyang_hangzhou,pp_nav_00586,navigable,53
fuyang_hangzhou,pp_nav_00595,navigable,6
linjiang,pp_nav_00577,navigable,58
guangji,pp_nav_00587,navigable,21
guangji,pp_nav_00597,navigable,8
windenburg,pp_nav_00160,navigable,54
musi,pp_nav_00782,navigable,57
torgau,pp_nav_00240,navigable,31
rome,pp_nav_00431,navigable,3
rome,pp_nav_00433,navigable,22
kabakama,pp_nav_00728,navigable,37
kabakama,pp_nav_00729,navigable,34
cabo_formoso,pp_nav_00760,navigable,18
cabo_formoso,pp_nav_00761,navigable,15
papyeong,pp_nav_00484,navigable,10
baronsk,pp_nav_00230,navigable,32
baronsk,pp_nav_00239,navigable,14
pantagoras,pp_nav_00756,navigable,35
montflanquin,pp_nav_00413,navigable,27
okhannoye,pp_nav_00109,navigable,39
okhannoye,pp_nav_00117,navigable,54
bordeaux,pp_nav_00393,navigable,23
bordeaux,pp_nav_00404,navigable,10
verkhnyaya_toyma,pp_nav_00031,navigable,40
verkhnyaya_toyma,pp_nav_00033,navigable,24
nizhnyaya_toyma,pp_nav_00028,navigable,16
nizhnyaya_toyma,pp_nav_00029,navigable,49
nizhnyaya_toyma,pp_nav_00031,navigable,7
arles,pp_nav_00419,improvable,17
arles,pp_nav_00429,improvable,52
ipholhhelhlhup,pp_nav_00799,navigable,31
kazimierz,pp_nav_00250,navigable,42
koryazhma,pp_nav_00035,navigable,20
koryazhma,pp_nav_00037,navigable,13
tolna,pp_nav_00352,navigable,14
tolna,pp_nav_00358,navigable,61
tolna,pp_nav_00365,navigable,6
kucevo,pp_nav_00410,navigable,6
kucevo,pp_nav_00411,navigable,51
ngasingu,pp_nav_00674,navigable,31
ngasingu,pp_nav_00681,navigable,40
brest_litowsk,pp_nav_00221,navigable,18
dukhovnitskoye,pp_nav_00207,navigable,34
dukhovnitskoye,pp_nav_00223,navigable,4
sihui,pp_nav_00671,navigable,3
sihui,pp_nav_00676,improvable,8
ndalatando,pp_nav_00790,navigable,12
dura,pp_nav_00637,navigable,32
dura,pp_nav_00645,navigable,32
xiangyin,pp_nav_00604,navigable,8
xiangyin,pp_nav_00609,navigable,60
pest,pp_nav_00337,navigable,28
bokovskaya,pp_nav_00283,navigable,17
bokovskaya,pp_nav_00285,navigable,40
guachoyo,pp_nav_00518,navigable,32
guachoyo,pp_nav_00522,navigable,55
ostrogozhsk,pp_nav_00254,navigable,13
ostrogozhsk,pp_nav_00261,navigable,38
bavaria_regen,pp_nav_00303,navigable,5
bavaria_regen,pp_nav_00311,navigable,5
petrovaradin,pp_nav_00379,navigable,7
petrovaradin,pp_nav_00386,navigable,70
petrovaradin,pp_nav_00402,navigable,14
petrovaradin,pp_nav_00403,navigable,19
stepanevka,pp_nav_00310,navigable,16
stepanevka,pp_nav_00316,navigable,22
carapachay,pp_nav_00816,navigable,9
carapachay,pp_nav_00818,navigable,18
carapachay,pp_nav_00819,navigable,20
carapachay,pp_nav_00820,navigable,70
carapachay,pp_nav_00821,navigable,84
carapachay,pp_nav_00822,navigable,19
staraya_ryazan,pp_nav_00178,navigable,9
staraya_ryazan,pp_nav_00180,navigable,43
bhagalpur,pp_nav_00650,navigable,9
bhagalpur,pp_nav_00654,navigable,31
sandan,pp_nav_00725,barrier,33
sandan,pp_nav_00732,improvable,23
scioto,pp_nav_00466,navigable,12
scioto,pp_nav_00470,navigable,15
yusva,pp_nav_00080,navigable,7
yusva,pp_nav_00086,navigable,26
qujiang,pp_nav_00659,navigable,40
tapajo,pp_nav_00773,navigable,42
tapajo,pp_nav_00778,navigable,26
tapajo,pp_nav_00779,navigable,48
straubing,pp_nav_00303,navigable,50
nikahionhwakowa,pp_nav_00407,navigable,17
piacenza,pp_nav_00388,navigable,17
piacenza,pp_nav_00389,navigable,9
kaskaskia,pp_nav_00465,navigable,4
kaskaskia,pp_nav_00473,navigable,48
kaskaskia,pp_nav_00478,navigable,17
nogoya,pp_nav_00815,navigable,4
ponkhockie,pp_nav_00430,navigable,60
ponkhockie,pp_nav_00432,navigable,13
tormosin,pp_nav_00316,navigable,11
tormosin,pp_nav_00328,navigable,23
turtas,pp_nav_00072,navigable,69
turtas,pp_nav_00075,navigable,96
turtas,pp_nav_00078,navigable,91
turtas,pp_nav_00084,navigable,40
freiburg,pp_nav_00327,navigable,11
wetwin,pp_nav_00681,navigable,13
wetwin,pp_nav_00683,navigable,13
prainha,pp_nav_00767,navigable,30
prainha,pp_nav_00770,navigable,79
prainha,pp_nav_00775,navigable,30
offenburg,pp_nav_00304,navigable,16
offenburg,pp_nav_00315,navigable,32
morkvash,pp_nav_00188,navigable,35
morkvash,pp_nav_00191,navigable,47
morkvash,pp_nav_00195,navigable,22
morkvash,pp_nav_00196,navigable,35
berezhnovka,pp_nav_00271,navigable,29
nur,pp_nav_00209,navigable,23
nur,pp_nav_00211,navigable,26
verona,pp_nav_00376,navigable,30
pereiaslav,pp_nav_00279,navigable,15
pereiaslav,pp_nav_00284,navigable,23
ukek,pp_nav_00239,navigable,11
ukek,pp_nav_00246,navigable,46
paungde,pp_nav_00691,navigable,24
paungde,pp_nav_00692,navigable,9
nagavskaya,pp_nav_00328,navigable,32
kamatapur,pp_nav_00637,navigable,4
el_burullus,pp_nav_00548,navigable,19
hiw,pp_nav_00625,navigable,8
hiw,pp_nav_00633,navigable,60
hiw,pp_nav_00634,navigable,11
hiw,pp_nav_00639,navigable,3
manfalut,pp_nav_00618,navigable,35
golere,pp_nav_00701,navigable,10
golere,pp_nav_00706,navigable,32
basra,pp_nav_00554,navigable,37
basra,pp_nav_00572,navigable,13
numaniyyah,pp_nav_00525,navigable,13
numaniyyah,pp_nav_00528,navigable,5
numaniyyah,pp_nav_00529,navigable,26
avaes,pp_nav_00802,navigable,49
avaes,pp_nav_00803,navigable,16
patoka,pp_nav_00480,navigable,38
patoka,pp_nav_00483,navigable,21
ob,pp_nav_00001,navigable,95
ob,pp_nav_00004,navigable,50
waounde,pp_nav_00711,navigable,40
benauges,pp_nav_00393,navigable,47
benauges,pp_nav_00400,navigable,7
benauges,pp_nav_00404,navigable,31
cherohenaka_nc,pp_nav_00500,navigable,14
cherohenaka_nc,pp_nav_00501,navigable,23
gabin,pp_nav_00216,navigable,32
kaniv,pp_nav_00279,navigable,65
kaniv,pp_nav_00284,navigable,12
kracheh,pp_nav_00732,improvable,28
kracheh,pp_nav_00735,navigable,3
zhijiang,pp_nav_00581,navigable,47
zhijiang,pp_nav_00582,navigable,7
baxian,pp_nav_00598,navigable,47
baxian,pp_nav_00599,navigable,17
yakovlevskoye_bolshoye,pp_nav_00111,navigable,4
tana,pp_nav_00343,navigable,17
tana,pp_nav_00350,navigable,50
rovnoye,pp_nav_00257,navigable,38
rovnoye,pp_nav_00265,navigable,49
rovnoye,pp_nav_00271,navigable,5
qingjiang,pp_nav_00612,navigable,45
kisatchie,pp_nav_00544,navigable,65
kisatchie,pp_nav_00551,navigable,47
goalpara,pp_nav_00631,navigable,51
goalpara,pp_nav_00632,navigable,5
goalpara,pp_nav_00637,navigable,15
ilovlya,pp_nav_00292,navigable,13
ilovlya,pp_nav_00299,navigable,12
enisala,pp_nav_00380,navigable,50
enisala,pp_nav_00385,navigable,5
usolye,pp_nav_00071,navigable,42
usolye,pp_nav_00080,navigable,77
wroclaw,pp_nav_00249,navigable,26
wroclaw,pp_nav_00256,navigable,22
baragram,pp_nav_00667,navigable,1
hofgeismar,pp_nav_00228,improvable,1
hofgeismar,pp_nav_00245,navigable,34
sagu,pp_nav_00687,navigable,23
sagu,pp_nav_00689,navigable,13
villars,pp_nav_00363,navigable,6
cukataw,pp_nav_00155,navigable,35
cukataw,pp_nav_00158,navigable,43
changle_fujian,pp_nav_00630,navigable,4
changle_fujian,pp_nav_00638,navigable,10
boguchar,pp_nav_00273,navigable,30
boguchar,pp_nav_00276,navigable,45
boguchar,pp_nav_00283,navigable,15
venlo,pp_nav_00244,navigable,77
venlo,pp_nav_00253,navigable,7
fischhausen,pp_nav_00160,navigable,4
ande,pp_nav_00485,navigable,48
sviyazhsk,pp_nav_00150,navigable,22
sviyazhsk,pp_nav_00154,navigable,49
sviyazhsk,pp_nav_00164,navigable,22
neustadt_an_der_haardt,pp_nav_00280,navigable,12
neustadt_an_der_haardt,pp_nav_00291,navigable,2
samastipur,pp_nav_00644,navigable,23
samastipur,pp_nav_00649,navigable,26
liege,pp_nav_00262,navigable,66
liege,pp_nav_00268,navigable,17
chindre,pp_nav_00796,navigable,6
chindre,pp_nav_00797,navigable,70
chindre,pp_nav_00798,navigable,23
kingston,pp_nav_00248,improvable,10
virkgarh,pp_nav_00547,navigable,2
shorkot,pp_nav_00573,navigable,17
ghazipur,pp_nav_00641,navigable,4
ghazipur,pp_nav_00643,navigable,47
ghazipur,pp_nav_00648,navigable,10
korra,pp_nav_00628,navigable,7
korra,pp_nav_00635,navigable,29
jaunpur,pp_nav_00648,navigable,8
moudery,pp_nav_00711,navigable,12
moudery,pp_nav_00714,navigable,8
kiokee,pp_nav_00521,navigable,42
suqian,pp_nav_00514,navigable,6
suqian,pp_nav_00517,navigable,53
wuxi,pp_nav_00542,navigable,53
hezhou_he,pp_nav_00539,navigable,25
hezhou_he,pp_nav_00546,navigable,7
dongliu,pp_nav_00568,navigable,23
dongliu,pp_nav_00583,navigable,25
drastar,pp_nav_00415,navigable,31
drastar,pp_nav_00417,navigable,11
ondaimas,pp_nav_00756,navigable,11
ondaimas,pp_nav_00758,navigable,42
privas,pp_nav_00383,navigable,18
privas,pp_nav_00408,improvable,10
wolow,pp_nav_00241,navigable,24
wolow,pp_nav_00249,navigable,48
uzes,pp_nav_00408,improvable,9
uzes,pp_nav_00419,improvable,35
stung_treng,pp_nav_00725,barrier,31
lyon,pp_nav_00363,navigable,40
lyon,pp_nav_00372,navigable,13
chastye,pp_nav_00117,navigable,26
chastye,pp_nav_00124,navigable,48
purnia,pp_nav_00650,navigable,22
khakhaly,pp_nav_00137,navigable,47
khakhaly,pp_nav_00142,navigable,29
putyatino,pp_nav_00177,navigable,20
minden,pp_nav_00203,navigable,11
minden,pp_nav_00220,improvable,54
ossabaw,pp_nav_00534,navigable,32
reading,pp_nav_00247,navigable,10
oleshia,pp_nav_00357,navigable,44
oleshia,pp_nav_00361,navigable,21
mocana,pp_nav_00739,navigable,49
kostroma,pp_nav_00107,navigable,20
kostroma,pp_nav_00111,navigable,77
kostroma,pp_nav_00114,navigable,63
hamburg,pp_nav_00189,navigable,48
koponovo,pp_nav_00177,navigable,67
koponovo,pp_nav_00180,navigable,11
koponovo,pp_nav_00183,navigable,8
magyarovar,pp_nav_00325,navigable,27
magyarovar,pp_nav_00332,navigable,16
kyyindy,pp_nav_00800,navigable,48
kyyindy,pp_nav_00801,navigable,6
caroni,pp_nav_00749,navigable,15
caroni,pp_nav_00751,navigable,60
achim,pp_nav_00197,navigable,27
achim,pp_nav_00203,navigable,1
ningjin,pp_nav_00475,navigable,5
ningjin,pp_nav_00485,navigable,28
kichkas,pp_nav_00319,improvable,10
kichkas,pp_nav_00329,improvable,35
myedu,pp_nav_00674,navigable,12
pomorye,pp_nav_00014,navigable,25
gananoque,pp_nav_00407,navigable,36
pyay,pp_nav_00690,navigable,32
pyay,pp_nav_00691,navigable,21
jinghai,pp_nav_00461,navigable,44
yunyang,pp_nav_00560,improvable,60
yunyang,pp_nav_00562,navigable,15
angers,pp_nav_00345,navigable,29
chudovo,pp_nav_00076,navigable,19
chudovo,pp_nav_00087,navigable,44
chudovo,pp_nav_00091,navigable,11
schweinitz,pp_nav_00235,navigable,1
schweinitz,pp_nav_00240,navigable,48
qashliq,pp_nav_00084,navigable,54
qashliq,pp_nav_00090,navigable,94
qashliq,pp_nav_00094,navigable,34
chai_nat,pp_nav_00713,navigable,36
towosaghy,pp_nav_00486,navigable,12
towosaghy,pp_nav_00495,navigable,15
towosaghy,pp_nav_00498,navigable,23
towosaghy,pp_nav_00502,navigable,46
salvaterra,pp_nav_00451,navigable,26
tetyushi,pp_nav_00164,navigable,20
tetyushi,pp_nav_00175,navigable,23
wied,pp_nav_00264,navigable,25
ferrara,pp_nav_00391,navigable,27
ferrara,pp_nav_00392,navigable,6
ferrara,pp_nav_00395,navigable,35
ferrara,pp_nav_00399,navigable,20
ferrara,pp_nav_00401,navigable,38
ganserndorf,pp_nav_00325,navigable,27
ganserndorf,pp_nav_00326,navigable,3
pakokku,pp_nav_00684,navigable,24
sandonnino,pp_nav_00388,navigable,13
sandonnino,pp_nav_00394,navigable,4
aslan_horod,pp_nav_00353,navigable,29
aslan_horod,pp_nav_00357,navigable,69
torres_novas,pp_nav_00451,navigable,32
yukonda,pp_nav_00053,navigable,29
yukonda,pp_nav_00061,navigable,51
yukonda,pp_nav_00065,navigable,47
yukonda,pp_nav_00072,navigable,15
mindon,pp_nav_00690,navigable,22
mindon,pp_nav_00691,navigable,15
gucheng,pp_nav_00535,navigable,10
ostrovskoye,pp_nav_00114,navigable,35
ostrovskoye,pp_nav_00115,navigable,57
siya,pp_nav_00018,navigable,1
siya,pp_nav_00019,navigable,95
siya,pp_nav_00021,navigable,70
tomakivka,pp_nav_00329,improvable,45
tomakivka,pp_nav_00340,navigable,25
amstetten,pp_nav_00323,improvable,28
amstetten,pp_nav_00324,navigable,7
freistadt,pp_nav_00323,improvable,21
wycombe,pp_nav_00247,navigable,31
legnica,pp_nav_00249,navigable,11
brass,pp_nav_00760,navigable,34
brass,pp_nav_00761,navigable,19
qichun,pp_nav_00587,navigable,24
yaguari_guazu,pp_nav_00811,navigable,20
yaguari_guazu,pp_nav_00814,navigable,50
yaguari_guazu,pp_nav_00816,navigable,41
idah,pp_nav_00752,navigable,44
idah,pp_nav_00754,navigable,50
el_mahalla,pp_nav_00548,navigable,5
qalyub,pp_nav_00563,navigable,16
qalyub,pp_nav_00576,navigable,17
qalyub,pp_nav_00588,navigable,9
el_bahnasa,pp_nav_00603,navigable,19
el_bahnasa,pp_nav_00607,navigable,35
el_balyana,pp_nav_00620,navigable,18
el_balyana,pp_nav_00625,navigable,43
saumur,pp_nav_00345,navigable,17
saumur,pp_nav_00346,improvable,48
saumur,pp_nav_00349,navigable,14
bakusaya,pp_nav_00528,navigable,27
bakusaya,pp_nav_00530,navigable,8
abadan,pp_nav_00572,navigable,25
abadan,pp_nav_00584,navigable,66
orasul_de_floci,pp_nav_00382,navigable,18
orasul_de_floci,pp_nav_00406,navigable,35
occaneechi,pp_nav_00496,navigable,26
occaneechi,pp_nav_00497,navigable,59
mechelen,pp_nav_00255,navigable,4
kitchawanc,pp_nav_00432,navigable,32
belchite,pp_nav_00435,navigable,31
belchite,pp_nav_00437,improvable,1
ayodhya,pp_nav_00717,navigable,55
ayodhya,pp_nav_00721,navigable,80
monghyr,pp_nav_00649,navigable,40
monghyr,pp_nav_00654,navigable,7
nessoneick,pp_nav_00496,navigable,32
nessoneick,pp_nav_00497,navigable,15
veesky,pp_nav_00276,navigable,2
veesky,pp_nav_00283,navigable,70
veesky,pp_nav_00285,navigable,41
wieliczka,pp_nav_00272,navigable,15
wieliczka,pp_nav_00278,navigable,31
twante,pp_nav_00694,navigable,8
lamego,pp_nav_00440,improvable,23
yidu,pp_nav_00564,navigable,15
yidu,pp_nav_00581,navigable,17
fengle,pp_nav_00541,navigable,38
fengle,pp_nav_00550,navigable,8
khoai_chau,pp_nav_00686,navigable,29
ruichang,pp_nav_00587,navigable,8
ruichang,pp_nav_00597,navigable,2
wolinak,pp_nav_00360,navigable,41
wolinak,pp_nav_00362,navigable,4
guayaquil,pp_nav_00771,navigable,5
guayaquil,pp_nav_00776,navigable,23
calli,pp_nav_00158,navigable,47
calli,pp_nav_00162,navigable,2
zutphen,pp_nav_00222,navigable,41
pitlyar,pp_nav_00009,navigable,15
pitlyar,pp_nav_00010,navigable,26
dobrzyn,pp_nav_00206,navigable,50
mahates,pp_nav_00739,navigable,1
mahates,pp_nav_00741,navigable,38
mulhouse,pp_nav_00327,navigable,28
tiel,pp_nav_00231,navigable,28
tiel,pp_nav_00232,navigable,19
tiel,pp_nav_00236,navigable,27
huarong,pp_nav_00592,navigable,8
huarong,pp_nav_00600,navigable,12
cordoba,pp_nav_00482,improvable,29
talok,pp_nav_00684,navigable,29
kadyy,pp_nav_00115,navigable,41
kadyy,pp_nav_00119,navigable,12
archar,pp_nav_00420,navigable,14
simiti,pp_nav_00746,navigable,1
simiti,pp_nav_00748,navigable,97
simiti,pp_nav_00753,navigable,74
ghotki,pp_nav_00610,navigable,30
ghotki,pp_nav_00614,navigable,21
bihar_sharif,pp_nav_00644,navigable,38
bihar_sharif,pp_nav_00649,navigable,10
buxar,pp_nav_00641,navigable,17
buxar,pp_nav_00643,navigable,47
nottingham,pp_nav_00190,navigable,6
nottingham,pp_nav_00202,navigable,17
zaragoza,pp_nav_00435,navigable,28
ancuase,pp_nav_00791,navigable,59
ancuase,pp_nav_00792,navigable,57
ancuase,pp_nav_00793,navigable,63
ancuase,pp_nav_00794,navigable,31
sehwan,pp_nav_00621,navigable,6
sehwan,pp_nav_00626,navigable,22
shankargah,pp_nav_00647,navigable,30
shankargah,pp_nav_00651,navigable,10
shankargah,pp_nav_00653,navigable,17
moro_sindh,pp_nav_00626,navigable,45
moro_sindh,pp_nav_00636,navigable,8
talwandi,pp_nav_00547,navigable,45
talwandi,pp_nav_00556,navigable,4
salde,pp_nav_00706,navigable,49
salde,pp_nav_00708,navigable,6
sine_ngayene,pp_nav_00724,navigable,27
sine_ngayene,pp_nav_00727,navigable,33
ukunzu,pp_nav_00754,navigable,47
ukunzu,pp_nav_00757,navigable,4
carmona,pp_nav_00482,improvable,4
carmona,pp_nav_00487,navigable,78
rosso,pp_nav_00702,navigable,1
rosso,pp_nav_00703,navigable,46
dantu,pp_nav_00532,improvable,46
dantu,pp_nav_00533,navigable,12
dantu,pp_nav_00537,improvable,7
dantu,pp_nav_00540,navigable,8
assereniet,pp_nav_00456,navigable,24
assereniet,pp_nav_00457,navigable,47
assereniet,pp_nav_00466,navigable,14
jiangyin,pp_nav_00540,navigable,27
fanchang,pp_nav_00546,navigable,30
wuwei,pp_nav_00546,navigable,39
wuwei,pp_nav_00557,navigable,22
wujin,pp_nav_00537,improvable,55
wujin,pp_nav_00540,navigable,5
wujin,pp_nav_00542,navigable,7
haining,pp_nav_00569,navigable,14
surgut,pp_nav_00042,navigable,48
surgut,pp_nav_00043,navigable,5
surgut,pp_nav_00044,navigable,48
surgut,pp_nav_00045,navigable,48
surgut,pp_nav_00046,navigable,25
kozmodemyansk,pp_nav_00136,navigable,54
kozmodemyansk,pp_nav_00141,navigable,4
battambang,pp_nav_00731,navigable,8
karendo,pp_nav_00813,navigable,48
karendo,pp_nav_00815,navigable,48
grudziadz,pp_nav_00186,navigable,16
dubovskoye,pp_nav_00328,navigable,18
dubovskoye,pp_nav_00338,navigable,23
ukarangma,pp_nav_00774,navigable,8
ukarangma,pp_nav_00775,navigable,49
taragui,pp_nav_00804,navigable,9
taragui,pp_nav_00805,navigable,11
taragui,pp_nav_00806,navigable,30
taragui,pp_nav_00807,navigable,36
cochem,pp_nav_00270,improvable,3
cochem,pp_nav_00274,navigable,22
kortriik,pp_nav_00260,navigable,18
astrakhan,pp_nav_00371,navigable,7
valence,pp_nav_00383,navigable,33
valence,pp_nav_00408,improvable,31
kuruaya,pp_nav_00767,navigable,37
bolotnye,pp_nav_00128,navigable,34
st_jean_dangely,pp_nav_00368,navigable,26
inju,pp_nav_00484,navigable,36
kulpi,pp_nav_00682,navigable,8
mezhutka,pp_nav_00058,improvable,11
mezhutka,pp_nav_00069,improvable,45
kampen,pp_nav_00210,improvable,30
qasba,pp_nav_00670,navigable,28
qasba,pp_nav_00672,navigable,13
louhans,pp_nav_00356,navigable,26
kondurcha,pp_nav_00191,navigable,17
vertyazin,pp_nav_00129,navigable,60
vertyazin,pp_nav_00130,navigable,34
bodrog,pp_nav_00365,navigable,52
bodrog,pp_nav_00374,navigable,4
zainsk,pp_nav_00152,navigable,37
zainsk,pp_nav_00155,navigable,18
ragnit,pp_nav_00165,navigable,40
ragnit,pp_nav_00168,navigable,3
ragnit,pp_nav_00171,navigable,28
smederevo,pp_nav_00403,navigable,10
smederevo,pp_nav_00405,navigable,9
smederevo,pp_nav_00409,navigable,9
qiaokou,pp_nav_00609,navigable,31
qiaokou,pp_nav_00611,navigable,39
batang_tabir,pp_nav_00765,navigable,52
pozega,pp_nav_00384,navigable,33
pozega,pp_nav_00390,navigable,12
jipyeong,pp_nav_00488,navigable,22
semikarakorsk,pp_nav_00341,navigable,45
semikarakorsk,pp_nav_00343,navigable,15
agen,pp_nav_00412,navigable,28
agen,pp_nav_00413,navigable,28
agen,pp_nav_00416,navigable,38
bocheikovo,pp_nav_00161,navigable,27
thanlyin,pp_nav_00694,navigable,12
kurba,pp_nav_00100,navigable,19
kurba,pp_nav_00105,navigable,21
hont,pp_nav_00334,navigable,5
nanchang,pp_nav_00608,navigable,50
zhongxiang,pp_nav_00550,navigable,20
chalninsky_pochinok,pp_nav_00146,navigable,24
chalninsky_pochinok,pp_nav_00147,navigable,49
chalninsky_pochinok,pp_nav_00152,navigable,32
sremska_mitrovica,pp_nav_00379,navigable,39
sremska_mitrovica,pp_nav_00386,navigable,12
sremska_mitrovica,pp_nav_00398,navigable,22
sremska_mitrovica,pp_nav_00402,navigable,29
obidos,pp_nav_00772,navigable,64
obidos,pp_nav_00774,navigable,9
ilambazar,pp_nav_00667,navigable,30
dharmasraya,pp_nav_00762,navigable,84
dharmasraya,pp_nav_00764,navigable,10
megion,pp_nav_00046,navigable,21
megion,pp_nav_00048,navigable,47
megion,pp_nav_00049,navigable,49
megion,pp_nav_00052,navigable,32
kowal,pp_nav_00206,navigable,17
florence,pp_nav_00424,navigable,13
florence,pp_nav_00428,navigable,12
simbirsk,pp_nav_00175,navigable,24
simbirsk,pp_nav_00179,navigable,29
prato,pp_nav_00424,navigable,30
feira,pp_nav_00440,improvable,27
wenshang,pp_nav_00503,improvable,4
wenshang,pp_nav_00507,improvable,18
jiaxing,pp_nav_00552,navigable,43
jiaxing,pp_nav_00569,navigable,15
yuryev_povolzhsk,pp_nav_00119,navigable,29
bonn,pp_nav_00258,navigable,7
bonn,pp_nav_00264,navigable,21
bree,pp_nav_00253,navigable,25
hackensack,pp_nav_00436,navigable,20
mikhaylovka_pontic,pp_nav_00330,navigable,5
mikhaylovka_pontic,pp_nav_00336,navigable,78
rohrbach,pp_nav_00317,navigable,15
rohrbach,pp_nav_00323,improvable,2
amboise,pp_nav_00339,improvable,37
kalyazin,pp_nav_00122,navigable,40
havelberg,pp_nav_00198,navigable,10
havelberg,pp_nav_00204,navigable,43
eskalapia,pp_nav_00457,navigable,4
eskalapia,pp_nav_00466,navigable,70
eskalapia,pp_nav_00470,navigable,81
eskalapia,pp_nav_00474,navigable,18
tulln,pp_nav_00321,navigable,38
tulln,pp_nav_00322,navigable,39
velyka_lepetykha,pp_nav_00340,navigable,3
velyka_lepetykha,pp_nav_00344,navigable,48
velyka_lepetykha,pp_nav_00353,navigable,1
bolshoy_yugan,pp_nav_00048,navigable,30
bolshoy_yugan,pp_nav_00049,navigable,47
bolshoy_yugan,pp_nav_00052,navigable,29
kalach,pp_nav_00276,navigable,49
calbe,pp_nav_00225,improvable,27
calbe,pp_nav_00235,navigable,9
mosbach,pp_nav_00289,navigable,38
mosbach,pp_nav_00297,navigable,8
oryahovo,pp_nav_00423,navigable,11
oryahovo,pp_nav_00425,navigable,23
wanan,pp_nav_00624,improvable,75
wanan,pp_nav_00629,improvable,16
montauban,pp_nav_00416,navigable,9
montauban,pp_nav_00418,navigable,13
cremona,pp_nav_00388,navigable,32
cremona,pp_nav_00394,navigable,10
chioggia,pp_nav_00387,navigable,16
chioggia,pp_nav_00391,navigable,13
fathabad,pp_nav_00666,navigable,18
fathabad,pp_nav_00672,navigable,44
dondo,pp_nav_00789,navigable,8
dondo,pp_nav_00790,navigable,31
menouf,pp_nav_00548,navigable,1
menouf,pp_nav_00561,navigable,31
menouf,pp_nav_00563,navigable,14
menouf,pp_nav_00576,navigable,42
ashmunayn,pp_nav_00613,navigable,32
ashmunayn,pp_nav_00618,navigable,4
esna,pp_nav_00639,navigable,81
esna,pp_nav_00652,navigable,25
el_buwit,pp_nav_00613,navigable,2
el_buwit,pp_nav_00618,navigable,47
el_buwit,pp_nav_00620,navigable,18
noyon,pp_nav_00295,navigable,20
al_tib,pp_nav_00530,navigable,40
al_tib,pp_nav_00538,navigable,39
saint_etienne,pp_nav_00372,navigable,6
opelousa,pp_nav_00545,navigable,26
opelousa,pp_nav_00551,navigable,25
opelousa,pp_nav_00555,navigable,66
opelousa,pp_nav_00566,navigable,44
yaguachi,pp_nav_00771,navigable,48
yolombo,pp_nav_00753,navigable,18
yolombo,pp_nav_00755,navigable,86
yolombo,pp_nav_00756,navigable,1
bijni,pp_nav_00631,navigable,21
tomsk,pp_nav_00113,navigable,22
tomsk,pp_nav_00120,navigable,49
tomsk,pp_nav_00128,navigable,22
pamticough,pp_nav_00500,navigable,33
shahjadpur,pp_nav_00658,navigable,44
shahjadpur,pp_nav_00666,navigable,18
novaya_pokrovka,pp_nav_00254,navigable,49
novaya_pokrovka,pp_nav_00261,navigable,66
novaya_pokrovka,pp_nav_00266,navigable,18
taungdwingyi,pp_nav_00689,navigable,19
kedainiai,pp_nav_00170,navigable,26
ulla,pp_nav_00161,navigable,71
ulla,pp_nav_00163,navigable,7
ulla,pp_nav_00166,navigable,18
arkhangelskoye_vologda,pp_nav_00077,navigable,17
phsar_dek,pp_nav_00740,navigable,34
phsar_dek,pp_nav_00742,navigable,48
phsar_dek,pp_nav_00744,navigable,18
cachamay,pp_nav_00749,navigable,10
cachamay,pp_nav_00751,navigable,25
wittenberg,pp_nav_00235,navigable,40
wittenberg,pp_nav_00240,navigable,4
bracciano,pp_nav_00431,navigable,25
bracciano,pp_nav_00433,navigable,28
myede,pp_nav_00689,navigable,24
myede,pp_nav_00690,navigable,21
savar,pp_nav_00666,navigable,20
qishui,pp_nav_00574,navigable,21
qishui,pp_nav_00587,navigable,6
nemby,pp_nav_00799,navigable,47
nemby,pp_nav_00800,navigable,9
gryfow,pp_nav_00193,navigable,57
yongxing_xingguo,pp_nav_00587,navigable,31
saucunk,pp_nav_00442,navigable,38
saucunk,pp_nav_00444,navigable,6
nograd,pp_nav_00334,navigable,18
nograd,pp_nav_00337,navigable,10
shchuchya,pp_nav_00002,navigable,50
shchuchya,pp_nav_00003,navigable,22
shchuchya,pp_nav_00004,navigable,24
shchuchya,pp_nav_00005,navigable,6
pina_de_ebro,pp_nav_00435,navigable,37
pina_de_ebro,pp_nav_00437,improvable,1
wolmirstedt,pp_nav_00213,navigable,24
wolmirstedt,pp_nav_00225,improvable,5
worms,pp_nav_00280,navigable,15
jianli,pp_nav_00592,navigable,11
jianli,pp_nav_00600,navigable,71
jianli,pp_nav_00601,navigable,13
jianli,pp_nav_00604,navigable,10
desnyanskyi_horodok,pp_nav_00269,navigable,33
sanga,pp_nav_00712,navigable,35
sanga,pp_nav_00715,navigable,86
sanga,pp_nav_00716,navigable,12
sanga,pp_nav_00718,navigable,22
sanga,pp_nav_00719,navigable,40
korientze,pp_nav_00710,navigable,33
korientze,pp_nav_00712,navigable,56
kiskiack,pp_nav_00490,barrier,4
danilov,pp_nav_00107,navigable,22
vu_ninh,pp_nav_00686,navigable,2
tondibi,pp_nav_00696,navigable,15
tondibi,pp_nav_00699,navigable,44
montmorency,pp_nav_00301,navigable,38
montmorency,pp_nav_00307,navigable,14
montmorency,pp_nav_00308,navigable,30
houguan,pp_nav_00630,navigable,72
rongcheng,pp_nav_00675,navigable,9
harburg,pp_nav_00189,navigable,20
laribandar,pp_nav_00657,navigable,15
laribandar,pp_nav_00662,navigable,56
sonepur_bihar,pp_nav_00642,navigable,34
chitrakuta,pp_nav_00640,navigable,11
chitrakuta,pp_nav_00651,navigable,35
banda,pp_nav_00635,navigable,5
banda,pp_nav_00640,navigable,36
gloucester,pp_nav_00227,navigable,57
aror,pp_nav_00605,navigable,7
aror,pp_nav_00606,navigable,56
aror,pp_nav_00610,navigable,20
sonda,pp_nav_00646,navigable,19
sonda,pp_nav_00657,navigable,17
patna,pp_nav_00642,navigable,45
patna,pp_nav_00644,navigable,16
lahore,pp_nav_00547,navigable,31
multan,pp_nav_00573,navigable,12
multan,pp_nav_00580,navigable,47
multan,pp_nav_00594,navigable,5
newcastle,pp_nav_00172,navigable,9
lokoja,pp_nav_00752,navigable,55
onitsha,pp_nav_00757,navigable,8
sioure,pp_nav_00701,navigable,40
wassu,pp_nav_00724,navigable,47
wassu,pp_nav_00728,navigable,57
bakel,pp_nav_00714,navigable,86
safare,pp_nav_00707,navigable,32
safare,pp_nav_00710,navigable,48
zaostrovskoye,pp_nav_00025,navigable,38
zaostrovskoye,pp_nav_00028,navigable,41
yangzi,pp_nav_00533,navigable,14
wuhu,pp_nav_00546,navigable,16
dangtu,pp_nav_00539,navigable,29
dangtu,pp_nav_00546,navigable,2
hangzhou,pp_nav_00569,navigable,32
hangzhou,pp_nav_00586,navigable,18
mitchigamea,pp_nav_00483,navigable,32
mitchigamea,pp_nav_00486,navigable,15
mitchigamea,pp_nav_00489,navigable,51
mitchigamea,pp_nav_00494,navigable,57
mitchigamea,pp_nav_00495,navigable,25
henley,pp_nav_00247,navigable,25
teltow,pp_nav_00217,navigable,39
uyapari,pp_nav_00747,navigable,43
uyapari,pp_nav_00749,navigable,65
uftyuga,pp_nav_00033,navigable,25
uftyuga,pp_nav_00035,navigable,27
katihar,pp_nav_00650,navigable,8
katihar,pp_nav_00655,navigable,24
bolshoy_balyk,pp_nav_00042,navigable,50
bolshoy_balyk,pp_nav_00043,navigable,12
bolshoy_balyk,pp_nav_00044,navigable,50
bolshoy_balyk,pp_nav_00045,navigable,50
bolshoy_balyk,pp_nav_00046,navigable,50
bolshoy_balyk,pp_nav_00048,navigable,21
cherdyn,pp_nav_00071,navigable,4
chungju,pp_nav_00492,navigable,36
icheon,pp_nav_00488,navigable,12
icheon,pp_nav_00492,navigable,38
pokrovsk,pp_nav_00239,navigable,36
pokrovsk,pp_nav_00246,navigable,50
pokrovsk,pp_nav_00257,navigable,14
agaes,pp_nav_00801,navigable,49
agaes,pp_nav_00802,navigable,7
urucurituba,pp_nav_00778,navigable,38
urucurituba,pp_nav_00781,navigable,49
azeevo,pp_nav_00167,navigable,31
ripon,pp_nav_00184,improvable,4
bolkhuny,pp_nav_00318,navigable,40
bolkhuny,pp_nav_00330,navigable,85
khvorostyanka,pp_nav_00195,navigable,56
khvorostyanka,pp_nav_00196,navigable,4
khvorostyanka,pp_nav_00199,navigable,47
khvorostyanka,pp_nav_00207,navigable,14
drohiczyn,pp_nav_00211,navigable,37
drohiczyn,pp_nav_00221,navigable,8
caspe,pp_nav_00437,improvable,57
mie,pp_nav_00509,navigable,10
gniew,pp_nav_00182,navigable,10
gniew,pp_nav_00186,navigable,10
gyor,pp_nav_00332,navigable,48
polotsk,pp_nav_00156,navigable,19
polotsk,pp_nav_00161,navigable,2
passau,pp_nav_00311,navigable,29
pinya,pp_nav_00683,navigable,42
pinya,pp_nav_00684,navigable,10
manaos,pp_nav_00785,navigable,60
shunde,pp_nav_00679,navigable,27
mihalt,pp_nav_00410,navigable,31
mihalt,pp_nav_00411,navigable,8
ruse,pp_nav_00417,navigable,4
ruse,pp_nav_00422,navigable,31
beljamen,pp_nav_00294,navigable,47
beljamen,pp_nav_00299,navigable,27
beljamen,pp_nav_00309,navigable,2
viziru,pp_nav_00382,navigable,49
tharrawaddy,pp_nav_00692,navigable,83
tharrawaddy,pp_nav_00693,navigable,36
hajipur,pp_nav_00642,navigable,15
hajipur,pp_nav_00644,navigable,27
doetinchem,pp_nav_00233,navigable,16
tuma,pp_nav_00173,navigable,30
tuma,pp_nav_00177,navigable,2
goleniow,pp_nav_00193,navigable,12
passavant,pp_nav_00345,navigable,27
samara,pp_nav_00191,navigable,33
samara,pp_nav_00196,navigable,31
murom,pp_nav_00148,navigable,54
murom,pp_nav_00157,navigable,14
mairi,pp_nav_00768,navigable,24
teliagarhi,pp_nav_00650,navigable,41
teliagarhi,pp_nav_00655,navigable,11
cuijk,pp_nav_00236,navigable,33
cuijk,pp_nav_00244,navigable,24
muara_bahan,pp_nav_00780,navigable,39
muara_bahan,pp_nav_00784,navigable,15
bo_hai_khau,pp_nav_00686,navigable,10
bo_hai_khau,pp_nav_00688,navigable,29
salin,pp_nav_00685,navigable,10
salin,pp_nav_00687,navigable,24
plenita,pp_nav_00410,navigable,11
plenita,pp_nav_00414,navigable,25
glaz,pp_nav_00384,navigable,21
glaz,pp_nav_00390,navigable,17
mechet,pp_nav_00299,navigable,26
mechet,pp_nav_00309,navigable,12
mechet,pp_nav_00310,navigable,31
samanoud,pp_nav_00549,navigable,23
samanoud,pp_nav_00563,navigable,38
edfu,pp_nav_00652,navigable,54
edfu,pp_nav_00660,navigable,5
kharibta,pp_nav_00561,navigable,6
sauveterre_de_guyenne,pp_nav_00400,navigable,18
sauveterre_de_guyenne,pp_nav_00404,navigable,16
orleans,pp_nav_00333,navigable,31
wasit,pp_nav_00528,navigable,42
wasit,pp_nav_00530,navigable,48
wasit,pp_nav_00538,navigable,25
zuwayr,pp_nav_00572,navigable,19
waqua,pp_nav_00500,navigable,22
waqua,pp_nav_00501,navigable,1
kaltysyany,pp_nav_00022,navigable,33
kaltysyany,pp_nav_00024,navigable,22
verdun_sur_garonne,pp_nav_00421,improvable,50
pancevo,pp_nav_00386,navigable,22
pancevo,pp_nav_00403,navigable,38
pancevo,pp_nav_00409,navigable,2
yutai,pp_nav_00510,navigable,11
oheyandewa,pp_nav_00456,navigable,24
oheyandewa,pp_nav_00464,navigable,53
oheyandewa,pp_nav_00469,improvable,56
oheyandewa,pp_nav_00476,improvable,7
fengchuan,pp_nav_00675,navigable,37
wuntho,pp_nav_00669,navigable,5
wuntho,pp_nav_00674,navigable,14
norosi,pp_nav_00745,navigable,24
norosi,pp_nav_00746,navigable,43
norosi,pp_nav_00748,navigable,1
hochelaga,pp_nav_00366,improvable,15
hochelaga,pp_nav_00375,improvable,14
vitebsk,pp_nav_00163,navigable,68
stadacona,pp_nav_00355,navigable,25
dordrecht,pp_nav_00231,navigable,39
dordrecht,pp_nav_00234,navigable,24
ust_vayenga,pp_nav_00021,navigable,26
ust_vayenga,pp_nav_00023,navigable,78
uatuma,pp_nav_00778,navigable,24
uatuma,pp_nav_00781,navigable,23
catahoula,pp_nav_00536,navigable,66
catahoula,pp_nav_00545,navigable,60
catahoula,pp_nav_00551,navigable,11
pont_audemer,pp_nav_00287,navigable,51
pont_audemer,pp_nav_00288,improvable,38
pont_audemer,pp_nav_00293,navigable,9
toniato,pp_nav_00397,improvable,35
toniato,pp_nav_00407,navigable,9
daugavpils,pp_nav_00134,navigable,25
daugavpils,pp_nav_00145,navigable,53
daugavpils,pp_nav_00149,navigable,16
qom_caia,pp_nav_00808,navigable,6
qom_caia,pp_nav_00809,navigable,98
qom_caia,pp_nav_00812,navigable,98
qom_caia,pp_nav_00813,navigable,44
konski_vody,pp_nav_00329,improvable,8
mykytyn_rih,pp_nav_00340,navigable,23
mykytyn_rih,pp_nav_00344,navigable,9
zazhimchar,pp_nav_00011,navigable,45
zazhimchar,pp_nav_00012,navigable,94
zazhimchar,pp_nav_00015,navigable,42
kaniatarahontsi,pp_nav_00397,improvable,41
kaniatarahontsi,pp_nav_00407,navigable,30
manhattan,pp_nav_00436,navigable,22
kamach,pp_nav_00739,navigable,48
kamach,pp_nav_00741,navigable,13
bogra,pp_nav_00658,navigable,5
enzhou,pp_nav_00493,navigable,24
husaynabad,pp_nav_00678,navigable,32
husaynabad,pp_nav_00682,navigable,5
arkhangelsk,pp_nav_00013,navigable,38
arkhangelsk,pp_nav_00014,navigable,69
arkhangelsk,pp_nav_00016,navigable,38
pologoye_zaymishche,pp_nav_00314,navigable,45
pologoye_zaymishche,pp_nav_00318,navigable,58
obion,pp_nav_00498,navigable,20
obion,pp_nav_00502,navigable,49
kunovat,pp_nav_00010,navigable,24
kunovat,pp_nav_00011,navigable,41
anacostia,pp_nav_00460,navigable,31
fuzhou_sichuan,pp_nav_00590,navigable,51
fuzhou_sichuan,pp_nav_00599,navigable,49
chandwar,pp_nav_00622,navigable,40
toulouse,pp_nav_00421,improvable,18
newark,pp_nav_00190,navigable,63
jalalpur_pirwala,pp_nav_00594,navigable,42
sukkur,pp_nav_00614,navigable,17
sukkur,pp_nav_00616,navigable,47
sukkur,pp_nav_00617,navigable,5
paat,pp_nav_00621,navigable,45
angkor,pp_nav_00731,navigable,6
tulcea,pp_nav_00380,navigable,31
tulcea,pp_nav_00385,navigable,35
tortosa,pp_nav_00438,improvable,42
tortosa,pp_nav_00441,navigable,44
jiangdu,pp_nav_00526,improvable,71
jiangdu,pp_nav_00532,improvable,36
jiangdu,pp_nav_00533,navigable,13
qinghe_huaian,pp_nav_00519,improvable,48
wujiang,pp_nav_00552,navigable,42
susong,pp_nav_00583,navigable,15
susong,pp_nav_00596,navigable,34
chongde,pp_nav_00569,navigable,36
tonglu,pp_nav_00586,navigable,1
tonglu,pp_nav_00595,navigable,36
maues,pp_nav_00785,navigable,29
maues,pp_nav_00787,navigable,14
dakahla,pp_nav_00549,navigable,18
powhatan,pp_nav_00490,barrier,25
ituzaingo,pp_nav_00821,navigable,5
ituzaingo,pp_nav_00822,navigable,9
hajo,pp_nav_00632,navigable,24
vidin,pp_nav_00414,navigable,37
vidin,pp_nav_00420,navigable,35
kodak,pp_nav_00313,improvable,65
kodak,pp_nav_00319,improvable,68
kodak,pp_nav_00329,improvable,8
orte,pp_nav_00431,navigable,27
goly_karamysh,pp_nav_00246,navigable,7
goly_karamysh,pp_nav_00257,navigable,46
goly_karamysh,pp_nav_00265,navigable,26
nakhon_sawan,pp_nav_00709,navigable,31
menzelinsk,pp_nav_00146,navigable,15
tacshic,pp_nav_00799,navigable,17
tacshic,pp_nav_00800,navigable,48
tacshic,pp_nav_00801,navigable,27
odintsovo,pp_nav_00153,navigable,24
jinkou,pp_nav_00579,navigable,21
preah_ko,pp_nav_00725,barrier,16
tappan,pp_nav_00432,navigable,6
tappan,pp_nav_00436,navigable,45
corbeil,pp_nav_00301,navigable,21
corbeil,pp_nav_00307,navigable,3
corbeil,pp_nav_00312,navigable,20
debrc,pp_nav_00402,navigable,27
sonargaon,pp_nav_00670,navigable,47
kalocsa,pp_nav_00358,navigable,18
lanagashec,pp_nav_00801,navigable,15
lanagashec,pp_nav_00802,navigable,46
lanagashec,pp_nav_00803,navigable,43
gutian,pp_nav_00627,improvable,17
esquatak,pp_nav_00430,navigable,19
batang_tembesi,pp_nav_00765,navigable,18
batang_tembesi,pp_nav_00766,navigable,21
batang_tembesi,pp_nav_00769,navigable,66
sogra,pp_nav_00023,navigable,14
sogra,pp_nav_00025,navigable,59
sogra,pp_nav_00028,navigable,32
belin,pp_nav_00404,navigable,19
soltsy_kirishi,pp_nav_00069,improvable,1
soltsy_kirishi,pp_nav_00076,navigable,42
mepenes,pp_nav_00803,navigable,45
mepenes,pp_nav_00804,navigable,41
nadia,pp_nav_00667,navigable,21
nadia,pp_nav_00673,navigable,67
qompi,pp_nav_00804,navigable,6
qompi,pp_nav_00805,navigable,83
qompi,pp_nav_00806,navigable,66
surubiu,pp_nav_00774,navigable,43
luanda,pp_nav_00788,navigable,36
magway,pp_nav_00687,navigable,22
magway,pp_nav_00689,navigable,7
muxima,pp_nav_00789,navigable,33
auxerre,pp_nav_00331,navigable,4
warsaw,pp_nav_00215,navigable,31
warsaw,pp_nav_00219,navigable,47
warsaw,pp_nav_00224,navigable,37
mbegua,pp_nav_00815,navigable,1
mbegua,pp_nav_00817,navigable,57
mbegua,pp_nav_00818,navigable,70
mbegua,pp_nav_00819,navigable,6
shipai,pp_nav_00550,navigable,50
guanipa,pp_nav_00749,navigable,8
fengcheng_fengcheng,pp_nav_00608,navigable,9
fengcheng_fengcheng,pp_nav_00612,navigable,45
one,pp_nav_00741,navigable,8
one,pp_nav_00743,navigable,20
parma,pp_nav_00394,navigable,27
tupulicus,pp_nav_00774,navigable,36
shouzhang,pp_nav_00503,improvable,34
shouzhang,pp_nav_00507,improvable,6
tengxian,pp_nav_00510,navigable,5
prasat_andet,pp_nav_00733,navigable,23
prasat_andet,pp_nav_00734,navigable,14
stettin,pp_nav_00193,navigable,6
usivka,pp_nav_00300,navigable,60
usivka,pp_nav_00306,navigable,59
sulechow,pp_nav_00226,navigable,5
sulechow,pp_nav_00229,navigable,23
zigui,pp_nav_00559,improvable,66
muara_sabak,pp_nav_00763,navigable,48
zerbst,pp_nav_00225,improvable,8
zerbst,pp_nav_00235,navigable,51
rencheng,pp_nav_00507,improvable,50
korsun,pp_nav_00284,navigable,18
holzminden,pp_nav_00228,improvable,29
sevilla,pp_nav_00487,navigable,8
sevilla,pp_nav_00491,improvable,23
votkings,pp_nav_00124,navigable,17
votkings,pp_nav_00126,navigable,65
palma_del_rio,pp_nav_00482,improvable,61
hanchuan,pp_nav_00571,navigable,61
hanchuan,pp_nav_00578,navigable,1
bruchsal,pp_nav_00291,navigable,11
mahicannituck,pp_nav_00430,navigable,16
dresden,pp_nav_00252,navigable,18
este,pp_nav_00376,navigable,8
este,pp_nav_00387,navigable,21
stade,pp_nav_00189,navigable,5
shigony,pp_nav_00185,navigable,19
shigony,pp_nav_00188,navigable,19
shigony,pp_nav_00195,navigable,26
shigony,pp_nav_00199,navigable,12
tupinambarana,pp_nav_00778,navigable,12
tupinambarana,pp_nav_00779,navigable,52
romanov,pp_nav_00100,navigable,13
romanov,pp_nav_00105,navigable,25
quizquiz,pp_nav_00511,navigable,45
stavropol_na_volge,pp_nav_00185,navigable,24
stavropol_na_volge,pp_nav_00188,navigable,48
stavropol_na_volge,pp_nav_00191,navigable,7
chertkovo,pp_nav_00283,navigable,17
tancarville,pp_nav_00287,navigable,31
tancarville,pp_nav_00293,navigable,5
asyut,pp_nav_00618,navigable,10
asyut,pp_nav_00620,navigable,31
fuwa,pp_nav_00548,navigable,32
tahna,pp_nav_00607,navigable,16
tahna,pp_nav_00613,navigable,50
bhadohi,pp_nav_00647,navigable,36
bhadohi,pp_nav_00653,navigable,23
gorodets,pp_nav_00119,navigable,14
gorodets,pp_nav_00127,navigable,46
calumbo,pp_nav_00788,navigable,50
calumbo,pp_nav_00789,navigable,11
dobryanka,pp_nav_00080,navigable,8
dobryanka,pp_nav_00086,navigable,55
dobryanka,pp_nav_00093,navigable,51
dobryanka,pp_nav_00096,navigable,29
muhammerah,pp_nav_00554,navigable,32
muhammerah,pp_nav_00572,navigable,37
kwidzyn,pp_nav_00186,navigable,20
shackamaxon,pp_nav_00445,navigable,45
reni,pp_nav_00378,navigable,27
reni,pp_nav_00380,navigable,17
munduruku,pp_nav_00786,navigable,42
munduruku,pp_nav_00787,navigable,49
vologda,pp_nav_00077,navigable,23
vologda,pp_nav_00082,navigable,52
horodyshche,pp_nav_00300,navigable,25
kahwenoke,pp_nav_00381,improvable,30
kahwenoke,pp_nav_00397,improvable,14
molchanovo,pp_nav_00108,navigable,67
molchanovo,pp_nav_00113,navigable,41
limbourg,pp_nav_00262,navigable,17
ambaca,pp_nav_00788,navigable,12
ambaca,pp_nav_00789,navigable,48
ambaca,pp_nav_00790,navigable,16
lectoure,pp_nav_00412,navigable,3
lectoure,pp_nav_00416,navigable,45
jiaxiang,pp_nav_00507,improvable,26
song_khwae,pp_nav_00705,navigable,15
neuss,pp_nav_00251,navigable,28
neuss,pp_nav_00258,navigable,2
borgloon,pp_nav_00253,navigable,7
borgloon,pp_nav_00262,navigable,12
yanggu_yanzhou,pp_nav_00499,navigable,3
yanggu_yanzhou,pp_nav_00503,improvable,18
yelabuga,pp_nav_00147,navigable,34
yelabuga,pp_nav_00152,navigable,48
yelabuga,pp_nav_00155,navigable,5
gruzino,pp_nav_00076,navigable,7
gruzino,pp_nav_00087,navigable,49
kolpashevo,pp_nav_00092,navigable,76
kolpashevo,pp_nav_00095,navigable,97
kolpashevo,pp_nav_00097,navigable,98
kolpashevo,pp_nav_00098,navigable,75
kolpashevo,pp_nav_00108,navigable,31
vezhakary,pp_nav_00020,navigable,13
vezhakary,pp_nav_00022,navigable,50
vezhakary,pp_nav_00024,navigable,15
cheboksary,pp_nav_00141,navigable,90
babahuyu,pp_nav_00771,navigable,6
stendal,pp_nav_00204,navigable,20
stendal,pp_nav_00213,navigable,22
kuttawa,pp_nav_00483,navigable,63
kuttawa,pp_nav_00489,navigable,48
rajmahal,pp_nav_00655,navigable,36
phraek,pp_nav_00709,navigable,4
phraek,pp_nav_00713,navigable,32
panyu,pp_nav_00679,navigable,4
mompoj,pp_nav_00743,navigable,49
mompoj,pp_nav_00745,navigable,74
mompoj,pp_nav_00746,navigable,16
osijek,pp_nav_00374,navigable,9
melnikovo,pp_nav_00113,navigable,29
melnikovo,pp_nav_00120,navigable,47
melnikovo,pp_nav_00128,navigable,4
kemoimenahan,pp_nav_00366,improvable,36
kemoimenahan,pp_nav_00375,improvable,29
xingan_linjiang,pp_nav_00612,navigable,9
xingan_linjiang,pp_nav_00615,navigable,69
tereshka,pp_nav_00230,navigable,28
tereshka,pp_nav_00239,navigable,39
wihlink,pp_nav_00442,navigable,14
wihlink,pp_nav_00443,navigable,58
wihlink,pp_nav_00446,navigable,64
ahkwesasne_ny,pp_nav_00381,improvable,18
ahkwesasne_ny,pp_nav_00397,improvable,6
tunica,pp_nav_00522,navigable,39
tunica,pp_nav_00527,navigable,65
beryozovo,pp_nav_00015,navigable,53
beryozovo,pp_nav_00017,navigable,91
beryozovo,pp_nav_00020,navigable,1
hoveyzeh,pp_nav_00554,navigable,4
tobolsk,pp_nav_00094,navigable,56
tobolsk,pp_nav_00102,navigable,95
tobolsk,pp_nav_00104,navigable,89
tobolsk,pp_nav_00106,navigable,35
tobolsk,pp_nav_00110,navigable,22
constantina,pp_nav_00482,improvable,10
constantina,pp_nav_00487,navigable,4
monocacy,pp_nav_00460,navigable,7
kizel,pp_nav_00071,navigable,1
kizel,pp_nav_00080,navigable,8
xiajin,pp_nav_00493,navigable,52
shuryshkar,pp_nav_00003,navigable,18
shuryshkar,pp_nav_00007,navigable,48
shuryshkar,pp_nav_00009,navigable,8
chichawatni,pp_nav_00556,navigable,12
chichawatni,pp_nav_00565,navigable,35
harrow,pp_nav_00247,navigable,4
harrow,pp_nav_00248,improvable,27
dubbi,pp_nav_00616,navigable,56
dubbi,pp_nav_00617,navigable,40
london,pp_nav_00248,improvable,31
neva,pp_nav_00070,navigable,57
koknese,pp_nav_00125,navigable,14
koknese,pp_nav_00131,improvable,23
koknese,pp_nav_00133,improvable,29
kraslava,pp_nav_00134,navigable,5
kraslava,pp_nav_00145,navigable,51
kraslava,pp_nav_00149,navigable,30
shanyang_huaian,pp_nav_00519,improvable,38
shanyang_huaian,pp_nav_00520,navigable,5
wangjiang,pp_nav_00568,navigable,4
wangjiang,pp_nav_00583,navigable,50
zoe,pp_nav_00772,navigable,8
zoe,pp_nav_00773,navigable,7
quigate,pp_nav_00511,navigable,7
quigate,pp_nav_00512,navigable,37
semidesyatnoye,pp_nav_00238,navigable,23
semidesyatnoye,pp_nav_00254,navigable,38
lalek_cotaa,pp_nav_00815,navigable,56
lalek_cotaa,pp_nav_00817,navigable,43
cherven,pp_nav_00422,navigable,20
cherven,pp_nav_00427,navigable,7
vienna,pp_nav_00322,navigable,27
moscow,pp_nav_00153,navigable,40
kazari,pp_nav_00174,navigable,7
kazari,pp_nav_00178,navigable,52
kazari,pp_nav_00180,navigable,35
markovo,pp_nav_00067,navigable,29
zongyang,pp_nav_00557,navigable,28
zongyang,pp_nav_00568,navigable,12
ilok,pp_nav_00374,navigable,3
ilok,pp_nav_00379,navigable,23
ilok,pp_nav_00396,navigable,29
ilok,pp_nav_00398,navigable,32
angouleme,pp_nav_00369,navigable,42
xinyi,pp_nav_00514,navigable,12
bergerac,pp_nav_00400,navigable,32
durjaya,pp_nav_00632,navigable,6
juris,pp_nav_00781,navigable,36
juris,pp_nav_00786,navigable,58
gradiski_brod,pp_nav_00377,navigable,18
gradiski_brod,pp_nav_00384,navigable,29
zagreb,pp_nav_00370,navigable,19
donge,pp_nav_00503,improvable,34
zimnyatsky,pp_nav_00286,navigable,52
zimnyatsky,pp_nav_00292,navigable,19
zimnyatsky,pp_nav_00296,navigable,22
nakaigetergehe,pp_nav_00806,navigable,2
nakaigetergehe,pp_nav_00807,navigable,6
nanpi,pp_nav_00475,navigable,26
zwolen,pp_nav_00237,navigable,18
zwolen,pp_nav_00250,navigable,47
fraga,pp_nav_00437,improvable,36
yurginskoye,pp_nav_00110,navigable,44
yurginskoye,pp_nav_00118,navigable,65
zarate,pp_nav_00741,navigable,35
zarate,pp_nav_00743,navigable,29
pisa,pp_nav_00426,navigable,40
calcasieu,pp_nav_00544,navigable,30
rossosh,pp_nav_00261,navigable,8
rossosh,pp_nav_00266,navigable,47
rossosh,pp_nav_00273,navigable,17
huichuan,pp_nav_00461,navigable,36
huichuan,pp_nav_00475,navigable,4
jerichow,pp_nav_00204,navigable,30
jerichow,pp_nav_00208,navigable,36
jerichow,pp_nav_00213,navigable,29
wuqiao,pp_nav_00485,navigable,8
kuchugur,pp_nav_00329,improvable,9
kuchugur,pp_nav_00340,navigable,45
chateaubriant,pp_nav_00345,navigable,2
chateaubriant,pp_nav_00347,navigable,24
yendyr,pp_nav_00032,navigable,41
yendyr,pp_nav_00034,navigable,98
yendyr,pp_nav_00036,navigable,95
yendyr,pp_nav_00038,navigable,42
yendyr,pp_nav_00047,navigable,60
cherkasy,pp_nav_00284,navigable,21
cherkasy,pp_nav_00290,navigable,48
cherkasy,pp_nav_00300,navigable,19
heidelberg,pp_nav_00280,navigable,6
heidelberg,pp_nav_00289,navigable,52
heidelberg,pp_nav_00291,navigable,26
melk,pp_nav_00321,navigable,35
melk,pp_nav_00324,navigable,8
gdansk,pp_nav_00181,navigable,13
gdansk,pp_nav_00182,navigable,28
wuchang,pp_nav_00570,navigable,5
wuchang,pp_nav_00574,navigable,45
bronnitsy,pp_nav_00153,navigable,40
bronnitsy,pp_nav_00159,navigable,41
braslaw,pp_nav_00149,navigable,29
legnago,pp_nav_00376,navigable,60
qingchi,pp_nav_00461,navigable,4
qingchi,pp_nav_00475,navigable,42
wanzhou,pp_nav_00562,navigable,79
wanzhou,pp_nav_00577,navigable,15
dongguang,pp_nav_00475,navigable,24
dongguang,pp_nav_00485,navigable,3
adony,pp_nav_00352,navigable,31
tours,pp_nav_00339,improvable,27
tours,pp_nav_00346,improvable,34
alexandria,pp_nav_00553,navigable,27
cairo,pp_nav_00588,navigable,13
akhmim,pp_nav_00620,navigable,31
akhmim,pp_nav_00625,navigable,32
joigny,pp_nav_00320,navigable,7
joigny,pp_nav_00331,navigable,32
la_rochelle,pp_nav_00367,navigable,4
qollaxalec,pp_nav_00803,navigable,9
qollaxalec,pp_nav_00804,navigable,42
saygatsky,pp_nav_00126,navigable,16
saygatsky,pp_nav_00132,navigable,50
saygatsky,pp_nav_00139,navigable,8
kharom_vosh,pp_nav_00030,navigable,6
kharom_vosh,pp_nav_00032,navigable,29
louviers,pp_nav_00288,improvable,27
louviers,pp_nav_00298,improvable,25
tavan,pp_nav_00353,navigable,40
sra_luang,pp_nav_00705,navigable,16
kazan,pp_nav_00150,navigable,14
kazan,pp_nav_00154,navigable,55
kazan,pp_nav_00162,navigable,1
kazan,pp_nav_00164,navigable,14
kimra,pp_nav_00122,navigable,19
kimra,pp_nav_00130,navigable,31
benfeld,pp_nav_00315,navigable,23
benfeld,pp_nav_00327,navigable,1
bardak,pp_nav_00030,navigable,50
bardak,pp_nav_00032,navigable,28
xinjian,pp_nav_00602,navigable,28
xinjian,pp_nav_00608,navigable,47
zenzevatka,pp_nav_00281,navigable,32
zenzevatka,pp_nav_00294,navigable,3
ducheng,pp_nav_00675,navigable,25
ducheng,pp_nav_00677,improvable,6
irtysh,pp_nav_00038,navigable,56
irtysh,pp_nav_00039,navigable,98
irtysh,pp_nav_00040,navigable,96
irtysh,pp_nav_00041,navigable,62
irtysh,pp_nav_00043,navigable,53
irtysh,pp_nav_00047,navigable,36
irtysh,pp_nav_00050,navigable,92
irtysh,pp_nav_00053,navigable,65
irtysh,pp_nav_00061,navigable,46
irtysh,pp_nav_00065,navigable,47
irtysh,pp_nav_00072,navigable,14
antwerp,pp_nav_00255,navigable,16
pacaha,pp_nav_00508,navigable,37
pacaha,pp_nav_00511,navigable,41
jiayu,pp_nav_00579,navigable,16
jiayu,pp_nav_00589,navigable,4
takawng,pp_nav_00669,navigable,39
takawng,pp_nav_00674,navigable,24
vasilyeva_sloboda,pp_nav_00119,navigable,19
vasilyeva_sloboda,pp_nav_00127,navigable,39
ghent,pp_nav_00255,navigable,4
ghent,pp_nav_00260,navigable,23
obdorsk,pp_nav_00002,navigable,50
obdorsk,pp_nav_00003,navigable,51
obdorsk,pp_nav_00004,navigable,22
obdorsk,pp_nav_00005,navigable,8
obdorsk,pp_nav_00006,navigable,98
obdorsk,pp_nav_00007,navigable,50
obdorsk,pp_nav_00008,navigable,39
obdorsk,pp_nav_00009,navigable,4
thai_binh,pp_nav_00686,navigable,28
kozuchow,pp_nav_00229,navigable,23
kozuchow,pp_nav_00241,navigable,15
bikrampur,pp_nav_00666,navigable,26
bikrampur,pp_nav_00670,navigable,18
bikrampur,pp_nav_00672,navigable,44
poughkeepsie,pp_nav_00432,navigable,29
pairindi,pp_nav_00811,navigable,19
kehaukee,pp_nav_00501,navigable,48
kehaukee,pp_nav_00504,navigable,30
timbu,pp_nav_00818,navigable,7
timbu,pp_nav_00820,navigable,27
kasevo,pp_nav_00139,navigable,42
kasevo,pp_nav_00146,navigable,19
kunow,pp_nav_00250,navigable,3
kunow,pp_nav_00259,navigable,15
orinucu,pp_nav_00747,navigable,45
orinucu,pp_nav_00750,navigable,61
itihumma,pp_nav_00555,navigable,32
itihumma,pp_nav_00566,navigable,50
itihumma,pp_nav_00585,navigable,18
captina,pp_nav_00443,navigable,51
captina,pp_nav_00446,navigable,14
patawomeck,pp_nav_00467,navigable,4
xingzi,pp_nav_00602,navigable,4
daule,pp_nav_00771,navigable,6
changsha,pp_nav_00611,navigable,23
or_keo,pp_nav_00740,navigable,29
or_keo,pp_nav_00742,navigable,20
huangpi,pp_nav_00570,navigable,11
minxian,pp_nav_00630,navigable,19
minxian,pp_nav_00638,navigable,13
kikonteku,pp_nav_00355,navigable,24
batang_tebo,pp_nav_00764,navigable,13
batang_tebo,pp_nav_00765,navigable,20
banua_lawas,pp_nav_00780,navigable,1
plock,pp_nav_00206,navigable,2
plock,pp_nav_00216,navigable,40
potsdam,pp_nav_00217,navigable,23
potsdam,pp_nav_00218,navigable,13
kafr_saqr,pp_nav_00563,navigable,25
xucheng,pp_nav_00503,improvable,11
allegheny,pp_nav_00442,navigable,37
allegheny,pp_nav_00444,navigable,15
yiling,pp_nav_00559,improvable,8
yiling,pp_nav_00564,navigable,70
katha,pp_nav_00664,navigable,28
kamalia,pp_nav_00565,navigable,48
kamalia,pp_nav_00573,navigable,6
kamalia,pp_nav_00575,navigable,7
rohri,pp_nav_00614,navigable,27
rohri,pp_nav_00616,navigable,14
zwolle,pp_nav_00210,improvable,42
selby,pp_nav_00184,improvable,35
selby,pp_nav_00187,navigable,14
brussels,pp_nav_00255,navigable,34
